ISO-10303-21;
HEADER;
FILE_DESCRIPTION(('Open CASCADE Model'),'2;1');
FILE_NAME('Open CASCADE Shape Model','2026-09-23T17:35:11',('Author'),(
    'Open CASCADE'),'Open CASCADE STEP processor 8.0','build123d',
  'Unknown');
FILE_SCHEMA(('AUTOMOTIVE_DESIGN { 1 0 10303 214 1 1 1 1 }'));
ENDSEC;
DATA;
#1 = APPLICATION_PROTOCOL_DEFINITION('international standard',
  'automotive_design',2000,#2);
#2 = APPLICATION_CONTEXT(
  'core data for automotive mechanical design processes');
#3 = SHAPE_DEFINITION_REPRESENTATION(#4,#10);
#4 = PRODUCT_DEFINITION_SHAPE('','',#5);
#5 = PRODUCT_DEFINITION('design','',#6,#9);
#6 = PRODUCT_DEFINITION_FORMATION('','',#7);
#7 = PRODUCT('=>[0:1:1:2]','=>[0:1:1:2]','',(#8));
#8 = PRODUCT_CONTEXT('',#2,'mechanical');
#9 = PRODUCT_DEFINITION_CONTEXT('part definition',#2,'design');
#10 = SHAPE_REPRESENTATION('',(#11,#15),#19);
#11 = AXIS2_PLACEMENT_3D('',#12,#13,#14);
#12 = CARTESIAN_POINT('',(0.,0.,0.));
#13 = DIRECTION('',(0.,0.,1.));
#14 = DIRECTION('',(1.,0.,-0.));
#15 = AXIS2_PLACEMENT_3D('',#16,#17,#18);
#16 = CARTESIAN_POINT('',(-196.8295947,-95.1202291,7.2));
#17 = DIRECTION('',(0.,-1.224646799147E-16,-1.));
#18 = DIRECTION('',(1.,0.,0.));
#19 = ( GEOMETRIC_REPRESENTATION_CONTEXT(3) 
GLOBAL_UNCERTAINTY_ASSIGNED_CONTEXT((#23)) GLOBAL_UNIT_ASSIGNED_CONTEXT(
(#20,#21,#22)) REPRESENTATION_CONTEXT('Context #1',
  '3D Context with UNIT and UNCERTAINTY') );
#20 = ( LENGTH_UNIT() NAMED_UNIT(*) SI_UNIT(.MILLI.,.METRE.) );
#21 = ( NAMED_UNIT(*) PLANE_ANGLE_UNIT() SI_UNIT($,.RADIAN.) );
#22 = ( NAMED_UNIT(*) SI_UNIT($,.STERADIAN.) SOLID_ANGLE_UNIT() );
#23 = UNCERTAINTY_MEASURE_WITH_UNIT(LENGTH_MEASURE(2.E-07),#20,
  'distance_accuracy_value','confusion accuracy');
#24 = PRODUCT_RELATED_PRODUCT_CATEGORY('part',$,(#7));
#25 = SHAPE_DEFINITION_REPRESENTATION(#26,#32);
#26 = PRODUCT_DEFINITION_SHAPE('','',#27);
#27 = PRODUCT_DEFINITION('design','',#28,#31);
#28 = PRODUCT_DEFINITION_FORMATION('','',#29);
#29 = PRODUCT('COMPOUND','COMPOUND','',(#30));
#30 = PRODUCT_CONTEXT('',#2,'mechanical');
#31 = PRODUCT_DEFINITION_CONTEXT('part definition',#2,'design');
#32 = ADVANCED_BREP_SHAPE_REPRESENTATION('',(#11,#33),#7767);
#33 = MANIFOLD_SOLID_BREP('',#34);
#34 = CLOSED_SHELL('',(#35,#155,#231,#307,#2279,#3648,#3675,#3702,#3729,
    #3756,#3783,#3810,#3837,#3982,#4031,#4080,#4107,#4156,#4205,#4254,
    #4303,#4352,#4401,#4450,#4499,#4548,#4597,#4646,#4695,#4744,#4793,
    #4842,#4891,#4940,#4989,#5038,#5087,#5136,#5185,#5234,#5283,#5438,
    #5487,#5536,#5585,#5634,#5683,#5732,#5803,#5830,#5857,#5884,#5911,
    #5938,#5965,#5992,#6019,#6046,#6073,#6100,#6127,#6154,#6181,#6208,
    #6235,#6262,#6289,#6316,#6343,#6370,#6397,#6404,#6431,#6486,#6513,
    #6540,#6595,#6644,#6693,#6742,#6791,#6840,#6889,#6938,#6987,#7036,
    #7085,#7134,#7183,#7232,#7281,#7330,#7379,#7428,#7541,#7591,#7598,
    #7664,#7691,#7718,#7743,#7756,#7763));
#35 = ADVANCED_FACE('',(#36),#50,.T.);
#36 = FACE_BOUND('',#37,.T.);
#37 = EDGE_LOOP('',(#38,#73,#101,#129));
#38 = ORIENTED_EDGE('',*,*,#39,.T.);
#39 = EDGE_CURVE('',#40,#42,#44,.T.);
#40 = VERTEX_POINT('',#41);
#41 = CARTESIAN_POINT('',(198.5795947,-152.0702291,5.6));
#42 = VERTEX_POINT('',#43);
#43 = CARTESIAN_POINT('',(198.5795947,-152.0702291,7.2));
#44 = SURFACE_CURVE('',#45,(#49,#61),.PCURVE_S1.);
#45 = LINE('',#46,#47);
#46 = CARTESIAN_POINT('',(198.5795947,-152.0702291,5.6));
#47 = VECTOR('',#48,1.);
#48 = DIRECTION('',(0.,0.,1.));
#49 = PCURVE('',#50,#55);
#50 = PLANE('',#51);
#51 = AXIS2_PLACEMENT_3D('',#52,#53,#54);
#52 = CARTESIAN_POINT('',(198.5795947,-152.0702291,5.6));
#53 = DIRECTION('',(-9.801714032941E-02,0.995184726672,0.));
#54 = DIRECTION('',(0.995184726672,9.801714032941E-02,0.));
#55 = DEFINITIONAL_REPRESENTATION('',(#56),#60);
#56 = LINE('',#57,#58);
#57 = CARTESIAN_POINT('',(0.,0.));
#58 = VECTOR('',#59,1.);
#59 = DIRECTION('',(0.,-1.));
#60 = ( GEOMETRIC_REPRESENTATION_CONTEXT(2) 
PARAMETRIC_REPRESENTATION_CONTEXT() REPRESENTATION_CONTEXT('2D SPACE',''
  ) );
#61 = PCURVE('',#62,#67);
#62 = PLANE('',#63);
#63 = AXIS2_PLACEMENT_3D('',#64,#65,#66);
#64 = CARTESIAN_POINT('',(196.8295947,-152.0702291,5.6));
#65 = DIRECTION('',(0.,1.,0.));
#66 = DIRECTION('',(1.,0.,0.));
#67 = DEFINITIONAL_REPRESENTATION('',(#68),#72);
#68 = LINE('',#69,#70);
#69 = CARTESIAN_POINT('',(1.75,0.));
#70 = VECTOR('',#71,1.);
#71 = DIRECTION('',(0.,-1.));
#72 = ( GEOMETRIC_REPRESENTATION_CONTEXT(2) 
PARAMETRIC_REPRESENTATION_CONTEXT() REPRESENTATION_CONTEXT('2D SPACE',''
  ) );
#73 = ORIENTED_EDGE('',*,*,#74,.T.);
#74 = EDGE_CURVE('',#42,#75,#77,.T.);
#75 = VERTEX_POINT('',#76);
#76 = CARTESIAN_POINT('',(198.71615792541,-152.0567787962,7.2));
#77 = SURFACE_CURVE('',#78,(#82,#89),.PCURVE_S1.);
#78 = LINE('',#79,#80);
#79 = CARTESIAN_POINT('',(198.5795947,-152.0702291,7.2));
#80 = VECTOR('',#81,1.);
#81 = DIRECTION('',(0.995184726672,9.801714032941E-02,0.));
#82 = PCURVE('',#50,#83);
#83 = DEFINITIONAL_REPRESENTATION('',(#84),#88);
#84 = LINE('',#85,#86);
#85 = CARTESIAN_POINT('',(0.,-1.6));
#86 = VECTOR('',#87,1.);
#87 = DIRECTION('',(1.,0.));
#88 = ( GEOMETRIC_REPRESENTATION_CONTEXT(2) 
PARAMETRIC_REPRESENTATION_CONTEXT() REPRESENTATION_CONTEXT('2D SPACE',''
  ) );
#89 = PCURVE('',#90,#95);
#90 = PLANE('',#91);
#91 = AXIS2_PLACEMENT_3D('',#92,#93,#94);
#92 = CARTESIAN_POINT('',(213.56283304488,-123.5872279385,7.2));
#93 = DIRECTION('',(-0.,-0.,-1.));
#94 = DIRECTION('',(-1.,0.,0.));
#95 = DEFINITIONAL_REPRESENTATION('',(#96),#100);
#96 = LINE('',#97,#98);
#97 = CARTESIAN_POINT('',(14.983238344881,-28.48300116145));
#98 = VECTOR('',#99,1.);
#99 = DIRECTION('',(-0.995184726672,9.801714032941E-02));
#100 = ( GEOMETRIC_REPRESENTATION_CONTEXT(2) 
PARAMETRIC_REPRESENTATION_CONTEXT() REPRESENTATION_CONTEXT('2D SPACE',''
  ) );
#101 = ORIENTED_EDGE('',*,*,#102,.F.);
#102 = EDGE_CURVE('',#103,#75,#105,.T.);
#103 = VERTEX_POINT('',#104);
#104 = CARTESIAN_POINT('',(198.71615792541,-152.0567787962,5.6));
#105 = SURFACE_CURVE('',#106,(#110,#117),.PCURVE_S1.);
#106 = LINE('',#107,#108);
#107 = CARTESIAN_POINT('',(198.71615792541,-152.0567787962,5.6));
#108 = VECTOR('',#109,1.);
#109 = DIRECTION('',(0.,0.,1.));
#110 = PCURVE('',#50,#111);
#111 = DEFINITIONAL_REPRESENTATION('',(#112),#116);
#112 = LINE('',#113,#114);
#113 = CARTESIAN_POINT('',(0.137223996461,0.));
#114 = VECTOR('',#115,1.);
#115 = DIRECTION('',(0.,-1.));
#116 = ( GEOMETRIC_REPRESENTATION_CONTEXT(2) 
PARAMETRIC_REPRESENTATION_CONTEXT() REPRESENTATION_CONTEXT('2D SPACE',''
  ) );
#117 = PCURVE('',#118,#123);
#118 = PLANE('',#119);
#119 = AXIS2_PLACEMENT_3D('',#120,#121,#122);
#120 = CARTESIAN_POINT('',(198.71615792541,-152.0567787962,5.6));
#121 = DIRECTION('',(-0.290284677255,0.956940335732,0.));
#122 = DIRECTION('',(0.956940335732,0.290284677255,0.));
#123 = DEFINITIONAL_REPRESENTATION('',(#124),#128);
#124 = LINE('',#125,#126);
#125 = CARTESIAN_POINT('',(0.,0.));
#126 = VECTOR('',#127,1.);
#127 = DIRECTION('',(0.,-1.));
#128 = ( GEOMETRIC_REPRESENTATION_CONTEXT(2) 
PARAMETRIC_REPRESENTATION_CONTEXT() REPRESENTATION_CONTEXT('2D SPACE',''
  ) );
#129 = ORIENTED_EDGE('',*,*,#130,.F.);
#130 = EDGE_CURVE('',#40,#103,#131,.T.);
#131 = SURFACE_CURVE('',#132,(#136,#143),.PCURVE_S1.);
#132 = LINE('',#133,#134);
#133 = CARTESIAN_POINT('',(198.5795947,-152.0702291,5.6));
#134 = VECTOR('',#135,1.);
#135 = DIRECTION('',(0.995184726672,9.801714032941E-02,0.));
#136 = PCURVE('',#50,#137);
#137 = DEFINITIONAL_REPRESENTATION('',(#138),#142);
#138 = LINE('',#139,#140);
#139 = CARTESIAN_POINT('',(0.,0.));
#140 = VECTOR('',#141,1.);
#141 = DIRECTION('',(1.,0.));
#142 = ( GEOMETRIC_REPRESENTATION_CONTEXT(2) 
PARAMETRIC_REPRESENTATION_CONTEXT() REPRESENTATION_CONTEXT('2D SPACE',''
  ) );
#143 = PCURVE('',#144,#149);
#144 = PLANE('',#145);
#145 = AXIS2_PLACEMENT_3D('',#146,#147,#148);
#146 = CARTESIAN_POINT('',(213.56283304488,-123.5872279385,5.6));
#147 = DIRECTION('',(-0.,-0.,-1.));
#148 = DIRECTION('',(-1.,0.,0.));
#149 = DEFINITIONAL_REPRESENTATION('',(#150),#154);
#150 = LINE('',#151,#152);
#151 = CARTESIAN_POINT('',(14.983238344881,-28.48300116145));
#152 = VECTOR('',#153,1.);
#153 = DIRECTION('',(-0.995184726672,9.801714032941E-02));
#154 = ( GEOMETRIC_REPRESENTATION_CONTEXT(2) 
PARAMETRIC_REPRESENTATION_CONTEXT() REPRESENTATION_CONTEXT('2D SPACE',''
  ) );
#155 = ADVANCED_FACE('',(#156),#62,.T.);
#156 = FACE_BOUND('',#157,.T.);
#157 = EDGE_LOOP('',(#158,#188,#209,#210));
#158 = ORIENTED_EDGE('',*,*,#159,.T.);
#159 = EDGE_CURVE('',#160,#162,#164,.T.);
#160 = VERTEX_POINT('',#161);
#161 = CARTESIAN_POINT('',(196.8295947,-152.0702291,5.6));
#162 = VERTEX_POINT('',#163);
#163 = CARTESIAN_POINT('',(196.8295947,-152.0702291,7.2));
#164 = SURFACE_CURVE('',#165,(#169,#176),.PCURVE_S1.);
#165 = LINE('',#166,#167);
#166 = CARTESIAN_POINT('',(196.8295947,-152.0702291,5.6));
#167 = VECTOR('',#168,1.);
#168 = DIRECTION('',(0.,0.,1.));
#169 = PCURVE('',#62,#170);
#170 = DEFINITIONAL_REPRESENTATION('',(#171),#175);
#171 = LINE('',#172,#173);
#172 = CARTESIAN_POINT('',(0.,0.));
#173 = VECTOR('',#174,1.);
#174 = DIRECTION('',(0.,-1.));
#175 = ( GEOMETRIC_REPRESENTATION_CONTEXT(2) 
PARAMETRIC_REPRESENTATION_CONTEXT() REPRESENTATION_CONTEXT('2D SPACE',''
  ) );
#176 = PCURVE('',#177,#182);
#177 = PLANE('',#178);
#178 = AXIS2_PLACEMENT_3D('',#179,#180,#181);
#179 = CARTESIAN_POINT('',(196.8295947,-152.2661760225,5.6));
#180 = DIRECTION('',(-1.,0.,0.));
#181 = DIRECTION('',(0.,1.,0.));
#182 = DEFINITIONAL_REPRESENTATION('',(#183),#187);
#183 = LINE('',#184,#185);
#184 = CARTESIAN_POINT('',(0.195946922574,0.));
#185 = VECTOR('',#186,1.);
#186 = DIRECTION('',(0.,-1.));
#187 = ( GEOMETRIC_REPRESENTATION_CONTEXT(2) 
PARAMETRIC_REPRESENTATION_CONTEXT() REPRESENTATION_CONTEXT('2D SPACE',''
  ) );
#188 = ORIENTED_EDGE('',*,*,#189,.T.);
#189 = EDGE_CURVE('',#162,#42,#190,.T.);
#190 = SURFACE_CURVE('',#191,(#195,#202),.PCURVE_S1.);
#191 = LINE('',#192,#193);
#192 = CARTESIAN_POINT('',(196.8295947,-152.0702291,7.2));
#193 = VECTOR('',#194,1.);
#194 = DIRECTION('',(1.,0.,0.));
#195 = PCURVE('',#62,#196);
#196 = DEFINITIONAL_REPRESENTATION('',(#197),#201);
#197 = LINE('',#198,#199);
#198 = CARTESIAN_POINT('',(0.,-1.6));
#199 = VECTOR('',#200,1.);
#200 = DIRECTION('',(1.,0.));
#201 = ( GEOMETRIC_REPRESENTATION_CONTEXT(2) 
PARAMETRIC_REPRESENTATION_CONTEXT() REPRESENTATION_CONTEXT('2D SPACE',''
  ) );
#202 = PCURVE('',#90,#203);
#203 = DEFINITIONAL_REPRESENTATION('',(#204),#208);
#204 = LINE('',#205,#206);
#205 = CARTESIAN_POINT('',(16.733238344881,-28.48300116145));
#206 = VECTOR('',#207,1.);
#207 = DIRECTION('',(-1.,0.));
#208 = ( GEOMETRIC_REPRESENTATION_CONTEXT(2) 
PARAMETRIC_REPRESENTATION_CONTEXT() REPRESENTATION_CONTEXT('2D SPACE',''
  ) );
#209 = ORIENTED_EDGE('',*,*,#39,.F.);
#210 = ORIENTED_EDGE('',*,*,#211,.F.);
#211 = EDGE_CURVE('',#160,#40,#212,.T.);
#212 = SURFACE_CURVE('',#213,(#217,#224),.PCURVE_S1.);
#213 = LINE('',#214,#215);
#214 = CARTESIAN_POINT('',(196.8295947,-152.0702291,5.6));
#215 = VECTOR('',#216,1.);
#216 = DIRECTION('',(1.,0.,0.));
#217 = PCURVE('',#62,#218);
#218 = DEFINITIONAL_REPRESENTATION('',(#219),#223);
#219 = LINE('',#220,#221);
#220 = CARTESIAN_POINT('',(0.,0.));
#221 = VECTOR('',#222,1.);
#222 = DIRECTION('',(1.,0.));
#223 = ( GEOMETRIC_REPRESENTATION_CONTEXT(2) 
PARAMETRIC_REPRESENTATION_CONTEXT() REPRESENTATION_CONTEXT('2D SPACE',''
  ) );
#224 = PCURVE('',#144,#225);
#225 = DEFINITIONAL_REPRESENTATION('',(#226),#230);
#226 = LINE('',#227,#228);
#227 = CARTESIAN_POINT('',(16.733238344881,-28.48300116145));
#228 = VECTOR('',#229,1.);
#229 = DIRECTION('',(-1.,0.));
#230 = ( GEOMETRIC_REPRESENTATION_CONTEXT(2) 
PARAMETRIC_REPRESENTATION_CONTEXT() REPRESENTATION_CONTEXT('2D SPACE',''
  ) );
#231 = ADVANCED_FACE('',(#232),#118,.T.);
#232 = FACE_BOUND('',#233,.T.);
#233 = EDGE_LOOP('',(#234,#235,#258,#286));
#234 = ORIENTED_EDGE('',*,*,#102,.T.);
#235 = ORIENTED_EDGE('',*,*,#236,.T.);
#236 = EDGE_CURVE('',#75,#237,#239,.T.);
#237 = VERTEX_POINT('',#238);
#238 = CARTESIAN_POINT('',(198.84747310265,-152.0169447727,7.2));
#239 = SURFACE_CURVE('',#240,(#244,#251),.PCURVE_S1.);
#240 = LINE('',#241,#242);
#241 = CARTESIAN_POINT('',(198.71615792541,-152.0567787962,7.2));
#242 = VECTOR('',#243,1.);
#243 = DIRECTION('',(0.956940335732,0.290284677255,0.));
#244 = PCURVE('',#118,#245);
#245 = DEFINITIONAL_REPRESENTATION('',(#246),#250);
#246 = LINE('',#247,#248);
#247 = CARTESIAN_POINT('',(0.,-1.6));
#248 = VECTOR('',#249,1.);
#249 = DIRECTION('',(1.,0.));
#250 = ( GEOMETRIC_REPRESENTATION_CONTEXT(2) 
PARAMETRIC_REPRESENTATION_CONTEXT() REPRESENTATION_CONTEXT('2D SPACE',''
  ) );
#251 = PCURVE('',#90,#252);
#252 = DEFINITIONAL_REPRESENTATION('',(#253),#257);
#253 = LINE('',#254,#255);
#254 = CARTESIAN_POINT('',(14.846675119469,-28.46955085773));
#255 = VECTOR('',#256,1.);
#256 = DIRECTION('',(-0.956940335732,0.290284677255));
#257 = ( GEOMETRIC_REPRESENTATION_CONTEXT(2) 
PARAMETRIC_REPRESENTATION_CONTEXT() REPRESENTATION_CONTEXT('2D SPACE',''
  ) );
#258 = ORIENTED_EDGE('',*,*,#259,.F.);
#259 = EDGE_CURVE('',#260,#237,#262,.T.);
#260 = VERTEX_POINT('',#261);
#261 = CARTESIAN_POINT('',(198.84747310265,-152.0169447727,5.6));
#262 = SURFACE_CURVE('',#263,(#267,#274),.PCURVE_S1.);
#263 = LINE('',#264,#265);
#264 = CARTESIAN_POINT('',(198.84747310265,-152.0169447727,5.6));
#265 = VECTOR('',#266,1.);
#266 = DIRECTION('',(0.,0.,1.));
#267 = PCURVE('',#118,#268);
#268 = DEFINITIONAL_REPRESENTATION('',(#269),#273);
#269 = LINE('',#270,#271);
#270 = CARTESIAN_POINT('',(0.137223996461,0.));
#271 = VECTOR('',#272,1.);
#272 = DIRECTION('',(0.,-1.));
#273 = ( GEOMETRIC_REPRESENTATION_CONTEXT(2) 
PARAMETRIC_REPRESENTATION_CONTEXT() REPRESENTATION_CONTEXT('2D SPACE',''
  ) );
#274 = PCURVE('',#275,#280);
#275 = PLANE('',#276);
#276 = AXIS2_PLACEMENT_3D('',#277,#278,#279);
#277 = CARTESIAN_POINT('',(198.84747310265,-152.0169447727,5.6));
#278 = DIRECTION('',(-0.471396736826,0.881921264348,0.));
#279 = DIRECTION('',(0.881921264348,0.471396736826,0.));
#280 = DEFINITIONAL_REPRESENTATION('',(#281),#285);
#281 = LINE('',#282,#283);
#282 = CARTESIAN_POINT('',(0.,0.));
#283 = VECTOR('',#284,1.);
#284 = DIRECTION('',(0.,-1.));
#285 = ( GEOMETRIC_REPRESENTATION_CONTEXT(2) 
PARAMETRIC_REPRESENTATION_CONTEXT() REPRESENTATION_CONTEXT('2D SPACE',''
  ) );
#286 = ORIENTED_EDGE('',*,*,#287,.F.);
#287 = EDGE_CURVE('',#103,#260,#288,.T.);
#288 = SURFACE_CURVE('',#289,(#293,#300),.PCURVE_S1.);
#289 = LINE('',#290,#291);
#290 = CARTESIAN_POINT('',(198.71615792541,-152.0567787962,5.6));
#291 = VECTOR('',#292,1.);
#292 = DIRECTION('',(0.956940335732,0.290284677255,0.));
#293 = PCURVE('',#118,#294);
#294 = DEFINITIONAL_REPRESENTATION('',(#295),#299);
#295 = LINE('',#296,#297);
#296 = CARTESIAN_POINT('',(0.,0.));
#297 = VECTOR('',#298,1.);
#298 = DIRECTION('',(1.,0.));
#299 = ( GEOMETRIC_REPRESENTATION_CONTEXT(2) 
PARAMETRIC_REPRESENTATION_CONTEXT() REPRESENTATION_CONTEXT('2D SPACE',''
  ) );
#300 = PCURVE('',#144,#301);
#301 = DEFINITIONAL_REPRESENTATION('',(#302),#306);
#302 = LINE('',#303,#304);
#303 = CARTESIAN_POINT('',(14.846675119469,-28.46955085773));
#304 = VECTOR('',#305,1.);
#305 = DIRECTION('',(-0.956940335732,0.290284677255));
#306 = ( GEOMETRIC_REPRESENTATION_CONTEXT(2) 
PARAMETRIC_REPRESENTATION_CONTEXT() REPRESENTATION_CONTEXT('2D SPACE',''
  ) );
#307 = ADVANCED_FACE('',(#308,#2104,#2139,#2174,#2209,#2244),#144,.T.);
#308 = FACE_BOUND('',#309,.T.);
#309 = EDGE_LOOP('',(#310,#333,#334,#335,#336,#359,#387,#415,#443,#471,
    #499,#527,#555,#583,#611,#639,#667,#695,#723,#751,#779,#807,#835,
    #863,#891,#919,#947,#975,#1003,#1031,#1057,#1083,#1109,#1135,#1161,
    #1187,#1213,#1239,#1265,#1291,#1317,#1343,#1369,#1395,#1421,#1447,
    #1473,#1499,#1525,#1551,#1577,#1603,#1629,#1655,#1681,#1707,#1733,
    #1759,#1785,#1811,#1837,#1865,#1891,#1917,#1943,#1966,#1994,#2022,
    #2050,#2078));
#310 = ORIENTED_EDGE('',*,*,#311,.T.);
#311 = EDGE_CURVE('',#312,#160,#314,.T.);
#312 = VERTEX_POINT('',#313);
#313 = CARTESIAN_POINT('',(196.8295947,-152.2661760225,5.6));
#314 = SURFACE_CURVE('',#315,(#319,#326),.PCURVE_S1.);
#315 = LINE('',#316,#317);
#316 = CARTESIAN_POINT('',(196.8295947,-152.2661760225,5.6));
#317 = VECTOR('',#318,1.);
#318 = DIRECTION('',(0.,1.,0.));
#319 = PCURVE('',#144,#320);
#320 = DEFINITIONAL_REPRESENTATION('',(#321),#325);
#321 = LINE('',#322,#323);
#322 = CARTESIAN_POINT('',(16.733238344881,-28.67894808402));
#323 = VECTOR('',#324,1.);
#324 = DIRECTION('',(0.,1.));
#325 = ( GEOMETRIC_REPRESENTATION_CONTEXT(2) 
PARAMETRIC_REPRESENTATION_CONTEXT() REPRESENTATION_CONTEXT('2D SPACE',''
  ) );
#326 = PCURVE('',#177,#327);
#327 = DEFINITIONAL_REPRESENTATION('',(#328),#332);
#328 = LINE('',#329,#330);
#329 = CARTESIAN_POINT('',(0.,0.));
#330 = VECTOR('',#331,1.);
#331 = DIRECTION('',(1.,0.));
#332 = ( GEOMETRIC_REPRESENTATION_CONTEXT(2) 
PARAMETRIC_REPRESENTATION_CONTEXT() REPRESENTATION_CONTEXT('2D SPACE',''
  ) );
#333 = ORIENTED_EDGE('',*,*,#211,.T.);
#334 = ORIENTED_EDGE('',*,*,#130,.T.);
#335 = ORIENTED_EDGE('',*,*,#287,.T.);
#336 = ORIENTED_EDGE('',*,*,#337,.T.);
#337 = EDGE_CURVE('',#260,#338,#340,.T.);
#338 = VERTEX_POINT('',#339);
#339 = CARTESIAN_POINT('',(198.96849386311,-151.9522578286,5.6));
#340 = SURFACE_CURVE('',#341,(#345,#352),.PCURVE_S1.);
#341 = LINE('',#342,#343);
#342 = CARTESIAN_POINT('',(198.84747310265,-152.0169447727,5.6));
#343 = VECTOR('',#344,1.);
#344 = DIRECTION('',(0.881921264348,0.471396736826,0.));
#345 = PCURVE('',#144,#346);
#346 = DEFINITIONAL_REPRESENTATION('',(#347),#351);
#347 = LINE('',#348,#349);
#348 = CARTESIAN_POINT('',(14.715359942225,-28.4297168342));
#349 = VECTOR('',#350,1.);
#350 = DIRECTION('',(-0.881921264348,0.471396736826));
#351 = ( GEOMETRIC_REPRESENTATION_CONTEXT(2) 
PARAMETRIC_REPRESENTATION_CONTEXT() REPRESENTATION_CONTEXT('2D SPACE',''
  ) );
#352 = PCURVE('',#275,#353);
#353 = DEFINITIONAL_REPRESENTATION('',(#354),#358);
#354 = LINE('',#355,#356);
#355 = CARTESIAN_POINT('',(0.,0.));
#356 = VECTOR('',#357,1.);
#357 = DIRECTION('',(1.,0.));
#358 = ( GEOMETRIC_REPRESENTATION_CONTEXT(2) 
PARAMETRIC_REPRESENTATION_CONTEXT() REPRESENTATION_CONTEXT('2D SPACE',''
  ) );
#359 = ORIENTED_EDGE('',*,*,#360,.T.);
#360 = EDGE_CURVE('',#338,#361,#363,.T.);
#361 = VERTEX_POINT('',#362);
#362 = CARTESIAN_POINT('',(199.07456944683,-151.8652038468,5.6));
#363 = SURFACE_CURVE('',#364,(#368,#375),.PCURVE_S1.);
#364 = LINE('',#365,#366);
#365 = CARTESIAN_POINT('',(198.96849386311,-151.9522578286,5.6));
#366 = VECTOR('',#367,1.);
#367 = DIRECTION('',(0.773010453363,0.634393284164,0.));
#368 = PCURVE('',#144,#369);
#369 = DEFINITIONAL_REPRESENTATION('',(#370),#374);
#370 = LINE('',#371,#372);
#371 = CARTESIAN_POINT('',(14.594339181767,-28.36502989006));
#372 = VECTOR('',#373,1.);
#373 = DIRECTION('',(-0.773010453363,0.634393284164));
#374 = ( GEOMETRIC_REPRESENTATION_CONTEXT(2) 
PARAMETRIC_REPRESENTATION_CONTEXT() REPRESENTATION_CONTEXT('2D SPACE',''
  ) );
#375 = PCURVE('',#376,#381);
#376 = PLANE('',#377);
#377 = AXIS2_PLACEMENT_3D('',#378,#379,#380);
#378 = CARTESIAN_POINT('',(198.96849386311,-151.9522578286,5.6));
#379 = DIRECTION('',(-0.634393284164,0.773010453363,0.));
#380 = DIRECTION('',(0.773010453363,0.634393284164,0.));
#381 = DEFINITIONAL_REPRESENTATION('',(#382),#386);
#382 = LINE('',#383,#384);
#383 = CARTESIAN_POINT('',(0.,0.));
#384 = VECTOR('',#385,1.);
#385 = DIRECTION('',(1.,0.));
#386 = ( GEOMETRIC_REPRESENTATION_CONTEXT(2) 
PARAMETRIC_REPRESENTATION_CONTEXT() REPRESENTATION_CONTEXT('2D SPACE',''
  ) );
#387 = ORIENTED_EDGE('',*,*,#388,.T.);
#388 = EDGE_CURVE('',#361,#389,#391,.T.);
#389 = VERTEX_POINT('',#390);
#390 = CARTESIAN_POINT('',(199.16162342861,-151.7591282631,5.6));
#391 = SURFACE_CURVE('',#392,(#396,#403),.PCURVE_S1.);
#392 = LINE('',#393,#394);
#393 = CARTESIAN_POINT('',(199.07456944683,-151.8652038468,5.6));
#394 = VECTOR('',#395,1.);
#395 = DIRECTION('',(0.634393284164,0.773010453363,0.));
#396 = PCURVE('',#144,#397);
#397 = DEFINITIONAL_REPRESENTATION('',(#398),#402);
#398 = LINE('',#399,#400);
#399 = CARTESIAN_POINT('',(14.48826359805,-28.27797590828));
#400 = VECTOR('',#401,1.);
#401 = DIRECTION('',(-0.634393284164,0.773010453363));
#402 = ( GEOMETRIC_REPRESENTATION_CONTEXT(2) 
PARAMETRIC_REPRESENTATION_CONTEXT() REPRESENTATION_CONTEXT('2D SPACE',''
  ) );
#403 = PCURVE('',#404,#409);
#404 = PLANE('',#405);
#405 = AXIS2_PLACEMENT_3D('',#406,#407,#408);
#406 = CARTESIAN_POINT('',(199.07456944683,-151.8652038468,5.6));
#407 = DIRECTION('',(-0.773010453363,0.634393284164,0.));
#408 = DIRECTION('',(0.634393284164,0.773010453363,0.));
#409 = DEFINITIONAL_REPRESENTATION('',(#410),#414);
#410 = LINE('',#411,#412);
#411 = CARTESIAN_POINT('',(0.,0.));
#412 = VECTOR('',#413,1.);
#413 = DIRECTION('',(1.,0.));
#414 = ( GEOMETRIC_REPRESENTATION_CONTEXT(2) 
PARAMETRIC_REPRESENTATION_CONTEXT() REPRESENTATION_CONTEXT('2D SPACE',''
  ) );
#415 = ORIENTED_EDGE('',*,*,#416,.T.);
#416 = EDGE_CURVE('',#389,#417,#419,.T.);
#417 = VERTEX_POINT('',#418);
#418 = CARTESIAN_POINT('',(199.22631037275,-151.6381075026,5.6));
#419 = SURFACE_CURVE('',#420,(#424,#431),.PCURVE_S1.);
#420 = LINE('',#421,#422);
#421 = CARTESIAN_POINT('',(199.16162342861,-151.7591282631,5.6));
#422 = VECTOR('',#423,1.);
#423 = DIRECTION('',(0.471396736826,0.881921264348,0.));
#424 = PCURVE('',#144,#425);
#425 = DEFINITIONAL_REPRESENTATION('',(#426),#430);
#426 = LINE('',#427,#428);
#427 = CARTESIAN_POINT('',(14.401209616269,-28.17190032456));
#428 = VECTOR('',#429,1.);
#429 = DIRECTION('',(-0.471396736826,0.881921264348));
#430 = ( GEOMETRIC_REPRESENTATION_CONTEXT(2) 
PARAMETRIC_REPRESENTATION_CONTEXT() REPRESENTATION_CONTEXT('2D SPACE',''
  ) );
#431 = PCURVE('',#432,#437);
#432 = PLANE('',#433);
#433 = AXIS2_PLACEMENT_3D('',#434,#435,#436);
#434 = CARTESIAN_POINT('',(199.16162342861,-151.7591282631,5.6));
#435 = DIRECTION('',(-0.881921264348,0.471396736826,0.));
#436 = DIRECTION('',(0.471396736826,0.881921264348,0.));
#437 = DEFINITIONAL_REPRESENTATION('',(#438),#442);
#438 = LINE('',#439,#440);
#439 = CARTESIAN_POINT('',(0.,0.));
#440 = VECTOR('',#441,1.);
#441 = DIRECTION('',(1.,0.));
#442 = ( GEOMETRIC_REPRESENTATION_CONTEXT(2) 
PARAMETRIC_REPRESENTATION_CONTEXT() REPRESENTATION_CONTEXT('2D SPACE',''
  ) );
#443 = ORIENTED_EDGE('',*,*,#444,.T.);
#444 = EDGE_CURVE('',#417,#445,#447,.T.);
#445 = VERTEX_POINT('',#446);
#446 = CARTESIAN_POINT('',(199.26614439628,-151.5067923254,5.6));
#447 = SURFACE_CURVE('',#448,(#452,#459),.PCURVE_S1.);
#448 = LINE('',#449,#450);
#449 = CARTESIAN_POINT('',(199.22631037275,-151.6381075026,5.6));
#450 = VECTOR('',#451,1.);
#451 = DIRECTION('',(0.290284677255,0.956940335732,0.));
#452 = PCURVE('',#144,#453);
#453 = DEFINITIONAL_REPRESENTATION('',(#454),#458);
#454 = LINE('',#455,#456);
#455 = CARTESIAN_POINT('',(14.336522672123,-28.0508795641));
#456 = VECTOR('',#457,1.);
#457 = DIRECTION('',(-0.290284677255,0.956940335732));
#458 = ( GEOMETRIC_REPRESENTATION_CONTEXT(2) 
PARAMETRIC_REPRESENTATION_CONTEXT() REPRESENTATION_CONTEXT('2D SPACE',''
  ) );
#459 = PCURVE('',#460,#465);
#460 = PLANE('',#461);
#461 = AXIS2_PLACEMENT_3D('',#462,#463,#464);
#462 = CARTESIAN_POINT('',(199.22631037275,-151.6381075026,5.6));
#463 = DIRECTION('',(-0.956940335732,0.290284677255,0.));
#464 = DIRECTION('',(0.290284677255,0.956940335732,0.));
#465 = DEFINITIONAL_REPRESENTATION('',(#466),#470);
#466 = LINE('',#467,#468);
#467 = CARTESIAN_POINT('',(0.,0.));
#468 = VECTOR('',#469,1.);
#469 = DIRECTION('',(1.,0.));
#470 = ( GEOMETRIC_REPRESENTATION_CONTEXT(2) 
PARAMETRIC_REPRESENTATION_CONTEXT() REPRESENTATION_CONTEXT('2D SPACE',''
  ) );
#471 = ORIENTED_EDGE('',*,*,#472,.T.);
#472 = EDGE_CURVE('',#445,#473,#475,.T.);
#473 = VERTEX_POINT('',#474);
#474 = CARTESIAN_POINT('',(199.2795947,-151.3702291,5.6));
#475 = SURFACE_CURVE('',#476,(#480,#487),.PCURVE_S1.);
#476 = LINE('',#477,#478);
#477 = CARTESIAN_POINT('',(199.26614439628,-151.5067923254,5.6));
#478 = VECTOR('',#479,1.);
#479 = DIRECTION('',(9.801714032941E-02,0.995184726672,0.));
#480 = PCURVE('',#144,#481);
#481 = DEFINITIONAL_REPRESENTATION('',(#482),#486);
#482 = LINE('',#483,#484);
#483 = CARTESIAN_POINT('',(14.296688648598,-27.91956438686));
#484 = VECTOR('',#485,1.);
#485 = DIRECTION('',(-9.801714032941E-02,0.995184726672));
#486 = ( GEOMETRIC_REPRESENTATION_CONTEXT(2) 
PARAMETRIC_REPRESENTATION_CONTEXT() REPRESENTATION_CONTEXT('2D SPACE',''
  ) );
#487 = PCURVE('',#488,#493);
#488 = PLANE('',#489);
#489 = AXIS2_PLACEMENT_3D('',#490,#491,#492);
#490 = CARTESIAN_POINT('',(199.26614439628,-151.5067923254,5.6));
#491 = DIRECTION('',(-0.995184726672,9.801714032941E-02,0.));
#492 = DIRECTION('',(9.801714032941E-02,0.995184726672,0.));
#493 = DEFINITIONAL_REPRESENTATION('',(#494),#498);
#494 = LINE('',#495,#496);
#495 = CARTESIAN_POINT('',(0.,0.));
#496 = VECTOR('',#497,1.);
#497 = DIRECTION('',(1.,0.));
#498 = ( GEOMETRIC_REPRESENTATION_CONTEXT(2) 
PARAMETRIC_REPRESENTATION_CONTEXT() REPRESENTATION_CONTEXT('2D SPACE',''
  ) );
#499 = ORIENTED_EDGE('',*,*,#500,.T.);
#500 = EDGE_CURVE('',#473,#501,#503,.T.);
#501 = VERTEX_POINT('',#502);
#502 = CARTESIAN_POINT('',(199.2795947,-134.8702291,5.6));
#503 = SURFACE_CURVE('',#504,(#508,#515),.PCURVE_S1.);
#504 = LINE('',#505,#506);
#505 = CARTESIAN_POINT('',(199.2795947,-151.3702291,5.6));
#506 = VECTOR('',#507,1.);
#507 = DIRECTION('',(0.,1.,0.));
#508 = PCURVE('',#144,#509);
#509 = DEFINITIONAL_REPRESENTATION('',(#510),#514);
#510 = LINE('',#511,#512);
#511 = CARTESIAN_POINT('',(14.283238344881,-27.78300116145));
#512 = VECTOR('',#513,1.);
#513 = DIRECTION('',(0.,1.));
#514 = ( GEOMETRIC_REPRESENTATION_CONTEXT(2) 
PARAMETRIC_REPRESENTATION_CONTEXT() REPRESENTATION_CONTEXT('2D SPACE',''
  ) );
#515 = PCURVE('',#516,#521);
#516 = PLANE('',#517);
#517 = AXIS2_PLACEMENT_3D('',#518,#519,#520);
#518 = CARTESIAN_POINT('',(199.2795947,-151.3702291,5.6));
#519 = DIRECTION('',(-1.,0.,0.));
#520 = DIRECTION('',(0.,1.,0.));
#521 = DEFINITIONAL_REPRESENTATION('',(#522),#526);
#522 = LINE('',#523,#524);
#523 = CARTESIAN_POINT('',(0.,0.));
#524 = VECTOR('',#525,1.);
#525 = DIRECTION('',(1.,0.));
#526 = ( GEOMETRIC_REPRESENTATION_CONTEXT(2) 
PARAMETRIC_REPRESENTATION_CONTEXT() REPRESENTATION_CONTEXT('2D SPACE',''
  ) );
#527 = ORIENTED_EDGE('',*,*,#528,.T.);
#528 = EDGE_CURVE('',#501,#529,#531,.T.);
#529 = VERTEX_POINT('',#530);
#530 = CARTESIAN_POINT('',(199.26614439628,-134.7336658745,5.6));
#531 = SURFACE_CURVE('',#532,(#536,#543),.PCURVE_S1.);
#532 = LINE('',#533,#534);
#533 = CARTESIAN_POINT('',(199.2795947,-134.8702291,5.6));
#534 = VECTOR('',#535,1.);
#535 = DIRECTION('',(-9.801714032941E-02,0.995184726672,0.));
#536 = PCURVE('',#144,#537);
#537 = DEFINITIONAL_REPRESENTATION('',(#538),#542);
#538 = LINE('',#539,#540);
#539 = CARTESIAN_POINT('',(14.283238344881,-11.28300116145));
#540 = VECTOR('',#541,1.);
#541 = DIRECTION('',(9.801714032941E-02,0.995184726672));
#542 = ( GEOMETRIC_REPRESENTATION_CONTEXT(2) 
PARAMETRIC_REPRESENTATION_CONTEXT() REPRESENTATION_CONTEXT('2D SPACE',''
  ) );
#543 = PCURVE('',#544,#549);
#544 = PLANE('',#545);
#545 = AXIS2_PLACEMENT_3D('',#546,#547,#548);
#546 = CARTESIAN_POINT('',(199.2795947,-134.8702291,5.6));
#547 = DIRECTION('',(-0.995184726672,-9.801714032941E-02,0.));
#548 = DIRECTION('',(-9.801714032941E-02,0.995184726672,0.));
#549 = DEFINITIONAL_REPRESENTATION('',(#550),#554);
#550 = LINE('',#551,#552);
#551 = CARTESIAN_POINT('',(0.,0.));
#552 = VECTOR('',#553,1.);
#553 = DIRECTION('',(1.,0.));
#554 = ( GEOMETRIC_REPRESENTATION_CONTEXT(2) 
PARAMETRIC_REPRESENTATION_CONTEXT() REPRESENTATION_CONTEXT('2D SPACE',''
  ) );
#555 = ORIENTED_EDGE('',*,*,#556,.T.);
#556 = EDGE_CURVE('',#529,#557,#559,.T.);
#557 = VERTEX_POINT('',#558);
#558 = CARTESIAN_POINT('',(199.23270736751,-134.6202291,5.6));
#559 = SURFACE_CURVE('',#560,(#564,#571),.PCURVE_S1.);
#560 = LINE('',#561,#562);
#561 = CARTESIAN_POINT('',(199.26614439628,-134.7336658745,5.6));
#562 = VECTOR('',#563,1.);
#563 = DIRECTION('',(-0.282736514176,0.959197614442,0.));
#564 = PCURVE('',#144,#565);
#565 = DEFINITIONAL_REPRESENTATION('',(#566),#570);
#566 = LINE('',#567,#568);
#567 = CARTESIAN_POINT('',(14.296688648598,-11.14643793603));
#568 = VECTOR('',#569,1.);
#569 = DIRECTION('',(0.282736514176,0.959197614442));
#570 = ( GEOMETRIC_REPRESENTATION_CONTEXT(2) 
PARAMETRIC_REPRESENTATION_CONTEXT() REPRESENTATION_CONTEXT('2D SPACE',''
  ) );
#571 = PCURVE('',#572,#577);
#572 = PLANE('',#573);
#573 = AXIS2_PLACEMENT_3D('',#574,#575,#576);
#574 = CARTESIAN_POINT('',(199.26614439628,-134.7336658745,5.6));
#575 = DIRECTION('',(-0.959197614442,-0.282736514176,0.));
#576 = DIRECTION('',(-0.282736514176,0.959197614442,0.));
#577 = DEFINITIONAL_REPRESENTATION('',(#578),#582);
#578 = LINE('',#579,#580);
#579 = CARTESIAN_POINT('',(0.,0.));
#580 = VECTOR('',#581,1.);
#581 = DIRECTION('',(1.,0.));
#582 = ( GEOMETRIC_REPRESENTATION_CONTEXT(2) 
PARAMETRIC_REPRESENTATION_CONTEXT() REPRESENTATION_CONTEXT('2D SPACE',''
  ) );
#583 = ORIENTED_EDGE('',*,*,#584,.T.);
#584 = EDGE_CURVE('',#557,#585,#587,.T.);
#585 = VERTEX_POINT('',#586);
#586 = CARTESIAN_POINT('',(199.26614439628,-134.5067923254,5.6));
#587 = SURFACE_CURVE('',#588,(#592,#599),.PCURVE_S1.);
#588 = LINE('',#589,#590);
#589 = CARTESIAN_POINT('',(199.23270736751,-134.6202291,5.6));
#590 = VECTOR('',#591,1.);
#591 = DIRECTION('',(0.282736514176,0.959197614442,0.));
#592 = PCURVE('',#144,#593);
#593 = DEFINITIONAL_REPRESENTATION('',(#594),#598);
#594 = LINE('',#595,#596);
#595 = CARTESIAN_POINT('',(14.330125677365,-11.03300116145));
#596 = VECTOR('',#597,1.);
#597 = DIRECTION('',(-0.282736514176,0.959197614442));
#598 = ( GEOMETRIC_REPRESENTATION_CONTEXT(2) 
PARAMETRIC_REPRESENTATION_CONTEXT() REPRESENTATION_CONTEXT('2D SPACE',''
  ) );
#599 = PCURVE('',#600,#605);
#600 = PLANE('',#601);
#601 = AXIS2_PLACEMENT_3D('',#602,#603,#604);
#602 = CARTESIAN_POINT('',(199.23270736751,-134.6202291,5.6));
#603 = DIRECTION('',(-0.959197614442,0.282736514176,0.));
#604 = DIRECTION('',(0.282736514176,0.959197614442,0.));
#605 = DEFINITIONAL_REPRESENTATION('',(#606),#610);
#606 = LINE('',#607,#608);
#607 = CARTESIAN_POINT('',(0.,0.));
#608 = VECTOR('',#609,1.);
#609 = DIRECTION('',(1.,0.));
#610 = ( GEOMETRIC_REPRESENTATION_CONTEXT(2) 
PARAMETRIC_REPRESENTATION_CONTEXT() REPRESENTATION_CONTEXT('2D SPACE',''
  ) );
#611 = ORIENTED_EDGE('',*,*,#612,.T.);
#612 = EDGE_CURVE('',#585,#613,#615,.T.);
#613 = VERTEX_POINT('',#614);
#614 = CARTESIAN_POINT('',(199.2795947,-134.3702291,5.6));
#615 = SURFACE_CURVE('',#616,(#620,#627),.PCURVE_S1.);
#616 = LINE('',#617,#618);
#617 = CARTESIAN_POINT('',(199.26614439628,-134.5067923254,5.6));
#618 = VECTOR('',#619,1.);
#619 = DIRECTION('',(9.801714032941E-02,0.995184726672,0.));
#620 = PCURVE('',#144,#621);
#621 = DEFINITIONAL_REPRESENTATION('',(#622),#626);
#622 = LINE('',#623,#624);
#623 = CARTESIAN_POINT('',(14.296688648598,-10.91956438686));
#624 = VECTOR('',#625,1.);
#625 = DIRECTION('',(-9.801714032941E-02,0.995184726672));
#626 = ( GEOMETRIC_REPRESENTATION_CONTEXT(2) 
PARAMETRIC_REPRESENTATION_CONTEXT() REPRESENTATION_CONTEXT('2D SPACE',''
  ) );
#627 = PCURVE('',#628,#633);
#628 = PLANE('',#629);
#629 = AXIS2_PLACEMENT_3D('',#630,#631,#632);
#630 = CARTESIAN_POINT('',(199.26614439628,-134.5067923254,5.6));
#631 = DIRECTION('',(-0.995184726672,9.801714032941E-02,0.));
#632 = DIRECTION('',(9.801714032941E-02,0.995184726672,0.));
#633 = DEFINITIONAL_REPRESENTATION('',(#634),#638);
#634 = LINE('',#635,#636);
#635 = CARTESIAN_POINT('',(0.,0.));
#636 = VECTOR('',#637,1.);
#637 = DIRECTION('',(1.,0.));
#638 = ( GEOMETRIC_REPRESENTATION_CONTEXT(2) 
PARAMETRIC_REPRESENTATION_CONTEXT() REPRESENTATION_CONTEXT('2D SPACE',''
  ) );
#639 = ORIENTED_EDGE('',*,*,#640,.T.);
#640 = EDGE_CURVE('',#613,#641,#643,.T.);
#641 = VERTEX_POINT('',#642);
#642 = CARTESIAN_POINT('',(199.2795947,-117.8702291,5.6));
#643 = SURFACE_CURVE('',#644,(#648,#655),.PCURVE_S1.);
#644 = LINE('',#645,#646);
#645 = CARTESIAN_POINT('',(199.2795947,-134.3702291,5.6));
#646 = VECTOR('',#647,1.);
#647 = DIRECTION('',(0.,1.,0.));
#648 = PCURVE('',#144,#649);
#649 = DEFINITIONAL_REPRESENTATION('',(#650),#654);
#650 = LINE('',#651,#652);
#651 = CARTESIAN_POINT('',(14.283238344881,-10.78300116145));
#652 = VECTOR('',#653,1.);
#653 = DIRECTION('',(0.,1.));
#654 = ( GEOMETRIC_REPRESENTATION_CONTEXT(2) 
PARAMETRIC_REPRESENTATION_CONTEXT() REPRESENTATION_CONTEXT('2D SPACE',''
  ) );
#655 = PCURVE('',#656,#661);
#656 = PLANE('',#657);
#657 = AXIS2_PLACEMENT_3D('',#658,#659,#660);
#658 = CARTESIAN_POINT('',(199.2795947,-134.3702291,5.6));
#659 = DIRECTION('',(-1.,0.,0.));
#660 = DIRECTION('',(0.,1.,0.));
#661 = DEFINITIONAL_REPRESENTATION('',(#662),#666);
#662 = LINE('',#663,#664);
#663 = CARTESIAN_POINT('',(0.,0.));
#664 = VECTOR('',#665,1.);
#665 = DIRECTION('',(1.,0.));
#666 = ( GEOMETRIC_REPRESENTATION_CONTEXT(2) 
PARAMETRIC_REPRESENTATION_CONTEXT() REPRESENTATION_CONTEXT('2D SPACE',''
  ) );
#667 = ORIENTED_EDGE('',*,*,#668,.T.);
#668 = EDGE_CURVE('',#641,#669,#671,.T.);
#669 = VERTEX_POINT('',#670);
#670 = CARTESIAN_POINT('',(199.26614439628,-117.7336658745,5.6));
#671 = SURFACE_CURVE('',#672,(#676,#683),.PCURVE_S1.);
#672 = LINE('',#673,#674);
#673 = CARTESIAN_POINT('',(199.2795947,-117.8702291,5.6));
#674 = VECTOR('',#675,1.);
#675 = DIRECTION('',(-9.801714032941E-02,0.995184726672,0.));
#676 = PCURVE('',#144,#677);
#677 = DEFINITIONAL_REPRESENTATION('',(#678),#682);
#678 = LINE('',#679,#680);
#679 = CARTESIAN_POINT('',(14.283238344881,5.71699883855));
#680 = VECTOR('',#681,1.);
#681 = DIRECTION('',(9.801714032941E-02,0.995184726672));
#682 = ( GEOMETRIC_REPRESENTATION_CONTEXT(2) 
PARAMETRIC_REPRESENTATION_CONTEXT() REPRESENTATION_CONTEXT('2D SPACE',''
  ) );
#683 = PCURVE('',#684,#689);
#684 = PLANE('',#685);
#685 = AXIS2_PLACEMENT_3D('',#686,#687,#688);
#686 = CARTESIAN_POINT('',(199.2795947,-117.8702291,5.6));
#687 = DIRECTION('',(-0.995184726672,-9.801714032941E-02,0.));
#688 = DIRECTION('',(-9.801714032941E-02,0.995184726672,0.));
#689 = DEFINITIONAL_REPRESENTATION('',(#690),#694);
#690 = LINE('',#691,#692);
#691 = CARTESIAN_POINT('',(0.,0.));
#692 = VECTOR('',#693,1.);
#693 = DIRECTION('',(1.,0.));
#694 = ( GEOMETRIC_REPRESENTATION_CONTEXT(2) 
PARAMETRIC_REPRESENTATION_CONTEXT() REPRESENTATION_CONTEXT('2D SPACE',''
  ) );
#695 = ORIENTED_EDGE('',*,*,#696,.T.);
#696 = EDGE_CURVE('',#669,#697,#699,.T.);
#697 = VERTEX_POINT('',#698);
#698 = CARTESIAN_POINT('',(199.23270736751,-117.6202291,5.6));
#699 = SURFACE_CURVE('',#700,(#704,#711),.PCURVE_S1.);
#700 = LINE('',#701,#702);
#701 = CARTESIAN_POINT('',(199.26614439628,-117.7336658745,5.6));
#702 = VECTOR('',#703,1.);
#703 = DIRECTION('',(-0.282736514176,0.959197614442,0.));
#704 = PCURVE('',#144,#705);
#705 = DEFINITIONAL_REPRESENTATION('',(#706),#710);
#706 = LINE('',#707,#708);
#707 = CARTESIAN_POINT('',(14.296688648598,5.853562063962));
#708 = VECTOR('',#709,1.);
#709 = DIRECTION('',(0.282736514176,0.959197614442));
#710 = ( GEOMETRIC_REPRESENTATION_CONTEXT(2) 
PARAMETRIC_REPRESENTATION_CONTEXT() REPRESENTATION_CONTEXT('2D SPACE',''
  ) );
#711 = PCURVE('',#712,#717);
#712 = PLANE('',#713);
#713 = AXIS2_PLACEMENT_3D('',#714,#715,#716);
#714 = CARTESIAN_POINT('',(199.26614439628,-117.7336658745,5.6));
#715 = DIRECTION('',(-0.959197614442,-0.282736514176,0.));
#716 = DIRECTION('',(-0.282736514176,0.959197614442,0.));
#717 = DEFINITIONAL_REPRESENTATION('',(#718),#722);
#718 = LINE('',#719,#720);
#719 = CARTESIAN_POINT('',(0.,0.));
#720 = VECTOR('',#721,1.);
#721 = DIRECTION('',(1.,0.));
#722 = ( GEOMETRIC_REPRESENTATION_CONTEXT(2) 
PARAMETRIC_REPRESENTATION_CONTEXT() REPRESENTATION_CONTEXT('2D SPACE',''
  ) );
#723 = ORIENTED_EDGE('',*,*,#724,.T.);
#724 = EDGE_CURVE('',#697,#725,#727,.T.);
#725 = VERTEX_POINT('',#726);
#726 = CARTESIAN_POINT('',(199.26614439628,-117.5067923254,5.6));
#727 = SURFACE_CURVE('',#728,(#732,#739),.PCURVE_S1.);
#728 = LINE('',#729,#730);
#729 = CARTESIAN_POINT('',(199.23270736751,-117.6202291,5.6));
#730 = VECTOR('',#731,1.);
#731 = DIRECTION('',(0.282736514176,0.959197614442,0.));
#732 = PCURVE('',#144,#733);
#733 = DEFINITIONAL_REPRESENTATION('',(#734),#738);
#734 = LINE('',#735,#736);
#735 = CARTESIAN_POINT('',(14.330125677365,5.96699883855));
#736 = VECTOR('',#737,1.);
#737 = DIRECTION('',(-0.282736514176,0.959197614442));
#738 = ( GEOMETRIC_REPRESENTATION_CONTEXT(2) 
PARAMETRIC_REPRESENTATION_CONTEXT() REPRESENTATION_CONTEXT('2D SPACE',''
  ) );
#739 = PCURVE('',#740,#745);
#740 = PLANE('',#741);
#741 = AXIS2_PLACEMENT_3D('',#742,#743,#744);
#742 = CARTESIAN_POINT('',(199.23270736751,-117.6202291,5.6));
#743 = DIRECTION('',(-0.959197614442,0.282736514176,0.));
#744 = DIRECTION('',(0.282736514176,0.959197614442,0.));
#745 = DEFINITIONAL_REPRESENTATION('',(#746),#750);
#746 = LINE('',#747,#748);
#747 = CARTESIAN_POINT('',(0.,0.));
#748 = VECTOR('',#749,1.);
#749 = DIRECTION('',(1.,0.));
#750 = ( GEOMETRIC_REPRESENTATION_CONTEXT(2) 
PARAMETRIC_REPRESENTATION_CONTEXT() REPRESENTATION_CONTEXT('2D SPACE',''
  ) );
#751 = ORIENTED_EDGE('',*,*,#752,.T.);
#752 = EDGE_CURVE('',#725,#753,#755,.T.);
#753 = VERTEX_POINT('',#754);
#754 = CARTESIAN_POINT('',(199.2795947,-117.3702291,5.6));
#755 = SURFACE_CURVE('',#756,(#760,#767),.PCURVE_S1.);
#756 = LINE('',#757,#758);
#757 = CARTESIAN_POINT('',(199.26614439628,-117.5067923254,5.6));
#758 = VECTOR('',#759,1.);
#759 = DIRECTION('',(9.801714032941E-02,0.995184726672,0.));
#760 = PCURVE('',#144,#761);
#761 = DEFINITIONAL_REPRESENTATION('',(#762),#766);
#762 = LINE('',#763,#764);
#763 = CARTESIAN_POINT('',(14.296688648598,6.080435613139));
#764 = VECTOR('',#765,1.);
#765 = DIRECTION('',(-9.801714032941E-02,0.995184726672));
#766 = ( GEOMETRIC_REPRESENTATION_CONTEXT(2) 
PARAMETRIC_REPRESENTATION_CONTEXT() REPRESENTATION_CONTEXT('2D SPACE',''
  ) );
#767 = PCURVE('',#768,#773);
#768 = PLANE('',#769);
#769 = AXIS2_PLACEMENT_3D('',#770,#771,#772);
#770 = CARTESIAN_POINT('',(199.26614439628,-117.5067923254,5.6));
#771 = DIRECTION('',(-0.995184726672,9.801714032941E-02,0.));
#772 = DIRECTION('',(9.801714032941E-02,0.995184726672,0.));
#773 = DEFINITIONAL_REPRESENTATION('',(#774),#778);
#774 = LINE('',#775,#776);
#775 = CARTESIAN_POINT('',(0.,0.));
#776 = VECTOR('',#777,1.);
#777 = DIRECTION('',(1.,0.));
#778 = ( GEOMETRIC_REPRESENTATION_CONTEXT(2) 
PARAMETRIC_REPRESENTATION_CONTEXT() REPRESENTATION_CONTEXT('2D SPACE',''
  ) );
#779 = ORIENTED_EDGE('',*,*,#780,.T.);
#780 = EDGE_CURVE('',#753,#781,#783,.T.);
#781 = VERTEX_POINT('',#782);
#782 = CARTESIAN_POINT('',(199.2795947,-100.8702291,5.6));
#783 = SURFACE_CURVE('',#784,(#788,#795),.PCURVE_S1.);
#784 = LINE('',#785,#786);
#785 = CARTESIAN_POINT('',(199.2795947,-117.3702291,5.6));
#786 = VECTOR('',#787,1.);
#787 = DIRECTION('',(0.,1.,0.));
#788 = PCURVE('',#144,#789);
#789 = DEFINITIONAL_REPRESENTATION('',(#790),#794);
#790 = LINE('',#791,#792);
#791 = CARTESIAN_POINT('',(14.283238344881,6.21699883855));
#792 = VECTOR('',#793,1.);
#793 = DIRECTION('',(0.,1.));
#794 = ( GEOMETRIC_REPRESENTATION_CONTEXT(2) 
PARAMETRIC_REPRESENTATION_CONTEXT() REPRESENTATION_CONTEXT('2D SPACE',''
  ) );
#795 = PCURVE('',#796,#801);
#796 = PLANE('',#797);
#797 = AXIS2_PLACEMENT_3D('',#798,#799,#800);
#798 = CARTESIAN_POINT('',(199.2795947,-117.3702291,5.6));
#799 = DIRECTION('',(-1.,0.,0.));
#800 = DIRECTION('',(0.,1.,0.));
#801 = DEFINITIONAL_REPRESENTATION('',(#802),#806);
#802 = LINE('',#803,#804);
#803 = CARTESIAN_POINT('',(0.,0.));
#804 = VECTOR('',#805,1.);
#805 = DIRECTION('',(1.,0.));
#806 = ( GEOMETRIC_REPRESENTATION_CONTEXT(2) 
PARAMETRIC_REPRESENTATION_CONTEXT() REPRESENTATION_CONTEXT('2D SPACE',''
  ) );
#807 = ORIENTED_EDGE('',*,*,#808,.T.);
#808 = EDGE_CURVE('',#781,#809,#811,.T.);
#809 = VERTEX_POINT('',#810);
#810 = CARTESIAN_POINT('',(199.24945293501,-100.6670298259,5.6));
#811 = SURFACE_CURVE('',#812,(#816,#823),.PCURVE_S1.);
#812 = LINE('',#813,#814);
#813 = CARTESIAN_POINT('',(199.2795947,-100.8702291,5.6));
#814 = VECTOR('',#815,1.);
#815 = DIRECTION('',(-0.146730474455,0.989176509965,0.));
#816 = PCURVE('',#144,#817);
#817 = DEFINITIONAL_REPRESENTATION('',(#818),#822);
#818 = LINE('',#819,#820);
#819 = CARTESIAN_POINT('',(14.283238344881,22.71699883855));
#820 = VECTOR('',#821,1.);
#821 = DIRECTION('',(0.146730474455,0.989176509965));
#822 = ( GEOMETRIC_REPRESENTATION_CONTEXT(2) 
PARAMETRIC_REPRESENTATION_CONTEXT() REPRESENTATION_CONTEXT('2D SPACE',''
  ) );
#823 = PCURVE('',#824,#829);
#824 = PLANE('',#825);
#825 = AXIS2_PLACEMENT_3D('',#826,#827,#828);
#826 = CARTESIAN_POINT('',(199.2795947,-100.8702291,5.6));
#827 = DIRECTION('',(-0.989176509965,-0.146730474455,0.));
#828 = DIRECTION('',(-0.146730474455,0.989176509965,0.));
#829 = DEFINITIONAL_REPRESENTATION('',(#830),#834);
#830 = LINE('',#831,#832);
#831 = CARTESIAN_POINT('',(0.,0.));
#832 = VECTOR('',#833,1.);
#833 = DIRECTION('',(1.,0.));
#834 = ( GEOMETRIC_REPRESENTATION_CONTEXT(2) 
PARAMETRIC_REPRESENTATION_CONTEXT() REPRESENTATION_CONTEXT('2D SPACE',''
  ) );
#835 = ORIENTED_EDGE('',*,*,#836,.T.);
#836 = EDGE_CURVE('',#809,#837,#839,.T.);
#837 = VERTEX_POINT('',#838);
#838 = CARTESIAN_POINT('',(199.16162342861,-100.4813299368,5.6));
#839 = SURFACE_CURVE('',#840,(#844,#851),.PCURVE_S1.);
#840 = LINE('',#841,#842);
#841 = CARTESIAN_POINT('',(199.24945293501,-100.6670298259,5.6));
#842 = VECTOR('',#843,1.);
#843 = DIRECTION('',(-0.42755509343,0.903989293123,0.));
#844 = PCURVE('',#144,#845);
#845 = DEFINITIONAL_REPRESENTATION('',(#846),#850);
#846 = LINE('',#847,#848);
#847 = CARTESIAN_POINT('',(14.313380109868,22.920198112628));
#848 = VECTOR('',#849,1.);
#849 = DIRECTION('',(0.42755509343,0.903989293123));
#850 = ( GEOMETRIC_REPRESENTATION_CONTEXT(2) 
PARAMETRIC_REPRESENTATION_CONTEXT() REPRESENTATION_CONTEXT('2D SPACE',''
  ) );
#851 = PCURVE('',#852,#857);
#852 = PLANE('',#853);
#853 = AXIS2_PLACEMENT_3D('',#854,#855,#856);
#854 = CARTESIAN_POINT('',(199.24945293501,-100.6670298259,5.6));
#855 = DIRECTION('',(-0.903989293123,-0.42755509343,0.));
#856 = DIRECTION('',(-0.42755509343,0.903989293123,0.));
#857 = DEFINITIONAL_REPRESENTATION('',(#858),#862);
#858 = LINE('',#859,#860);
#859 = CARTESIAN_POINT('',(0.,0.));
#860 = VECTOR('',#861,1.);
#861 = DIRECTION('',(1.,0.));
#862 = ( GEOMETRIC_REPRESENTATION_CONTEXT(2) 
PARAMETRIC_REPRESENTATION_CONTEXT() REPRESENTATION_CONTEXT('2D SPACE',''
  ) );
#863 = ORIENTED_EDGE('',*,*,#864,.T.);
#864 = EDGE_CURVE('',#837,#865,#867,.T.);
#865 = VERTEX_POINT('',#866);
#866 = CARTESIAN_POINT('',(199.02366999891,-100.3291217826,5.6));
#867 = SURFACE_CURVE('',#868,(#872,#879),.PCURVE_S1.);
#868 = LINE('',#869,#870);
#869 = CARTESIAN_POINT('',(199.16162342861,-100.4813299368,5.6));
#870 = VECTOR('',#871,1.);
#871 = DIRECTION('',(-0.671558954847,0.740951125355,0.));
#872 = PCURVE('',#144,#873);
#873 = DEFINITIONAL_REPRESENTATION('',(#874),#878);
#874 = LINE('',#875,#876);
#875 = CARTESIAN_POINT('',(14.401209616269,23.105898001664));
#876 = VECTOR('',#877,1.);
#877 = DIRECTION('',(0.671558954847,0.740951125355));
#878 = ( GEOMETRIC_REPRESENTATION_CONTEXT(2) 
PARAMETRIC_REPRESENTATION_CONTEXT() REPRESENTATION_CONTEXT('2D SPACE',''
  ) );
#879 = PCURVE('',#880,#885);
#880 = PLANE('',#881);
#881 = AXIS2_PLACEMENT_3D('',#882,#883,#884);
#882 = CARTESIAN_POINT('',(199.16162342861,-100.4813299368,5.6));
#883 = DIRECTION('',(-0.740951125355,-0.671558954847,0.));
#884 = DIRECTION('',(-0.671558954847,0.740951125355,0.));
#885 = DEFINITIONAL_REPRESENTATION('',(#886),#890);
#886 = LINE('',#887,#888);
#887 = CARTESIAN_POINT('',(0.,0.));
#888 = VECTOR('',#889,1.);
#889 = DIRECTION('',(1.,0.));
#890 = ( GEOMETRIC_REPRESENTATION_CONTEXT(2) 
PARAMETRIC_REPRESENTATION_CONTEXT() REPRESENTATION_CONTEXT('2D SPACE',''
  ) );
#891 = ORIENTED_EDGE('',*,*,#892,.T.);
#892 = EDGE_CURVE('',#865,#893,#895,.T.);
#893 = VERTEX_POINT('',#894);
#894 = CARTESIAN_POINT('',(198.90957241577,-100.2528842149,5.6));
#895 = SURFACE_CURVE('',#896,(#900,#907),.PCURVE_S1.);
#896 = LINE('',#897,#898);
#897 = CARTESIAN_POINT('',(199.02366999891,-100.3291217826,5.6));
#898 = VECTOR('',#899,1.);
#899 = DIRECTION('',(-0.831469612303,0.55557023302,0.));
#900 = PCURVE('',#144,#901);
#901 = DEFINITIONAL_REPRESENTATION('',(#902),#906);
#902 = LINE('',#903,#904);
#903 = CARTESIAN_POINT('',(14.539163045966,23.258106155904));
#904 = VECTOR('',#905,1.);
#905 = DIRECTION('',(0.831469612303,0.55557023302));
#906 = ( GEOMETRIC_REPRESENTATION_CONTEXT(2) 
PARAMETRIC_REPRESENTATION_CONTEXT() REPRESENTATION_CONTEXT('2D SPACE',''
  ) );
#907 = PCURVE('',#908,#913);
#908 = PLANE('',#909);
#909 = AXIS2_PLACEMENT_3D('',#910,#911,#912);
#910 = CARTESIAN_POINT('',(199.02366999891,-100.3291217826,5.6));
#911 = DIRECTION('',(-0.55557023302,-0.831469612303,0.));
#912 = DIRECTION('',(-0.831469612303,0.55557023302,0.));
#913 = DEFINITIONAL_REPRESENTATION('',(#914),#918);
#914 = LINE('',#915,#916);
#915 = CARTESIAN_POINT('',(0.,0.));
#916 = VECTOR('',#917,1.);
#917 = DIRECTION('',(1.,0.));
#918 = ( GEOMETRIC_REPRESENTATION_CONTEXT(2) 
PARAMETRIC_REPRESENTATION_CONTEXT() REPRESENTATION_CONTEXT('2D SPACE',''
  ) );
#919 = ORIENTED_EDGE('',*,*,#920,.T.);
#920 = EDGE_CURVE('',#893,#921,#923,.T.);
#921 = VERTEX_POINT('',#922);
#922 = CARTESIAN_POINT('',(198.78279397407,-100.2003708649,5.6));
#923 = SURFACE_CURVE('',#924,(#928,#935),.PCURVE_S1.);
#924 = LINE('',#925,#926);
#925 = CARTESIAN_POINT('',(198.90957241577,-100.2528842149,5.6));
#926 = VECTOR('',#927,1.);
#927 = DIRECTION('',(-0.923879532511,0.382683432365,0.));
#928 = PCURVE('',#144,#929);
#929 = DEFINITIONAL_REPRESENTATION('',(#930),#934);
#930 = LINE('',#931,#932);
#931 = CARTESIAN_POINT('',(14.653260629102,23.334343723594));
#932 = VECTOR('',#933,1.);
#933 = DIRECTION('',(0.923879532511,0.382683432365));
#934 = ( GEOMETRIC_REPRESENTATION_CONTEXT(2) 
PARAMETRIC_REPRESENTATION_CONTEXT() REPRESENTATION_CONTEXT('2D SPACE',''
  ) );
#935 = PCURVE('',#936,#941);
#936 = PLANE('',#937);
#937 = AXIS2_PLACEMENT_3D('',#938,#939,#940);
#938 = CARTESIAN_POINT('',(198.90957241577,-100.2528842149,5.6));
#939 = DIRECTION('',(-0.382683432365,-0.923879532511,0.));
#940 = DIRECTION('',(-0.923879532511,0.382683432365,0.));
#941 = DEFINITIONAL_REPRESENTATION('',(#942),#946);
#942 = LINE('',#943,#944);
#943 = CARTESIAN_POINT('',(0.,0.));
#944 = VECTOR('',#945,1.);
#945 = DIRECTION('',(1.,0.));
#946 = ( GEOMETRIC_REPRESENTATION_CONTEXT(2) 
PARAMETRIC_REPRESENTATION_CONTEXT() REPRESENTATION_CONTEXT('2D SPACE',''
  ) );
#947 = ORIENTED_EDGE('',*,*,#948,.T.);
#948 = EDGE_CURVE('',#921,#949,#951,.T.);
#949 = VERTEX_POINT('',#950);
#950 = CARTESIAN_POINT('',(198.5795947,-100.1702291,5.6));
#951 = SURFACE_CURVE('',#952,(#956,#963),.PCURVE_S1.);
#952 = LINE('',#953,#954);
#953 = CARTESIAN_POINT('',(198.78279397407,-100.2003708649,5.6));
#954 = VECTOR('',#955,1.);
#955 = DIRECTION('',(-0.989176509965,0.146730474455,0.));
#956 = PCURVE('',#144,#957);
#957 = DEFINITIONAL_REPRESENTATION('',(#958),#962);
#958 = LINE('',#959,#960);
#959 = CARTESIAN_POINT('',(14.780039070803,23.386857073563));
#960 = VECTOR('',#961,1.);
#961 = DIRECTION('',(0.989176509965,0.146730474455));
#962 = ( GEOMETRIC_REPRESENTATION_CONTEXT(2) 
PARAMETRIC_REPRESENTATION_CONTEXT() REPRESENTATION_CONTEXT('2D SPACE',''
  ) );
#963 = PCURVE('',#964,#969);
#964 = PLANE('',#965);
#965 = AXIS2_PLACEMENT_3D('',#966,#967,#968);
#966 = CARTESIAN_POINT('',(198.78279397407,-100.2003708649,5.6));
#967 = DIRECTION('',(-0.146730474455,-0.989176509965,0.));
#968 = DIRECTION('',(-0.989176509965,0.146730474455,0.));
#969 = DEFINITIONAL_REPRESENTATION('',(#970),#974);
#970 = LINE('',#971,#972);
#971 = CARTESIAN_POINT('',(0.,0.));
#972 = VECTOR('',#973,1.);
#973 = DIRECTION('',(1.,0.));
#974 = ( GEOMETRIC_REPRESENTATION_CONTEXT(2) 
PARAMETRIC_REPRESENTATION_CONTEXT() REPRESENTATION_CONTEXT('2D SPACE',''
  ) );
#975 = ORIENTED_EDGE('',*,*,#976,.T.);
#976 = EDGE_CURVE('',#949,#977,#979,.T.);
#977 = VERTEX_POINT('',#978);
#978 = CARTESIAN_POINT('',(196.8295947,-100.1702291,5.6));
#979 = SURFACE_CURVE('',#980,(#984,#991),.PCURVE_S1.);
#980 = LINE('',#981,#982);
#981 = CARTESIAN_POINT('',(198.5795947,-100.1702291,5.6));
#982 = VECTOR('',#983,1.);
#983 = DIRECTION('',(-1.,0.,0.));
#984 = PCURVE('',#144,#985);
#985 = DEFINITIONAL_REPRESENTATION('',(#986),#990);
#986 = LINE('',#987,#988);
#987 = CARTESIAN_POINT('',(14.983238344881,23.41699883855));
#988 = VECTOR('',#989,1.);
#989 = DIRECTION('',(1.,0.));
#990 = ( GEOMETRIC_REPRESENTATION_CONTEXT(2) 
PARAMETRIC_REPRESENTATION_CONTEXT() REPRESENTATION_CONTEXT('2D SPACE',''
  ) );
#991 = PCURVE('',#992,#997);
#992 = PLANE('',#993);
#993 = AXIS2_PLACEMENT_3D('',#994,#995,#996);
#994 = CARTESIAN_POINT('',(198.5795947,-100.1702291,5.6));
#995 = DIRECTION('',(0.,-1.,0.));
#996 = DIRECTION('',(-1.,0.,0.));
#997 = DEFINITIONAL_REPRESENTATION('',(#998),#1002);
#998 = LINE('',#999,#1000);
#999 = CARTESIAN_POINT('',(0.,-0.));
#1000 = VECTOR('',#1001,1.);
#1001 = DIRECTION('',(1.,0.));
#1002 = ( GEOMETRIC_REPRESENTATION_CONTEXT(2) 
PARAMETRIC_REPRESENTATION_CONTEXT() REPRESENTATION_CONTEXT('2D SPACE',''
  ) );
#1003 = ORIENTED_EDGE('',*,*,#1004,.T.);
#1004 = EDGE_CURVE('',#977,#1005,#1007,.T.);
#1005 = VERTEX_POINT('',#1006);
#1006 = CARTESIAN_POINT('',(196.8295947,-97.08912981821,5.6));
#1007 = SURFACE_CURVE('',#1008,(#1012,#1019),.PCURVE_S1.);
#1008 = LINE('',#1009,#1010);
#1009 = CARTESIAN_POINT('',(196.8295947,-100.1702291,5.6));
#1010 = VECTOR('',#1011,1.);
#1011 = DIRECTION('',(0.,1.,0.));
#1012 = PCURVE('',#144,#1013);
#1013 = DEFINITIONAL_REPRESENTATION('',(#1014),#1018);
#1014 = LINE('',#1015,#1016);
#1015 = CARTESIAN_POINT('',(16.733238344881,23.41699883855));
#1016 = VECTOR('',#1017,1.);
#1017 = DIRECTION('',(0.,1.));
#1018 = ( GEOMETRIC_REPRESENTATION_CONTEXT(2) 
PARAMETRIC_REPRESENTATION_CONTEXT() REPRESENTATION_CONTEXT('2D SPACE',''
  ) );
#1019 = PCURVE('',#1020,#1025);
#1020 = PLANE('',#1021);
#1021 = AXIS2_PLACEMENT_3D('',#1022,#1023,#1024);
#1022 = CARTESIAN_POINT('',(196.8295947,-100.1702291,5.6));
#1023 = DIRECTION('',(-1.,0.,0.));
#1024 = DIRECTION('',(0.,1.,0.));
#1025 = DEFINITIONAL_REPRESENTATION('',(#1026),#1030);
#1026 = LINE('',#1027,#1028);
#1027 = CARTESIAN_POINT('',(0.,0.));
#1028 = VECTOR('',#1029,1.);
#1029 = DIRECTION('',(1.,0.));
#1030 = ( GEOMETRIC_REPRESENTATION_CONTEXT(2) 
PARAMETRIC_REPRESENTATION_CONTEXT() REPRESENTATION_CONTEXT('2D SPACE',''
  ) );
#1031 = ORIENTED_EDGE('',*,*,#1032,.F.);
#1032 = EDGE_CURVE('',#1033,#1005,#1035,.T.);
#1033 = VERTEX_POINT('',#1034);
#1034 = CARTESIAN_POINT('',(197.12250436223,-96.89977115357,5.6));
#1035 = SURFACE_CURVE('',#1036,(#1040,#1046),.PCURVE_S1.);
#1036 = LINE('',#1037,#1038);
#1037 = CARTESIAN_POINT('',(196.83601796771,-97.08497733861,5.6));
#1038 = VECTOR('',#1039,1.);
#1039 = DIRECTION('',(-0.83979384952,-0.542905415619,0.));
#1040 = PCURVE('',#144,#1041);
#1041 = DEFINITIONAL_REPRESENTATION('',(#1042),#1045);
#1042 = B_SPLINE_CURVE_WITH_KNOTS('',1,(#1043,#1044),.UNSPECIFIED.,.F.,
  .F.,(2,2),(-0.34113895295,7.648624385263E-03),
  .PIECEWISE_BEZIER_KNOTS.);
#1043 = CARTESIAN_POINT('',(16.440328682645,26.687456784974));
#1044 = CARTESIAN_POINT('',(16.733238344881,26.498098120338));
#1045 = ( GEOMETRIC_REPRESENTATION_CONTEXT(2) 
PARAMETRIC_REPRESENTATION_CONTEXT() REPRESENTATION_CONTEXT('2D SPACE',''
  ) );
#1046 = PCURVE('',#1047,#1052);
#1047 = PLANE('',#1048);
#1048 = AXIS2_PLACEMENT_3D('',#1049,#1050,#1051);
#1049 = CARTESIAN_POINT('',(197.12250436223,-96.89977115357,2.5));
#1050 = DIRECTION('',(0.542905415619,-0.83979384952,0.));
#1051 = DIRECTION('',(-0.83979384952,-0.542905415619,0.));
#1052 = DEFINITIONAL_REPRESENTATION('',(#1053),#1056);
#1053 = B_SPLINE_CURVE_WITH_KNOTS('',1,(#1054,#1055),.UNSPECIFIED.,.F.,
  .F.,(2,2),(-0.34113895295,7.648624385263E-03),
  .PIECEWISE_BEZIER_KNOTS.);
#1054 = CARTESIAN_POINT('',(0.,-3.1));
#1055 = CARTESIAN_POINT('',(0.348787577336,-3.1));
#1056 = ( GEOMETRIC_REPRESENTATION_CONTEXT(2) 
PARAMETRIC_REPRESENTATION_CONTEXT() REPRESENTATION_CONTEXT('2D SPACE',''
  ) );
#1057 = ORIENTED_EDGE('',*,*,#1058,.F.);
#1058 = EDGE_CURVE('',#1059,#1033,#1061,.T.);
#1059 = VERTEX_POINT('',#1060);
#1060 = CARTESIAN_POINT('',(197.66730219793,-96.49349503442,5.6));
#1061 = SURFACE_CURVE('',#1062,(#1066,#1072),.PCURVE_S1.);
#1062 = LINE('',#1063,#1064);
#1063 = CARTESIAN_POINT('',(196.28268302927,-97.52605732723,5.6));
#1064 = VECTOR('',#1065,1.);
#1065 = DIRECTION('',(-0.801637200722,-0.597810838325,0.));
#1066 = PCURVE('',#144,#1067);
#1067 = DEFINITIONAL_REPRESENTATION('',(#1068),#1071);
#1068 = B_SPLINE_CURVE_WITH_KNOTS('',1,(#1069,#1070),.UNSPECIFIED.,.F.,
  .F.,(2,2),(-1.727239164314,-1.047632684967),.PIECEWISE_BEZIER_KNOTS.);
#1069 = CARTESIAN_POINT('',(15.895530846949,27.093732904123));
#1070 = CARTESIAN_POINT('',(16.440328682645,26.687456784974));
#1071 = ( GEOMETRIC_REPRESENTATION_CONTEXT(2) 
PARAMETRIC_REPRESENTATION_CONTEXT() REPRESENTATION_CONTEXT('2D SPACE',''
  ) );
#1072 = PCURVE('',#1073,#1078);
#1073 = PLANE('',#1074);
#1074 = AXIS2_PLACEMENT_3D('',#1075,#1076,#1077);
#1075 = CARTESIAN_POINT('',(197.66730219793,-96.49349503442,2.5));
#1076 = DIRECTION('',(0.597810838325,-0.801637200722,0.));
#1077 = DIRECTION('',(-0.801637200722,-0.597810838325,0.));
#1078 = DEFINITIONAL_REPRESENTATION('',(#1079),#1082);
#1079 = B_SPLINE_CURVE_WITH_KNOTS('',1,(#1080,#1081),.UNSPECIFIED.,.F.,
  .F.,(2,2),(-1.727239164314,-1.047632684967),.PIECEWISE_BEZIER_KNOTS.);
#1080 = CARTESIAN_POINT('',(0.,-3.1));
#1081 = CARTESIAN_POINT('',(0.679606479347,-3.1));
#1082 = ( GEOMETRIC_REPRESENTATION_CONTEXT(2) 
PARAMETRIC_REPRESENTATION_CONTEXT() REPRESENTATION_CONTEXT('2D SPACE',''
  ) );
#1083 = ORIENTED_EDGE('',*,*,#1084,.F.);
#1084 = EDGE_CURVE('',#1085,#1059,#1087,.T.);
#1085 = VERTEX_POINT('',#1086);
#1086 = CARTESIAN_POINT('',(197.91455104956,-96.3432613023,5.6));
#1087 = SURFACE_CURVE('',#1088,(#1092,#1098),.PCURVE_S1.);
#1088 = LINE('',#1089,#1090);
#1089 = CARTESIAN_POINT('',(197.58379703053,-96.54423457423,5.6));
#1090 = VECTOR('',#1091,1.);
#1091 = DIRECTION('',(-0.854605979862,-0.519277015845,0.));
#1092 = PCURVE('',#144,#1093);
#1093 = DEFINITIONAL_REPRESENTATION('',(#1094),#1097);
#1094 = B_SPLINE_CURVE_WITH_KNOTS('',1,(#1095,#1096),.UNSPECIFIED.,.F.,
  .F.,(2,2),(-0.387025163442,-9.771189222857E-02),
  .PIECEWISE_BEZIER_KNOTS.);
#1095 = CARTESIAN_POINT('',(15.648281995316,27.243966636244));
#1096 = CARTESIAN_POINT('',(15.895530846949,27.093732904123));
#1097 = ( GEOMETRIC_REPRESENTATION_CONTEXT(2) 
PARAMETRIC_REPRESENTATION_CONTEXT() REPRESENTATION_CONTEXT('2D SPACE',''
  ) );
#1098 = PCURVE('',#1099,#1104);
#1099 = PLANE('',#1100);
#1100 = AXIS2_PLACEMENT_3D('',#1101,#1102,#1103);
#1101 = CARTESIAN_POINT('',(197.91455104956,-96.3432613023,2.5));
#1102 = DIRECTION('',(0.519277015845,-0.854605979862,0.));
#1103 = DIRECTION('',(-0.854605979862,-0.519277015845,0.));
#1104 = DEFINITIONAL_REPRESENTATION('',(#1105),#1108);
#1105 = B_SPLINE_CURVE_WITH_KNOTS('',1,(#1106,#1107),.UNSPECIFIED.,.F.,
  .F.,(2,2),(-0.387025163442,-9.771189222857E-02),
  .PIECEWISE_BEZIER_KNOTS.);
#1106 = CARTESIAN_POINT('',(0.,-3.1));
#1107 = CARTESIAN_POINT('',(0.289313271214,-3.1));
#1108 = ( GEOMETRIC_REPRESENTATION_CONTEXT(2) 
PARAMETRIC_REPRESENTATION_CONTEXT() REPRESENTATION_CONTEXT('2D SPACE',''
  ) );
#1109 = ORIENTED_EDGE('',*,*,#1110,.F.);
#1110 = EDGE_CURVE('',#1111,#1085,#1113,.T.);
#1111 = VERTEX_POINT('',#1112);
#1112 = CARTESIAN_POINT('',(198.08174062621,-96.26668284469,5.6));
#1113 = SURFACE_CURVE('',#1114,(#1118,#1124),.PCURVE_S1.);
#1114 = LINE('',#1115,#1116);
#1115 = CARTESIAN_POINT('',(199.30813140855,-95.7049545574,5.6));
#1116 = VECTOR('',#1117,1.);
#1117 = DIRECTION('',(-0.909167983091,-0.416429560098,0.));
#1118 = PCURVE('',#144,#1119);
#1119 = DEFINITIONAL_REPRESENTATION('',(#1120),#1123);
#1120 = B_SPLINE_CURVE_WITH_KNOTS('',1,(#1121,#1122),.UNSPECIFIED.,.F.,
  .F.,(2,2),(1.34891549763,1.532808441241),.PIECEWISE_BEZIER_KNOTS.);
#1121 = CARTESIAN_POINT('',(15.481092418669,27.320545093857));
#1122 = CARTESIAN_POINT('',(15.648281995316,27.243966636244));
#1123 = ( GEOMETRIC_REPRESENTATION_CONTEXT(2) 
PARAMETRIC_REPRESENTATION_CONTEXT() REPRESENTATION_CONTEXT('2D SPACE',''
  ) );
#1124 = PCURVE('',#1125,#1130);
#1125 = PLANE('',#1126);
#1126 = AXIS2_PLACEMENT_3D('',#1127,#1128,#1129);
#1127 = CARTESIAN_POINT('',(198.08174062621,-96.26668284469,2.5));
#1128 = DIRECTION('',(0.416429560098,-0.909167983091,0.));
#1129 = DIRECTION('',(-0.909167983091,-0.416429560098,0.));
#1130 = DEFINITIONAL_REPRESENTATION('',(#1131),#1134);
#1131 = B_SPLINE_CURVE_WITH_KNOTS('',1,(#1132,#1133),.UNSPECIFIED.,.F.,
  .F.,(2,2),(1.34891549763,1.532808441241),.PIECEWISE_BEZIER_KNOTS.);
#1132 = CARTESIAN_POINT('',(0.,-3.1));
#1133 = CARTESIAN_POINT('',(0.183892943611,-3.1));
#1134 = ( GEOMETRIC_REPRESENTATION_CONTEXT(2) 
PARAMETRIC_REPRESENTATION_CONTEXT() REPRESENTATION_CONTEXT('2D SPACE',''
  ) );
#1135 = ORIENTED_EDGE('',*,*,#1136,.F.);
#1136 = EDGE_CURVE('',#1137,#1111,#1139,.T.);
#1137 = VERTEX_POINT('',#1138);
#1138 = CARTESIAN_POINT('',(198.31425868552,-96.18907705305,5.6));
#1139 = SURFACE_CURVE('',#1140,(#1144,#1150),.PCURVE_S1.);
#1140 = LINE('',#1141,#1142);
#1141 = CARTESIAN_POINT('',(201.06039669068,-95.27251936943,5.6));
#1142 = VECTOR('',#1143,1.);
#1143 = DIRECTION('',(-0.948561121048,-0.316594061278,0.));
#1144 = PCURVE('',#144,#1145);
#1145 = DEFINITIONAL_REPRESENTATION('',(#1146),#1149);
#1146 = B_SPLINE_CURVE_WITH_KNOTS('',1,(#1147,#1148),.UNSPECIFIED.,.F.,
  .F.,(2,2),(2.895056464178,3.140183587937),.PIECEWISE_BEZIER_KNOTS.);
#1147 = CARTESIAN_POINT('',(15.248574359357,27.398150885497));
#1148 = CARTESIAN_POINT('',(15.481092418669,27.320545093857));
#1149 = ( GEOMETRIC_REPRESENTATION_CONTEXT(2) 
PARAMETRIC_REPRESENTATION_CONTEXT() REPRESENTATION_CONTEXT('2D SPACE',''
  ) );
#1150 = PCURVE('',#1151,#1156);
#1151 = PLANE('',#1152);
#1152 = AXIS2_PLACEMENT_3D('',#1153,#1154,#1155);
#1153 = CARTESIAN_POINT('',(198.31425868552,-96.18907705305,2.5));
#1154 = DIRECTION('',(0.316594061278,-0.948561121048,0.));
#1155 = DIRECTION('',(-0.948561121048,-0.316594061278,0.));
#1156 = DEFINITIONAL_REPRESENTATION('',(#1157),#1160);
#1157 = B_SPLINE_CURVE_WITH_KNOTS('',1,(#1158,#1159),.UNSPECIFIED.,.F.,
  .F.,(2,2),(2.895056464178,3.140183587937),.PIECEWISE_BEZIER_KNOTS.);
#1158 = CARTESIAN_POINT('',(0.,-3.1));
#1159 = CARTESIAN_POINT('',(0.245127123759,-3.1));
#1160 = ( GEOMETRIC_REPRESENTATION_CONTEXT(2) 
PARAMETRIC_REPRESENTATION_CONTEXT() REPRESENTATION_CONTEXT('2D SPACE',''
  ) );
#1161 = ORIENTED_EDGE('',*,*,#1162,.F.);
#1162 = EDGE_CURVE('',#1163,#1137,#1165,.T.);
#1163 = VERTEX_POINT('',#1164);
#1164 = CARTESIAN_POINT('',(198.79282265619,-96.12124548126,5.6));
#1165 = SURFACE_CURVE('',#1166,(#1170,#1176),.PCURVE_S1.);
#1166 = LINE('',#1167,#1168);
#1167 = CARTESIAN_POINT('',(204.12420765638,-95.36557592283,5.6));
#1168 = VECTOR('',#1169,1.);
#1169 = DIRECTION('',(-0.990103776985,-0.140337132645,0.));
#1170 = PCURVE('',#144,#1171);
#1171 = DEFINITIONAL_REPRESENTATION('',(#1172),#1175);
#1172 = B_SPLINE_CURVE_WITH_KNOTS('',1,(#1173,#1174),.UNSPECIFIED.,.F.,
  .F.,(2,2),(5.384672924309,5.868020207484),.PIECEWISE_BEZIER_KNOTS.);
#1173 = CARTESIAN_POINT('',(14.77001038869,27.465982457289));
#1174 = CARTESIAN_POINT('',(15.248574359357,27.398150885497));
#1175 = ( GEOMETRIC_REPRESENTATION_CONTEXT(2) 
PARAMETRIC_REPRESENTATION_CONTEXT() REPRESENTATION_CONTEXT('2D SPACE',''
  ) );
#1176 = PCURVE('',#1177,#1182);
#1177 = PLANE('',#1178);
#1178 = AXIS2_PLACEMENT_3D('',#1179,#1180,#1181);
#1179 = CARTESIAN_POINT('',(198.79282265619,-96.12124548126,2.5));
#1180 = DIRECTION('',(0.140337132645,-0.990103776985,0.));
#1181 = DIRECTION('',(-0.990103776985,-0.140337132645,0.));
#1182 = DEFINITIONAL_REPRESENTATION('',(#1183),#1186);
#1183 = B_SPLINE_CURVE_WITH_KNOTS('',1,(#1184,#1185),.UNSPECIFIED.,.F.,
  .F.,(2,2),(5.384672924309,5.868020207484),.PIECEWISE_BEZIER_KNOTS.);
#1184 = CARTESIAN_POINT('',(0.,-3.1));
#1185 = CARTESIAN_POINT('',(0.483347283175,-3.1));
#1186 = ( GEOMETRIC_REPRESENTATION_CONTEXT(2) 
PARAMETRIC_REPRESENTATION_CONTEXT() REPRESENTATION_CONTEXT('2D SPACE',''
  ) );
#1187 = ORIENTED_EDGE('',*,*,#1188,.F.);
#1188 = EDGE_CURVE('',#1189,#1163,#1191,.T.);
#1189 = VERTEX_POINT('',#1190);
#1190 = CARTESIAN_POINT('',(224.90319443772,-96.12260001479,5.6));
#1191 = SURFACE_CURVE('',#1192,(#1196,#1202),.PCURVE_S1.);
#1192 = LINE('',#1193,#1194);
#1193 = CARTESIAN_POINT('',(219.23372615085,-96.12230589853,5.6));
#1194 = VECTOR('',#1195,1.);
#1195 = DIRECTION('',(-0.999999998654,5.187722128786E-05,0.));
#1196 = PCURVE('',#144,#1197);
#1197 = DEFINITIONAL_REPRESENTATION('',(#1198),#1201);
#1198 = B_SPLINE_CURVE_WITH_KNOTS('',1,(#1199,#1200),.UNSPECIFIED.,.F.,
  .F.,(2,2),(-5.669468294501,20.440903522166),.PIECEWISE_BEZIER_KNOTS.);
#1199 = CARTESIAN_POINT('',(-11.34036139284,27.464627923753));
#1200 = CARTESIAN_POINT('',(14.77001038869,27.465982457289));
#1201 = ( GEOMETRIC_REPRESENTATION_CONTEXT(2) 
PARAMETRIC_REPRESENTATION_CONTEXT() REPRESENTATION_CONTEXT('2D SPACE',''
  ) );
#1202 = PCURVE('',#1203,#1208);
#1203 = PLANE('',#1204);
#1204 = AXIS2_PLACEMENT_3D('',#1205,#1206,#1207);
#1205 = CARTESIAN_POINT('',(224.90319443772,-96.12260001479,2.5));
#1206 = DIRECTION('',(-5.187722128786E-05,-0.999999998654,0.));
#1207 = DIRECTION('',(-0.999999998654,5.187722128786E-05,0.));
#1208 = DEFINITIONAL_REPRESENTATION('',(#1209),#1212);
#1209 = B_SPLINE_CURVE_WITH_KNOTS('',1,(#1210,#1211),.UNSPECIFIED.,.F.,
  .F.,(2,2),(-5.669468294501,20.440903522166),.PIECEWISE_BEZIER_KNOTS.);
#1210 = CARTESIAN_POINT('',(0.,-3.1));
#1211 = CARTESIAN_POINT('',(26.110371816667,-3.1));
#1212 = ( GEOMETRIC_REPRESENTATION_CONTEXT(2) 
PARAMETRIC_REPRESENTATION_CONTEXT() REPRESENTATION_CONTEXT('2D SPACE',''
  ) );
#1213 = ORIENTED_EDGE('',*,*,#1214,.F.);
#1214 = EDGE_CURVE('',#1215,#1189,#1217,.T.);
#1215 = VERTEX_POINT('',#1216);
#1216 = CARTESIAN_POINT('',(225.22541317076,-96.16177564304,5.6));
#1217 = SURFACE_CURVE('',#1218,(#1222,#1228),.PCURVE_S1.);
#1218 = LINE('',#1219,#1220);
#1219 = CARTESIAN_POINT('',(221.12198452944,-95.6628772908,5.6));
#1220 = VECTOR('',#1221,1.);
#1221 = DIRECTION('',(-0.992689990946,0.120692095332,0.));
#1222 = PCURVE('',#144,#1223);
#1223 = DEFINITIONAL_REPRESENTATION('',(#1224),#1227);
#1224 = B_SPLINE_CURVE_WITH_KNOTS('',1,(#1225,#1226),.UNSPECIFIED.,.F.,
  .F.,(2,2),(-4.133645628294,-3.809054128446),.PIECEWISE_BEZIER_KNOTS.);
#1225 = CARTESIAN_POINT('',(-11.66258012588,27.425452295509));
#1226 = CARTESIAN_POINT('',(-11.34036139284,27.464627923753));
#1227 = ( GEOMETRIC_REPRESENTATION_CONTEXT(2) 
PARAMETRIC_REPRESENTATION_CONTEXT() REPRESENTATION_CONTEXT('2D SPACE',''
  ) );
#1228 = PCURVE('',#1229,#1234);
#1229 = PLANE('',#1230);
#1230 = AXIS2_PLACEMENT_3D('',#1231,#1232,#1233);
#1231 = CARTESIAN_POINT('',(225.22541317076,-96.16177564304,2.5));
#1232 = DIRECTION('',(-0.120692095332,-0.992689990946,0.));
#1233 = DIRECTION('',(-0.992689990946,0.120692095332,0.));
#1234 = DEFINITIONAL_REPRESENTATION('',(#1235),#1238);
#1235 = B_SPLINE_CURVE_WITH_KNOTS('',1,(#1236,#1237),.UNSPECIFIED.,.F.,
  .F.,(2,2),(-4.133645628294,-3.809054128446),.PIECEWISE_BEZIER_KNOTS.);
#1236 = CARTESIAN_POINT('',(0.,-3.1));
#1237 = CARTESIAN_POINT('',(0.324591499848,-3.1));
#1238 = ( GEOMETRIC_REPRESENTATION_CONTEXT(2) 
PARAMETRIC_REPRESENTATION_CONTEXT() REPRESENTATION_CONTEXT('2D SPACE',''
  ) );
#1239 = ORIENTED_EDGE('',*,*,#1240,.F.);
#1240 = EDGE_CURVE('',#1241,#1215,#1243,.T.);
#1241 = VERTEX_POINT('',#1242);
#1242 = CARTESIAN_POINT('',(225.51437633236,-96.24279666837,5.6));
#1243 = SURFACE_CURVE('',#1244,(#1248,#1254),.PCURVE_S1.);
#1244 = LINE('',#1245,#1246);
#1245 = CARTESIAN_POINT('',(223.52823539317,-95.68591192757,5.6));
#1246 = VECTOR('',#1247,1.);
#1247 = DIRECTION('',(-0.962867629981,0.269973937881,0.));
#1248 = PCURVE('',#144,#1249);
#1249 = DEFINITIONAL_REPRESENTATION('',(#1250),#1253);
#1250 = B_SPLINE_CURVE_WITH_KNOTS('',1,(#1251,#1252),.UNSPECIFIED.,.F.,
  .F.,(2,2),(-2.062735185349,-1.762628345529),.PIECEWISE_BEZIER_KNOTS.);
#1251 = CARTESIAN_POINT('',(-11.95154328748,27.344431270178));
#1252 = CARTESIAN_POINT('',(-11.66258012588,27.425452295509));
#1253 = ( GEOMETRIC_REPRESENTATION_CONTEXT(2) 
PARAMETRIC_REPRESENTATION_CONTEXT() REPRESENTATION_CONTEXT('2D SPACE',''
  ) );
#1254 = PCURVE('',#1255,#1260);
#1255 = PLANE('',#1256);
#1256 = AXIS2_PLACEMENT_3D('',#1257,#1258,#1259);
#1257 = CARTESIAN_POINT('',(225.51437633236,-96.24279666837,2.5));
#1258 = DIRECTION('',(-0.269973937881,-0.962867629981,0.));
#1259 = DIRECTION('',(-0.962867629981,0.269973937881,0.));
#1260 = DEFINITIONAL_REPRESENTATION('',(#1261),#1264);
#1261 = B_SPLINE_CURVE_WITH_KNOTS('',1,(#1262,#1263),.UNSPECIFIED.,.F.,
  .F.,(2,2),(-2.062735185349,-1.762628345529),.PIECEWISE_BEZIER_KNOTS.);
#1262 = CARTESIAN_POINT('',(0.,-3.1));
#1263 = CARTESIAN_POINT('',(0.30010683982,-3.1));
#1264 = ( GEOMETRIC_REPRESENTATION_CONTEXT(2) 
PARAMETRIC_REPRESENTATION_CONTEXT() REPRESENTATION_CONTEXT('2D SPACE',''
  ) );
#1265 = ORIENTED_EDGE('',*,*,#1266,.F.);
#1266 = EDGE_CURVE('',#1267,#1241,#1269,.T.);
#1267 = VERTEX_POINT('',#1268);
#1268 = CARTESIAN_POINT('',(225.89335739072,-96.42889201275,5.6));
#1269 = SURFACE_CURVE('',#1270,(#1274,#1280),.PCURVE_S1.);
#1270 = LINE('',#1271,#1272);
#1271 = CARTESIAN_POINT('',(226.2983699884,-96.62776991754,5.6));
#1272 = VECTOR('',#1273,1.);
#1273 = DIRECTION('',(-0.897620667531,0.440768802458,0.));
#1274 = PCURVE('',#144,#1275);
#1275 = DEFINITIONAL_REPRESENTATION('',(#1276),#1279);
#1276 = B_SPLINE_CURVE_WITH_KNOTS('',1,(#1277,#1278),.UNSPECIFIED.,.F.,
  .F.,(2,2),(0.451206854225,0.873413106892),.PIECEWISE_BEZIER_KNOTS.);
#1277 = CARTESIAN_POINT('',(-12.33052434584,27.158335925799));
#1278 = CARTESIAN_POINT('',(-11.95154328748,27.344431270178));
#1279 = ( GEOMETRIC_REPRESENTATION_CONTEXT(2) 
PARAMETRIC_REPRESENTATION_CONTEXT() REPRESENTATION_CONTEXT('2D SPACE',''
  ) );
#1280 = PCURVE('',#1281,#1286);
#1281 = PLANE('',#1282);
#1282 = AXIS2_PLACEMENT_3D('',#1283,#1284,#1285);
#1283 = CARTESIAN_POINT('',(225.89335739072,-96.42889201275,2.5));
#1284 = DIRECTION('',(-0.440768802458,-0.897620667531,0.));
#1285 = DIRECTION('',(-0.897620667531,0.440768802458,0.));
#1286 = DEFINITIONAL_REPRESENTATION('',(#1287),#1290);
#1287 = B_SPLINE_CURVE_WITH_KNOTS('',1,(#1288,#1289),.UNSPECIFIED.,.F.,
  .F.,(2,2),(0.451206854225,0.873413106892),.PIECEWISE_BEZIER_KNOTS.);
#1288 = CARTESIAN_POINT('',(0.,-3.1));
#1289 = CARTESIAN_POINT('',(0.422206252667,-3.1));
#1290 = ( GEOMETRIC_REPRESENTATION_CONTEXT(2) 
PARAMETRIC_REPRESENTATION_CONTEXT() REPRESENTATION_CONTEXT('2D SPACE',''
  ) );
#1291 = ORIENTED_EDGE('',*,*,#1292,.F.);
#1292 = EDGE_CURVE('',#1293,#1267,#1295,.T.);
#1293 = VERTEX_POINT('',#1294);
#1294 = CARTESIAN_POINT('',(226.10188399502,-96.57961488656,5.6));
#1295 = SURFACE_CURVE('',#1296,(#1300,#1306),.PCURVE_S1.);
#1296 = LINE('',#1297,#1298);
#1297 = CARTESIAN_POINT('',(228.39492584709,-98.23702382425,5.6));
#1298 = VECTOR('',#1299,1.);
#1299 = DIRECTION('',(-0.810457198253,0.585797857456,0.));
#1300 = PCURVE('',#144,#1301);
#1301 = DEFINITIONAL_REPRESENTATION('',(#1302),#1305);
#1302 = B_SPLINE_CURVE_WITH_KNOTS('',1,(#1303,#1304),.UNSPECIFIED.,.F.,
  .F.,(2,2),(2.82931887953,3.086613903568),.PIECEWISE_BEZIER_KNOTS.);
#1303 = CARTESIAN_POINT('',(-12.53905095014,27.007613051983));
#1304 = CARTESIAN_POINT('',(-12.33052434584,27.158335925799));
#1305 = ( GEOMETRIC_REPRESENTATION_CONTEXT(2) 
PARAMETRIC_REPRESENTATION_CONTEXT() REPRESENTATION_CONTEXT('2D SPACE',''
  ) );
#1306 = PCURVE('',#1307,#1312);
#1307 = PLANE('',#1308);
#1308 = AXIS2_PLACEMENT_3D('',#1309,#1310,#1311);
#1309 = CARTESIAN_POINT('',(226.10188399502,-96.57961488656,2.5));
#1310 = DIRECTION('',(-0.585797857456,-0.810457198253,0.));
#1311 = DIRECTION('',(-0.810457198253,0.585797857456,0.));
#1312 = DEFINITIONAL_REPRESENTATION('',(#1313),#1316);
#1313 = B_SPLINE_CURVE_WITH_KNOTS('',1,(#1314,#1315),.UNSPECIFIED.,.F.,
  .F.,(2,2),(2.82931887953,3.086613903568),.PIECEWISE_BEZIER_KNOTS.);
#1314 = CARTESIAN_POINT('',(0.,-3.1));
#1315 = CARTESIAN_POINT('',(0.257295024038,-3.1));
#1316 = ( GEOMETRIC_REPRESENTATION_CONTEXT(2) 
PARAMETRIC_REPRESENTATION_CONTEXT() REPRESENTATION_CONTEXT('2D SPACE',''
  ) );
#1317 = ORIENTED_EDGE('',*,*,#1318,.F.);
#1318 = EDGE_CURVE('',#1319,#1293,#1321,.T.);
#1319 = VERTEX_POINT('',#1320);
#1320 = CARTESIAN_POINT('',(226.3185337049,-96.7872853431,5.6));
#1321 = SURFACE_CURVE('',#1322,(#1326,#1332),.PCURVE_S1.);
#1322 = LINE('',#1323,#1324);
#1323 = CARTESIAN_POINT('',(229.6886917427,-100.0177639748,5.6));
#1324 = VECTOR('',#1325,1.);
#1325 = DIRECTION('',(-0.721908604287,0.691988415406,0.));
#1326 = PCURVE('',#144,#1327);
#1327 = DEFINITIONAL_REPRESENTATION('',(#1328),#1331);
#1328 = B_SPLINE_CURVE_WITH_KNOTS('',1,(#1329,#1330),.UNSPECIFIED.,.F.,
  .F.,(2,2),(4.668399874703,4.968506714524),.PIECEWISE_BEZIER_KNOTS.);
#1329 = CARTESIAN_POINT('',(-12.75570066001,26.799942595443));
#1330 = CARTESIAN_POINT('',(-12.53905095014,27.007613051983));
#1331 = ( GEOMETRIC_REPRESENTATION_CONTEXT(2) 
PARAMETRIC_REPRESENTATION_CONTEXT() REPRESENTATION_CONTEXT('2D SPACE',''
  ) );
#1332 = PCURVE('',#1333,#1338);
#1333 = PLANE('',#1334);
#1334 = AXIS2_PLACEMENT_3D('',#1335,#1336,#1337);
#1335 = CARTESIAN_POINT('',(226.3185337049,-96.7872853431,2.5));
#1336 = DIRECTION('',(-0.691988415406,-0.721908604287,0.));
#1337 = DIRECTION('',(-0.721908604287,0.691988415406,0.));
#1338 = DEFINITIONAL_REPRESENTATION('',(#1339),#1342);
#1339 = B_SPLINE_CURVE_WITH_KNOTS('',1,(#1340,#1341),.UNSPECIFIED.,.F.,
  .F.,(2,2),(4.668399874703,4.968506714524),.PIECEWISE_BEZIER_KNOTS.);
#1340 = CARTESIAN_POINT('',(0.,-3.1));
#1341 = CARTESIAN_POINT('',(0.300106839821,-3.1));
#1342 = ( GEOMETRIC_REPRESENTATION_CONTEXT(2) 
PARAMETRIC_REPRESENTATION_CONTEXT() REPRESENTATION_CONTEXT('2D SPACE',''
  ) );
#1343 = ORIENTED_EDGE('',*,*,#1344,.F.);
#1344 = EDGE_CURVE('',#1345,#1319,#1347,.T.);
#1345 = VERTEX_POINT('',#1346);
#1346 = CARTESIAN_POINT('',(226.56504042096,-97.13005721873,5.6));
#1347 = SURFACE_CURVE('',#1348,(#1352,#1358),.PCURVE_S1.);
#1348 = LINE('',#1349,#1350);
#1349 = CARTESIAN_POINT('',(230.61935020685,-102.7676454834,5.6));
#1350 = VECTOR('',#1351,1.);
#1351 = DIRECTION('',(-0.583853778841,0.811858833131,0.));
#1352 = PCURVE('',#144,#1353);
#1353 = DEFINITIONAL_REPRESENTATION('',(#1354),#1357);
#1354 = B_SPLINE_CURVE_WITH_KNOTS('',1,(#1355,#1356),.UNSPECIFIED.,.F.,
  .F.,(2,2),(6.944049919366,7.366256172032),.PIECEWISE_BEZIER_KNOTS.);
#1355 = CARTESIAN_POINT('',(-13.00220737608,26.457170719813));
#1356 = CARTESIAN_POINT('',(-12.75570066001,26.799942595443));
#1357 = ( GEOMETRIC_REPRESENTATION_CONTEXT(2) 
PARAMETRIC_REPRESENTATION_CONTEXT() REPRESENTATION_CONTEXT('2D SPACE',''
  ) );
#1358 = PCURVE('',#1359,#1364);
#1359 = PLANE('',#1360);
#1360 = AXIS2_PLACEMENT_3D('',#1361,#1362,#1363);
#1361 = CARTESIAN_POINT('',(226.56504042096,-97.13005721873,2.5));
#1362 = DIRECTION('',(-0.811858833131,-0.583853778841,0.));
#1363 = DIRECTION('',(-0.583853778841,0.811858833131,0.));
#1364 = DEFINITIONAL_REPRESENTATION('',(#1365),#1368);
#1365 = B_SPLINE_CURVE_WITH_KNOTS('',1,(#1366,#1367),.UNSPECIFIED.,.F.,
  .F.,(2,2),(6.944049919366,7.366256172032),.PIECEWISE_BEZIER_KNOTS.);
#1366 = CARTESIAN_POINT('',(0.,-3.1));
#1367 = CARTESIAN_POINT('',(0.422206252666,-3.1));
#1368 = ( GEOMETRIC_REPRESENTATION_CONTEXT(2) 
PARAMETRIC_REPRESENTATION_CONTEXT() REPRESENTATION_CONTEXT('2D SPACE',''
  ) );
#1369 = ORIENTED_EDGE('',*,*,#1370,.F.);
#1370 = EDGE_CURVE('',#1371,#1345,#1373,.T.);
#1371 = VERTEX_POINT('',#1372);
#1372 = CARTESIAN_POINT('',(226.6778941966,-97.36128168699,5.6));
#1373 = SURFACE_CURVE('',#1374,(#1378,#1384),.PCURVE_S1.);
#1374 = LINE('',#1375,#1376);
#1375 = CARTESIAN_POINT('',(230.58511165154,-105.3667230048,5.6));
#1376 = VECTOR('',#1377,1.);
#1377 = DIRECTION('',(-0.438616238539,0.898674465694,0.));
#1378 = PCURVE('',#144,#1379);
#1379 = DEFINITIONAL_REPRESENTATION('',(#1380),#1383);
#1380 = B_SPLINE_CURVE_WITH_KNOTS('',1,(#1381,#1382),.UNSPECIFIED.,.F.,
  .F.,(2,2),(8.908054722178,9.165349746216),.PIECEWISE_BEZIER_KNOTS.);
#1381 = CARTESIAN_POINT('',(-13.11506115172,26.22594625156));
#1382 = CARTESIAN_POINT('',(-13.00220737608,26.457170719813));
#1383 = ( GEOMETRIC_REPRESENTATION_CONTEXT(2) 
PARAMETRIC_REPRESENTATION_CONTEXT() REPRESENTATION_CONTEXT('2D SPACE',''
  ) );
#1384 = PCURVE('',#1385,#1390);
#1385 = PLANE('',#1386);
#1386 = AXIS2_PLACEMENT_3D('',#1387,#1388,#1389);
#1387 = CARTESIAN_POINT('',(226.6778941966,-97.36128168699,2.5));
#1388 = DIRECTION('',(-0.898674465694,-0.438616238539,0.));
#1389 = DIRECTION('',(-0.438616238539,0.898674465694,0.));
#1390 = DEFINITIONAL_REPRESENTATION('',(#1391),#1394);
#1391 = B_SPLINE_CURVE_WITH_KNOTS('',1,(#1392,#1393),.UNSPECIFIED.,.F.,
  .F.,(2,2),(8.908054722178,9.165349746216),.PIECEWISE_BEZIER_KNOTS.);
#1392 = CARTESIAN_POINT('',(0.,-3.1));
#1393 = CARTESIAN_POINT('',(0.257295024039,-3.1));
#1394 = ( GEOMETRIC_REPRESENTATION_CONTEXT(2) 
PARAMETRIC_REPRESENTATION_CONTEXT() REPRESENTATION_CONTEXT('2D SPACE',''
  ) );
#1395 = ORIENTED_EDGE('',*,*,#1396,.F.);
#1396 = EDGE_CURVE('',#1397,#1371,#1399,.T.);
#1397 = VERTEX_POINT('',#1398);
#1398 = CARTESIAN_POINT('',(226.78043395364,-97.68844395514,5.6));
#1399 = SURFACE_CURVE('',#1400,(#1404,#1410),.PCURVE_S1.);
#1400 = LINE('',#1401,#1402);
#1401 = CARTESIAN_POINT('',(229.88489051369,-107.5934903384,5.6));
#1402 = VECTOR('',#1403,1.);
#1403 = DIRECTION('',(-0.299076160005,0.954229244216,0.));
#1404 = PCURVE('',#144,#1405);
#1405 = DEFINITIONAL_REPRESENTATION('',(#1406),#1409);
#1406 = B_SPLINE_CURVE_WITH_KNOTS('',1,(#1407,#1408),.UNSPECIFIED.,.F.,
  .F.,(2,2),(10.380153871159,10.723008871821),.PIECEWISE_BEZIER_KNOTS.);
#1407 = CARTESIAN_POINT('',(-13.21760090876,25.898783983403));
#1408 = CARTESIAN_POINT('',(-13.11506115172,26.22594625156));
#1409 = ( GEOMETRIC_REPRESENTATION_CONTEXT(2) 
PARAMETRIC_REPRESENTATION_CONTEXT() REPRESENTATION_CONTEXT('2D SPACE',''
  ) );
#1410 = PCURVE('',#1411,#1416);
#1411 = PLANE('',#1412);
#1412 = AXIS2_PLACEMENT_3D('',#1413,#1414,#1415);
#1413 = CARTESIAN_POINT('',(226.78043395364,-97.68844395514,2.5));
#1414 = DIRECTION('',(-0.954229244216,-0.299076160005,0.));
#1415 = DIRECTION('',(-0.299076160005,0.954229244216,0.));
#1416 = DEFINITIONAL_REPRESENTATION('',(#1417),#1420);
#1417 = B_SPLINE_CURVE_WITH_KNOTS('',1,(#1418,#1419),.UNSPECIFIED.,.F.,
  .F.,(2,2),(10.380153871159,10.723008871821),.PIECEWISE_BEZIER_KNOTS.);
#1418 = CARTESIAN_POINT('',(0.,-3.1));
#1419 = CARTESIAN_POINT('',(0.342855000662,-3.1));
#1420 = ( GEOMETRIC_REPRESENTATION_CONTEXT(2) 
PARAMETRIC_REPRESENTATION_CONTEXT() REPRESENTATION_CONTEXT('2D SPACE',''
  ) );
#1421 = ORIENTED_EDGE('',*,*,#1422,.F.);
#1422 = EDGE_CURVE('',#1423,#1397,#1425,.T.);
#1423 = VERTEX_POINT('',#1424);
#1424 = CARTESIAN_POINT('',(226.82959469982,-98.16626247785,5.6));
#1425 = SURFACE_CURVE('',#1426,(#1430,#1436),.PCURVE_S1.);
#1426 = LINE('',#1427,#1428);
#1427 = CARTESIAN_POINT('',(228.05414299179,-110.0682757986,5.6));
#1428 = VECTOR('',#1429,1.);
#1429 = DIRECTION('',(-0.102345547991,0.994748907417,0.));
#1430 = PCURVE('',#144,#1431);
#1431 = DEFINITIONAL_REPRESENTATION('',(#1432),#1435);
#1432 = B_SPLINE_CURVE_WITH_KNOTS('',1,(#1433,#1434),.UNSPECIFIED.,.F.,
  .F.,(2,2),(11.964841812925,12.445182649841),.PIECEWISE_BEZIER_KNOTS.);
#1433 = CARTESIAN_POINT('',(-13.26676165494,25.420965460693));
#1434 = CARTESIAN_POINT('',(-13.21760090876,25.898783983403));
#1435 = ( GEOMETRIC_REPRESENTATION_CONTEXT(2) 
PARAMETRIC_REPRESENTATION_CONTEXT() REPRESENTATION_CONTEXT('2D SPACE',''
  ) );
#1436 = PCURVE('',#1437,#1442);
#1437 = PLANE('',#1438);
#1438 = AXIS2_PLACEMENT_3D('',#1439,#1440,#1441);
#1439 = CARTESIAN_POINT('',(226.82959469982,-98.16626247785,2.5));
#1440 = DIRECTION('',(-0.994748907417,-0.102345547991,0.));
#1441 = DIRECTION('',(-0.102345547991,0.994748907417,0.));
#1442 = DEFINITIONAL_REPRESENTATION('',(#1443),#1446);
#1443 = B_SPLINE_CURVE_WITH_KNOTS('',1,(#1444,#1445),.UNSPECIFIED.,.F.,
  .F.,(2,2),(11.964841812925,12.445182649841),.PIECEWISE_BEZIER_KNOTS.);
#1444 = CARTESIAN_POINT('',(0.,-3.1));
#1445 = CARTESIAN_POINT('',(0.480340836916,-3.1));
#1446 = ( GEOMETRIC_REPRESENTATION_CONTEXT(2) 
PARAMETRIC_REPRESENTATION_CONTEXT() REPRESENTATION_CONTEXT('2D SPACE',''
  ) );
#1447 = ORIENTED_EDGE('',*,*,#1448,.F.);
#1448 = EDGE_CURVE('',#1449,#1423,#1451,.T.);
#1449 = VERTEX_POINT('',#1450);
#1450 = CARTESIAN_POINT('',(226.82857831923,-136.157040459,5.6));
#1451 = SURFACE_CURVE('',#1452,(#1456,#1462),.PCURVE_S1.);
#1452 = LINE('',#1453,#1454);
#1453 = CARTESIAN_POINT('',(226.82874645678,-129.8723116548,5.6));
#1454 = VECTOR('',#1455,1.);
#1455 = DIRECTION('',(2.675335020121E-05,0.999999999642,-0.));
#1456 = PCURVE('',#144,#1457);
#1457 = DEFINITIONAL_REPRESENTATION('',(#1458),#1461);
#1458 = B_SPLINE_CURVE_WITH_KNOTS('',1,(#1459,#1460),.UNSPECIFIED.,.F.,
  .F.,(2,2),(-6.284728806459,31.706049188375),.PIECEWISE_BEZIER_KNOTS.);
#1459 = CARTESIAN_POINT('',(-13.26574527435,-12.56981252054));
#1460 = CARTESIAN_POINT('',(-13.26676165494,25.420965460693));
#1461 = ( GEOMETRIC_REPRESENTATION_CONTEXT(2) 
PARAMETRIC_REPRESENTATION_CONTEXT() REPRESENTATION_CONTEXT('2D SPACE',''
  ) );
#1462 = PCURVE('',#1463,#1468);
#1463 = PLANE('',#1464);
#1464 = AXIS2_PLACEMENT_3D('',#1465,#1466,#1467);
#1465 = CARTESIAN_POINT('',(226.82857831923,-136.157040459,2.5));
#1466 = DIRECTION('',(-0.999999999642,2.675335020121E-05,0.));
#1467 = DIRECTION('',(2.675335020121E-05,0.999999999642,0.));
#1468 = DEFINITIONAL_REPRESENTATION('',(#1469),#1472);
#1469 = B_SPLINE_CURVE_WITH_KNOTS('',1,(#1470,#1471),.UNSPECIFIED.,.F.,
  .F.,(2,2),(-6.284728806459,31.706049188375),.PIECEWISE_BEZIER_KNOTS.);
#1470 = CARTESIAN_POINT('',(0.,-3.1));
#1471 = CARTESIAN_POINT('',(37.990777994834,-3.1));
#1472 = ( GEOMETRIC_REPRESENTATION_CONTEXT(2) 
PARAMETRIC_REPRESENTATION_CONTEXT() REPRESENTATION_CONTEXT('2D SPACE',''
  ) );
#1473 = ORIENTED_EDGE('',*,*,#1474,.F.);
#1474 = EDGE_CURVE('',#1475,#1449,#1477,.T.);
#1475 = VERTEX_POINT('',#1476);
#1476 = CARTESIAN_POINT('',(226.79717217893,-136.4678655038,5.6));
#1477 = SURFACE_CURVE('',#1478,(#1482,#1488),.PCURVE_S1.);
#1478 = LINE('',#1479,#1480);
#1479 = CARTESIAN_POINT('',(227.37445925435,-130.7544833644,5.6));
#1480 = VECTOR('',#1481,1.);
#1481 = DIRECTION('',(0.100529350021,0.994934093186,-0.));
#1482 = PCURVE('',#144,#1483);
#1483 = DEFINITIONAL_REPRESENTATION('',(#1484),#1487);
#1484 = B_SPLINE_CURVE_WITH_KNOTS('',1,(#1485,#1486),.UNSPECIFIED.,.F.,
  .F.,(2,2),(-5.742472972272,-5.430065299401),.PIECEWISE_BEZIER_KNOTS.);
#1485 = CARTESIAN_POINT('',(-13.23433913405,-12.88063756525));
#1486 = CARTESIAN_POINT('',(-13.26574527435,-12.56981252054));
#1487 = ( GEOMETRIC_REPRESENTATION_CONTEXT(2) 
PARAMETRIC_REPRESENTATION_CONTEXT() REPRESENTATION_CONTEXT('2D SPACE',''
  ) );
#1488 = PCURVE('',#1489,#1494);
#1489 = PLANE('',#1490);
#1490 = AXIS2_PLACEMENT_3D('',#1491,#1492,#1493);
#1491 = CARTESIAN_POINT('',(226.79717217893,-136.4678655038,2.5));
#1492 = DIRECTION('',(-0.994934093186,0.100529350021,0.));
#1493 = DIRECTION('',(0.100529350021,0.994934093186,0.));
#1494 = DEFINITIONAL_REPRESENTATION('',(#1495),#1498);
#1495 = B_SPLINE_CURVE_WITH_KNOTS('',1,(#1496,#1497),.UNSPECIFIED.,.F.,
  .F.,(2,2),(-5.742472972272,-5.430065299401),.PIECEWISE_BEZIER_KNOTS.);
#1496 = CARTESIAN_POINT('',(0.,-3.1));
#1497 = CARTESIAN_POINT('',(0.31240767287,-3.1));
#1498 = ( GEOMETRIC_REPRESENTATION_CONTEXT(2) 
PARAMETRIC_REPRESENTATION_CONTEXT() REPRESENTATION_CONTEXT('2D SPACE',''
  ) );
#1499 = ORIENTED_EDGE('',*,*,#1500,.F.);
#1500 = EDGE_CURVE('',#1501,#1475,#1503,.T.);
#1501 = VERTEX_POINT('',#1502);
#1502 = CARTESIAN_POINT('',(226.7232670666,-136.7587299906,5.6));
#1503 = SURFACE_CURVE('',#1504,(#1508,#1514),.PCURVE_S1.);
#1504 = LINE('',#1505,#1506);
#1505 = CARTESIAN_POINT('',(227.89608532172,-132.1429304995,5.6));
#1506 = VECTOR('',#1507,1.);
#1507 = DIRECTION('',(0.246262672234,0.969203124357,-0.));
#1508 = PCURVE('',#144,#1509);
#1509 = DEFINITIONAL_REPRESENTATION('',(#1510),#1513);
#1510 = B_SPLINE_CURVE_WITH_KNOTS('',1,(#1511,#1512),.UNSPECIFIED.,.F.,
  .F.,(2,2),(-4.762468645685,-4.462361805865),.PIECEWISE_BEZIER_KNOTS.);
#1511 = CARTESIAN_POINT('',(-13.16043402172,-13.17150205205));
#1512 = CARTESIAN_POINT('',(-13.23433913405,-12.88063756525));
#1513 = ( GEOMETRIC_REPRESENTATION_CONTEXT(2) 
PARAMETRIC_REPRESENTATION_CONTEXT() REPRESENTATION_CONTEXT('2D SPACE',''
  ) );
#1514 = PCURVE('',#1515,#1520);
#1515 = PLANE('',#1516);
#1516 = AXIS2_PLACEMENT_3D('',#1517,#1518,#1519);
#1517 = CARTESIAN_POINT('',(226.7232670666,-136.7587299906,2.5));
#1518 = DIRECTION('',(-0.969203124357,0.246262672234,0.));
#1519 = DIRECTION('',(0.246262672234,0.969203124357,0.));
#1520 = DEFINITIONAL_REPRESENTATION('',(#1521),#1524);
#1521 = B_SPLINE_CURVE_WITH_KNOTS('',1,(#1522,#1523),.UNSPECIFIED.,.F.,
  .F.,(2,2),(-4.762468645685,-4.462361805865),.PIECEWISE_BEZIER_KNOTS.);
#1522 = CARTESIAN_POINT('',(0.,-3.1));
#1523 = CARTESIAN_POINT('',(0.30010683982,-3.1));
#1524 = ( GEOMETRIC_REPRESENTATION_CONTEXT(2) 
PARAMETRIC_REPRESENTATION_CONTEXT() REPRESENTATION_CONTEXT('2D SPACE',''
  ) );
#1525 = ORIENTED_EDGE('',*,*,#1526,.F.);
#1526 = EDGE_CURVE('',#1527,#1501,#1529,.T.);
#1527 = VERTEX_POINT('',#1528);
#1528 = CARTESIAN_POINT('',(226.33498086022,-137.6310968481,5.6));
#1529 = SURFACE_CURVE('',#1530,(#1534,#1540),.PCURVE_S1.);
#1530 = LINE('',#1531,#1532);
#1531 = CARTESIAN_POINT('',(227.88766493012,-134.1426646025,5.6));
#1532 = VECTOR('',#1533,1.);
#1533 = DIRECTION('',(0.406634781858,0.913590802374,-0.));
#1534 = PCURVE('',#144,#1535);
#1535 = DEFINITIONAL_REPRESENTATION('',(#1536),#1539);
#1536 = B_SPLINE_CURVE_WITH_KNOTS('',1,(#1537,#1538),.UNSPECIFIED.,.F.,
  .F.,(2,2),(-3.818374962423,-2.863497948203),.PIECEWISE_BEZIER_KNOTS.);
#1537 = CARTESIAN_POINT('',(-12.77214781534,-14.04386890964));
#1538 = CARTESIAN_POINT('',(-13.16043402172,-13.17150205205));
#1539 = ( GEOMETRIC_REPRESENTATION_CONTEXT(2) 
PARAMETRIC_REPRESENTATION_CONTEXT() REPRESENTATION_CONTEXT('2D SPACE',''
  ) );
#1540 = PCURVE('',#1541,#1546);
#1541 = PLANE('',#1542);
#1542 = AXIS2_PLACEMENT_3D('',#1543,#1544,#1545);
#1543 = CARTESIAN_POINT('',(226.33498086022,-137.6310968481,2.5));
#1544 = DIRECTION('',(-0.913590802374,0.406634781858,0.));
#1545 = DIRECTION('',(0.406634781858,0.913590802374,0.));
#1546 = DEFINITIONAL_REPRESENTATION('',(#1547),#1550);
#1547 = B_SPLINE_CURVE_WITH_KNOTS('',1,(#1548,#1549),.UNSPECIFIED.,.F.,
  .F.,(2,2),(-3.818374962423,-2.863497948203),.PIECEWISE_BEZIER_KNOTS.);
#1548 = CARTESIAN_POINT('',(0.,-3.1));
#1549 = CARTESIAN_POINT('',(0.954877014219,-3.1));
#1550 = ( GEOMETRIC_REPRESENTATION_CONTEXT(2) 
PARAMETRIC_REPRESENTATION_CONTEXT() REPRESENTATION_CONTEXT('2D SPACE',''
  ) );
#1551 = ORIENTED_EDGE('',*,*,#1552,.F.);
#1552 = EDGE_CURVE('',#1553,#1527,#1555,.T.);
#1553 = VERTEX_POINT('',#1554);
#1554 = CARTESIAN_POINT('',(226.21995860237,-137.9376542397,5.6));
#1555 = SURFACE_CURVE('',#1556,(#1560,#1566),.PCURVE_S1.);
#1556 = LINE('',#1557,#1558);
#1557 = CARTESIAN_POINT('',(227.79892380208,-133.7293952292,5.6));
#1558 = VECTOR('',#1559,1.);
#1559 = DIRECTION('',(0.351292756086,0.93626566717,-0.));
#1560 = PCURVE('',#144,#1561);
#1561 = DEFINITIONAL_REPRESENTATION('',(#1562),#1565);
#1562 = B_SPLINE_CURVE_WITH_KNOTS('',1,(#1563,#1564),.UNSPECIFIED.,.F.,
  .F.,(2,2),(-4.494727466949,-4.167301820201),.PIECEWISE_BEZIER_KNOTS.);
#1563 = CARTESIAN_POINT('',(-12.65712555748,-14.35042630124));
#1564 = CARTESIAN_POINT('',(-12.77214781534,-14.04386890964));
#1565 = ( GEOMETRIC_REPRESENTATION_CONTEXT(2) 
PARAMETRIC_REPRESENTATION_CONTEXT() REPRESENTATION_CONTEXT('2D SPACE',''
  ) );
#1566 = PCURVE('',#1567,#1572);
#1567 = PLANE('',#1568);
#1568 = AXIS2_PLACEMENT_3D('',#1569,#1570,#1571);
#1569 = CARTESIAN_POINT('',(226.21995860237,-137.9376542397,2.5));
#1570 = DIRECTION('',(-0.93626566717,0.351292756086,0.));
#1571 = DIRECTION('',(0.351292756086,0.93626566717,0.));
#1572 = DEFINITIONAL_REPRESENTATION('',(#1573),#1576);
#1573 = B_SPLINE_CURVE_WITH_KNOTS('',1,(#1574,#1575),.UNSPECIFIED.,.F.,
  .F.,(2,2),(-4.494727466949,-4.167301820201),.PIECEWISE_BEZIER_KNOTS.);
#1574 = CARTESIAN_POINT('',(0.,-3.1));
#1575 = CARTESIAN_POINT('',(0.327425646748,-3.1));
#1576 = ( GEOMETRIC_REPRESENTATION_CONTEXT(2) 
PARAMETRIC_REPRESENTATION_CONTEXT() REPRESENTATION_CONTEXT('2D SPACE',''
  ) );
#1577 = ORIENTED_EDGE('',*,*,#1578,.F.);
#1578 = EDGE_CURVE('',#1579,#1553,#1581,.T.);
#1579 = VERTEX_POINT('',#1580);
#1580 = CARTESIAN_POINT('',(226.07190873671,-138.4177446214,5.6));
#1581 = SURFACE_CURVE('',#1582,(#1586,#1592),.PCURVE_S1.);
#1582 = LINE('',#1583,#1584);
#1583 = CARTESIAN_POINT('',(227.61690231077,-133.4076991796,5.6));
#1584 = VECTOR('',#1585,1.);
#1585 = DIRECTION('',(0.294685372181,0.955594334131,-0.));
#1586 = PCURVE('',#144,#1587);
#1587 = DEFINITIONAL_REPRESENTATION('',(#1588),#1591);
#1588 = B_SPLINE_CURVE_WITH_KNOTS('',1,(#1589,#1590),.UNSPECIFIED.,.F.,
  .F.,(2,2),(-5.242858044253,-4.74045826593),.PIECEWISE_BEZIER_KNOTS.);
#1589 = CARTESIAN_POINT('',(-12.50907569183,-14.83051668287));
#1590 = CARTESIAN_POINT('',(-12.65712555748,-14.35042630124));
#1591 = ( GEOMETRIC_REPRESENTATION_CONTEXT(2) 
PARAMETRIC_REPRESENTATION_CONTEXT() REPRESENTATION_CONTEXT('2D SPACE',''
  ) );
#1592 = PCURVE('',#1593,#1598);
#1593 = PLANE('',#1594);
#1594 = AXIS2_PLACEMENT_3D('',#1595,#1596,#1597);
#1595 = CARTESIAN_POINT('',(226.07190873671,-138.4177446214,2.5));
#1596 = DIRECTION('',(-0.955594334131,0.294685372181,0.));
#1597 = DIRECTION('',(0.294685372181,0.955594334131,0.));
#1598 = DEFINITIONAL_REPRESENTATION('',(#1599),#1602);
#1599 = B_SPLINE_CURVE_WITH_KNOTS('',1,(#1600,#1601),.UNSPECIFIED.,.F.,
  .F.,(2,2),(-5.242858044253,-4.74045826593),.PIECEWISE_BEZIER_KNOTS.);
#1600 = CARTESIAN_POINT('',(0.,-3.1));
#1601 = CARTESIAN_POINT('',(0.502399778323,-3.1));
#1602 = ( GEOMETRIC_REPRESENTATION_CONTEXT(2) 
PARAMETRIC_REPRESENTATION_CONTEXT() REPRESENTATION_CONTEXT('2D SPACE',''
  ) );
#1603 = ORIENTED_EDGE('',*,*,#1604,.F.);
#1604 = EDGE_CURVE('',#1605,#1579,#1607,.T.);
#1605 = VERTEX_POINT('',#1606);
#1606 = CARTESIAN_POINT('',(225.92813986684,-139.0749321773,5.6));
#1607 = SURFACE_CURVE('',#1608,(#1612,#1618),.PCURVE_S1.);
#1608 = LINE('',#1609,#1610);
#1609 = CARTESIAN_POINT('',(227.26246975645,-132.9755241504,5.6));
#1610 = VECTOR('',#1611,1.);
#1611 = DIRECTION('',(0.213709776721,0.976897195888,-0.));
#1612 = PCURVE('',#144,#1613);
#1613 = DEFINITIONAL_REPRESENTATION('',(#1614),#1617);
#1614 = B_SPLINE_CURVE_WITH_KNOTS('',1,(#1615,#1616),.UNSPECIFIED.,.F.,
  .F.,(2,2),(-6.243653940785,-5.5709244472),.PIECEWISE_BEZIER_KNOTS.);
#1615 = CARTESIAN_POINT('',(-12.36530682196,-15.48770423875));
#1616 = CARTESIAN_POINT('',(-12.50907569183,-14.83051668287));
#1617 = ( GEOMETRIC_REPRESENTATION_CONTEXT(2) 
PARAMETRIC_REPRESENTATION_CONTEXT() REPRESENTATION_CONTEXT('2D SPACE',''
  ) );
#1618 = PCURVE('',#1619,#1624);
#1619 = PLANE('',#1620);
#1620 = AXIS2_PLACEMENT_3D('',#1621,#1622,#1623);
#1621 = CARTESIAN_POINT('',(225.92813986684,-139.0749321773,2.5));
#1622 = DIRECTION('',(-0.976897195888,0.213709776721,0.));
#1623 = DIRECTION('',(0.213709776721,0.976897195888,0.));
#1624 = DEFINITIONAL_REPRESENTATION('',(#1625),#1628);
#1625 = B_SPLINE_CURVE_WITH_KNOTS('',1,(#1626,#1627),.UNSPECIFIED.,.F.,
  .F.,(2,2),(-6.243653940785,-5.5709244472),.PIECEWISE_BEZIER_KNOTS.);
#1626 = CARTESIAN_POINT('',(0.,-3.1));
#1627 = CARTESIAN_POINT('',(0.672729493585,-3.1));
#1628 = ( GEOMETRIC_REPRESENTATION_CONTEXT(2) 
PARAMETRIC_REPRESENTATION_CONTEXT() REPRESENTATION_CONTEXT('2D SPACE',''
  ) );
#1629 = ORIENTED_EDGE('',*,*,#1630,.F.);
#1630 = EDGE_CURVE('',#1631,#1605,#1633,.T.);
#1631 = VERTEX_POINT('',#1632);
#1632 = CARTESIAN_POINT('',(225.84783936633,-139.7428519338,5.6));
#1633 = SURFACE_CURVE('',#1634,(#1638,#1644),.PCURVE_S1.);
#1634 = LINE('',#1635,#1636);
#1635 = CARTESIAN_POINT('',(226.7176367106,-132.5080921663,5.6));
#1636 = VECTOR('',#1637,1.);
#1637 = DIRECTION('',(0.119365214811,0.99285041446,-0.));
#1638 = PCURVE('',#144,#1639);
#1639 = DEFINITIONAL_REPRESENTATION('',(#1640),#1643);
#1640 = B_SPLINE_CURVE_WITH_KNOTS('',1,(#1641,#1642),.UNSPECIFIED.,.F.,
  .F.,(2,2),(-7.286857780526,-6.614128286942),.PIECEWISE_BEZIER_KNOTS.);
#1641 = CARTESIAN_POINT('',(-12.28500632145,-16.15562399527));
#1642 = CARTESIAN_POINT('',(-12.36530682196,-15.48770423875));
#1643 = ( GEOMETRIC_REPRESENTATION_CONTEXT(2) 
PARAMETRIC_REPRESENTATION_CONTEXT() REPRESENTATION_CONTEXT('2D SPACE',''
  ) );
#1644 = PCURVE('',#1645,#1650);
#1645 = PLANE('',#1646);
#1646 = AXIS2_PLACEMENT_3D('',#1647,#1648,#1649);
#1647 = CARTESIAN_POINT('',(225.84783936633,-139.7428519338,2.5));
#1648 = DIRECTION('',(-0.99285041446,0.119365214811,0.));
#1649 = DIRECTION('',(0.119365214811,0.99285041446,0.));
#1650 = DEFINITIONAL_REPRESENTATION('',(#1651),#1654);
#1651 = B_SPLINE_CURVE_WITH_KNOTS('',1,(#1652,#1653),.UNSPECIFIED.,.F.,
  .F.,(2,2),(-7.286857780526,-6.614128286942),.PIECEWISE_BEZIER_KNOTS.);
#1652 = CARTESIAN_POINT('',(0.,-3.1));
#1653 = CARTESIAN_POINT('',(0.672729493585,-3.1));
#1654 = ( GEOMETRIC_REPRESENTATION_CONTEXT(2) 
PARAMETRIC_REPRESENTATION_CONTEXT() REPRESENTATION_CONTEXT('2D SPACE',''
  ) );
#1655 = ORIENTED_EDGE('',*,*,#1656,.F.);
#1656 = EDGE_CURVE('',#1657,#1631,#1659,.T.);
#1657 = VERTEX_POINT('',#1658);
#1658 = CARTESIAN_POINT('',(225.8295947,-140.2509102532,5.6));
#1659 = SURFACE_CURVE('',#1660,(#1664,#1670),.PCURVE_S1.);
#1660 = LINE('',#1661,#1662);
#1661 = CARTESIAN_POINT('',(226.12051132855,-132.1497693108,5.6));
#1662 = VECTOR('',#1663,1.);
#1663 = DIRECTION('',(3.588744267797E-02,0.999355838257,-0.));
#1664 = PCURVE('',#144,#1665);
#1665 = DEFINITIONAL_REPRESENTATION('',(#1666),#1669);
#1666 = B_SPLINE_CURVE_WITH_KNOTS('',1,(#1667,#1668),.UNSPECIFIED.,.F.,
  .F.,(2,2),(-8.106362751167,-7.597976949034),.PIECEWISE_BEZIER_KNOTS.);
#1667 = CARTESIAN_POINT('',(-12.26676165511,-16.66368231472));
#1668 = CARTESIAN_POINT('',(-12.28500632145,-16.15562399527));
#1669 = ( GEOMETRIC_REPRESENTATION_CONTEXT(2) 
PARAMETRIC_REPRESENTATION_CONTEXT() REPRESENTATION_CONTEXT('2D SPACE',''
  ) );
#1670 = PCURVE('',#1671,#1676);
#1671 = PLANE('',#1672);
#1672 = AXIS2_PLACEMENT_3D('',#1673,#1674,#1675);
#1673 = CARTESIAN_POINT('',(225.8295947,-140.2509102532,2.5));
#1674 = DIRECTION('',(-0.999355838257,3.588744267797E-02,0.));
#1675 = DIRECTION('',(3.588744267797E-02,0.999355838257,0.));
#1676 = DEFINITIONAL_REPRESENTATION('',(#1677),#1680);
#1677 = B_SPLINE_CURVE_WITH_KNOTS('',1,(#1678,#1679),.UNSPECIFIED.,.F.,
  .F.,(2,2),(-8.106362751167,-7.597976949034),.PIECEWISE_BEZIER_KNOTS.);
#1678 = CARTESIAN_POINT('',(0.,-3.1));
#1679 = CARTESIAN_POINT('',(0.508385802133,-3.1));
#1680 = ( GEOMETRIC_REPRESENTATION_CONTEXT(2) 
PARAMETRIC_REPRESENTATION_CONTEXT() REPRESENTATION_CONTEXT('2D SPACE',''
  ) );
#1681 = ORIENTED_EDGE('',*,*,#1682,.F.);
#1682 = EDGE_CURVE('',#1683,#1657,#1685,.T.);
#1683 = VERTEX_POINT('',#1684);
#1684 = CARTESIAN_POINT('',(225.8295947,-151.0742090988,5.6));
#1685 = SURFACE_CURVE('',#1686,(#1690,#1696),.PCURVE_S1.);
#1686 = LINE('',#1687,#1688);
#1687 = CARTESIAN_POINT('',(225.8295947,-137.3307185186,5.6));
#1688 = VECTOR('',#1689,1.);
#1689 = DIRECTION('',(0.,1.,-0.));
#1690 = PCURVE('',#144,#1691);
#1691 = DEFINITIONAL_REPRESENTATION('',(#1692),#1695);
#1692 = B_SPLINE_CURVE_WITH_KNOTS('',1,(#1693,#1694),.UNSPECIFIED.,.F.,
  .F.,(2,2),(-13.74349058013,-2.92019173459),.PIECEWISE_BEZIER_KNOTS.);
#1693 = CARTESIAN_POINT('',(-12.26676165511,-27.48698116026));
#1694 = CARTESIAN_POINT('',(-12.26676165511,-16.66368231472));
#1695 = ( GEOMETRIC_REPRESENTATION_CONTEXT(2) 
PARAMETRIC_REPRESENTATION_CONTEXT() REPRESENTATION_CONTEXT('2D SPACE',''
  ) );
#1696 = PCURVE('',#1697,#1702);
#1697 = PLANE('',#1698);
#1698 = AXIS2_PLACEMENT_3D('',#1699,#1700,#1701);
#1699 = CARTESIAN_POINT('',(225.8295947,-151.0742090988,2.5));
#1700 = DIRECTION('',(-1.,0.,0.));
#1701 = DIRECTION('',(0.,1.,0.));
#1702 = DEFINITIONAL_REPRESENTATION('',(#1703),#1706);
#1703 = B_SPLINE_CURVE_WITH_KNOTS('',1,(#1704,#1705),.UNSPECIFIED.,.F.,
  .F.,(2,2),(-13.74349058013,-2.92019173459),.PIECEWISE_BEZIER_KNOTS.);
#1704 = CARTESIAN_POINT('',(0.,-3.1));
#1705 = CARTESIAN_POINT('',(10.823298845544,-3.1));
#1706 = ( GEOMETRIC_REPRESENTATION_CONTEXT(2) 
PARAMETRIC_REPRESENTATION_CONTEXT() REPRESENTATION_CONTEXT('2D SPACE',''
  ) );
#1707 = ORIENTED_EDGE('',*,*,#1708,.F.);
#1708 = EDGE_CURVE('',#1709,#1683,#1711,.T.);
#1709 = VERTEX_POINT('',#1710);
#1710 = CARTESIAN_POINT('',(225.81708965169,-151.3295321074,5.6));
#1711 = SURFACE_CURVE('',#1712,(#1716,#1722),.PCURVE_S1.);
#1712 = LINE('',#1713,#1714);
#1713 = CARTESIAN_POINT('',(226.4801738948,-137.7909467444,5.6));
#1714 = VECTOR('',#1715,1.);
#1715 = DIRECTION('',(4.891872791142E-02,0.998802762341,-0.));
#1716 = PCURVE('',#144,#1717);
#1717 = DEFINITIONAL_REPRESENTATION('',(#1718),#1721);
#1718 = B_SPLINE_CURVE_WITH_KNOTS('',1,(#1719,#1720),.UNSPECIFIED.,.F.,
  .F.,(2,2),(-13.55481369644,-13.29918463908),.PIECEWISE_BEZIER_KNOTS.);
#1719 = CARTESIAN_POINT('',(-12.25425660681,-27.74230416889));
#1720 = CARTESIAN_POINT('',(-12.26676165511,-27.48698116026));
#1721 = ( GEOMETRIC_REPRESENTATION_CONTEXT(2) 
PARAMETRIC_REPRESENTATION_CONTEXT() REPRESENTATION_CONTEXT('2D SPACE',''
  ) );
#1722 = PCURVE('',#1723,#1728);
#1723 = PLANE('',#1724);
#1724 = AXIS2_PLACEMENT_3D('',#1725,#1726,#1727);
#1725 = CARTESIAN_POINT('',(225.81708965169,-151.3295321074,2.5));
#1726 = DIRECTION('',(-0.998802762341,4.891872791142E-02,0.));
#1727 = DIRECTION('',(4.891872791142E-02,0.998802762341,0.));
#1728 = DEFINITIONAL_REPRESENTATION('',(#1729),#1732);
#1729 = B_SPLINE_CURVE_WITH_KNOTS('',1,(#1730,#1731),.UNSPECIFIED.,.F.,
  .F.,(2,2),(-13.55481369644,-13.29918463908),.PIECEWISE_BEZIER_KNOTS.);
#1730 = CARTESIAN_POINT('',(0.,-3.1));
#1731 = CARTESIAN_POINT('',(0.255629057362,-3.1));
#1732 = ( GEOMETRIC_REPRESENTATION_CONTEXT(2) 
PARAMETRIC_REPRESENTATION_CONTEXT() REPRESENTATION_CONTEXT('2D SPACE',''
  ) );
#1733 = ORIENTED_EDGE('',*,*,#1734,.F.);
#1734 = EDGE_CURVE('',#1735,#1709,#1737,.T.);
#1735 = VERTEX_POINT('',#1736);
#1736 = CARTESIAN_POINT('',(225.74121087788,-151.7000951207,5.6));
#1737 = SURFACE_CURVE('',#1738,(#1742,#1748),.PCURVE_S1.);
#1738 = LINE('',#1739,#1740);
#1739 = CARTESIAN_POINT('',(228.25862523005,-139.4060028297,5.6));
#1740 = VECTOR('',#1741,1.);
#1741 = DIRECTION('',(0.20060378929,0.979672455325,-0.));
#1742 = PCURVE('',#144,#1743);
#1743 = DEFINITIONAL_REPRESENTATION('',(#1744),#1747);
#1744 = B_SPLINE_CURVE_WITH_KNOTS('',1,(#1745,#1746),.UNSPECIFIED.,.F.,
  .F.,(2,2),(-12.54918643896,-12.17093449228),.PIECEWISE_BEZIER_KNOTS.);
#1745 = CARTESIAN_POINT('',(-12.178377833,-28.11286718223));
#1746 = CARTESIAN_POINT('',(-12.25425660681,-27.74230416889));
#1747 = ( GEOMETRIC_REPRESENTATION_CONTEXT(2) 
PARAMETRIC_REPRESENTATION_CONTEXT() REPRESENTATION_CONTEXT('2D SPACE',''
  ) );
#1748 = PCURVE('',#1749,#1754);
#1749 = PLANE('',#1750);
#1750 = AXIS2_PLACEMENT_3D('',#1751,#1752,#1753);
#1751 = CARTESIAN_POINT('',(225.74121087788,-151.7000951207,2.5));
#1752 = DIRECTION('',(-0.979672455325,0.20060378929,0.));
#1753 = DIRECTION('',(0.20060378929,0.979672455325,0.));
#1754 = DEFINITIONAL_REPRESENTATION('',(#1755),#1758);
#1755 = B_SPLINE_CURVE_WITH_KNOTS('',1,(#1756,#1757),.UNSPECIFIED.,.F.,
  .F.,(2,2),(-12.54918643896,-12.17093449228),.PIECEWISE_BEZIER_KNOTS.);
#1756 = CARTESIAN_POINT('',(0.,-3.1));
#1757 = CARTESIAN_POINT('',(0.378251946685,-3.1));
#1758 = ( GEOMETRIC_REPRESENTATION_CONTEXT(2) 
PARAMETRIC_REPRESENTATION_CONTEXT() REPRESENTATION_CONTEXT('2D SPACE',''
  ) );
#1759 = ORIENTED_EDGE('',*,*,#1760,.F.);
#1760 = EDGE_CURVE('',#1761,#1735,#1763,.T.);
#1761 = VERTEX_POINT('',#1762);
#1762 = CARTESIAN_POINT('',(225.58803903048,-152.0670546577,5.6));
#1763 = SURFACE_CURVE('',#1764,(#1768,#1774),.PCURVE_S1.);
#1764 = LINE('',#1765,#1766);
#1765 = CARTESIAN_POINT('',(229.75782150018,-142.0773504767,5.6));
#1766 = VECTOR('',#1767,1.);
#1767 = DIRECTION('',(0.385198235244,0.922833852633,-0.));
#1768 = PCURVE('',#144,#1769);
#1769 = DEFINITIONAL_REPRESENTATION('',(#1770),#1773);
#1770 = B_SPLINE_CURVE_WITH_KNOTS('',1,(#1771,#1772),.UNSPECIFIED.,.F.,
  .F.,(2,2),(-10.82503004475,-10.42738583616),.PIECEWISE_BEZIER_KNOTS.);
#1771 = CARTESIAN_POINT('',(-12.0252059856,-28.47982671922));
#1772 = CARTESIAN_POINT('',(-12.178377833,-28.11286718223));
#1773 = ( GEOMETRIC_REPRESENTATION_CONTEXT(2) 
PARAMETRIC_REPRESENTATION_CONTEXT() REPRESENTATION_CONTEXT('2D SPACE',''
  ) );
#1774 = PCURVE('',#1775,#1780);
#1775 = PLANE('',#1776);
#1776 = AXIS2_PLACEMENT_3D('',#1777,#1778,#1779);
#1777 = CARTESIAN_POINT('',(225.58803903048,-152.0670546577,2.5));
#1778 = DIRECTION('',(-0.922833852633,0.385198235244,0.));
#1779 = DIRECTION('',(0.385198235244,0.922833852633,0.));
#1780 = DEFINITIONAL_REPRESENTATION('',(#1781),#1784);
#1781 = B_SPLINE_CURVE_WITH_KNOTS('',1,(#1782,#1783),.UNSPECIFIED.,.F.,
  .F.,(2,2),(-10.82503004475,-10.42738583616),.PIECEWISE_BEZIER_KNOTS.);
#1782 = CARTESIAN_POINT('',(0.,-3.1));
#1783 = CARTESIAN_POINT('',(0.397644208589,-3.1));
#1784 = ( GEOMETRIC_REPRESENTATION_CONTEXT(2) 
PARAMETRIC_REPRESENTATION_CONTEXT() REPRESENTATION_CONTEXT('2D SPACE',''
  ) );
#1785 = ORIENTED_EDGE('',*,*,#1786,.F.);
#1786 = EDGE_CURVE('',#1787,#1761,#1789,.T.);
#1787 = VERTEX_POINT('',#1788);
#1788 = CARTESIAN_POINT('',(225.40778615295,-152.3441232286,5.6));
#1789 = SURFACE_CURVE('',#1790,(#1794,#1800),.PCURVE_S1.);
#1790 = LINE('',#1791,#1792);
#1791 = CARTESIAN_POINT('',(230.21902252088,-144.9487218194,5.6));
#1792 = VECTOR('',#1793,1.);
#1793 = DIRECTION('',(0.545324988422,0.838224705555,-0.));
#1794 = PCURVE('',#144,#1795);
#1795 = DEFINITIONAL_REPRESENTATION('',(#1796),#1799);
#1796 = B_SPLINE_CURVE_WITH_KNOTS('',1,(#1797,#1798),.UNSPECIFIED.,.F.,
  .F.,(2,2),(-8.822695585336,-8.49215346577),.PIECEWISE_BEZIER_KNOTS.);
#1797 = CARTESIAN_POINT('',(-11.84495310807,-28.75689529007));
#1798 = CARTESIAN_POINT('',(-12.0252059856,-28.47982671922));
#1799 = ( GEOMETRIC_REPRESENTATION_CONTEXT(2) 
PARAMETRIC_REPRESENTATION_CONTEXT() REPRESENTATION_CONTEXT('2D SPACE',''
  ) );
#1800 = PCURVE('',#1801,#1806);
#1801 = PLANE('',#1802);
#1802 = AXIS2_PLACEMENT_3D('',#1803,#1804,#1805);
#1803 = CARTESIAN_POINT('',(225.40778615295,-152.3441232286,2.5));
#1804 = DIRECTION('',(-0.838224705555,0.545324988422,0.));
#1805 = DIRECTION('',(0.545324988422,0.838224705555,0.));
#1806 = DEFINITIONAL_REPRESENTATION('',(#1807),#1810);
#1807 = B_SPLINE_CURVE_WITH_KNOTS('',1,(#1808,#1809),.UNSPECIFIED.,.F.,
  .F.,(2,2),(-8.822695585336,-8.49215346577),.PIECEWISE_BEZIER_KNOTS.);
#1808 = CARTESIAN_POINT('',(0.,-3.1));
#1809 = CARTESIAN_POINT('',(0.330542119565,-3.1));
#1810 = ( GEOMETRIC_REPRESENTATION_CONTEXT(2) 
PARAMETRIC_REPRESENTATION_CONTEXT() REPRESENTATION_CONTEXT('2D SPACE',''
  ) );
#1811 = ORIENTED_EDGE('',*,*,#1812,.F.);
#1812 = EDGE_CURVE('',#1813,#1787,#1815,.T.);
#1813 = VERTEX_POINT('',#1814);
#1814 = CARTESIAN_POINT('',(225.14221515624,-152.620229,5.6));
#1815 = SURFACE_CURVE('',#1816,(#1820,#1826),.PCURVE_S1.);
#1816 = LINE('',#1817,#1818);
#1817 = CARTESIAN_POINT('',(229.61268917033,-147.9724184657,5.6));
#1818 = VECTOR('',#1819,1.);
#1819 = DIRECTION('',(0.693223557997,0.720722622538,-0.));
#1820 = PCURVE('',#144,#1821);
#1821 = DEFINITIONAL_REPRESENTATION('',(#1822),#1825);
#1822 = B_SPLINE_CURVE_WITH_KNOTS('',1,(#1823,#1824),.UNSPECIFIED.,.F.,
  .F.,(2,2),(-6.448820099257,-6.065724352371),.PIECEWISE_BEZIER_KNOTS.);
#1823 = CARTESIAN_POINT('',(-11.57938211136,-29.03300106145));
#1824 = CARTESIAN_POINT('',(-11.84495310807,-28.75689529007));
#1825 = ( GEOMETRIC_REPRESENTATION_CONTEXT(2) 
PARAMETRIC_REPRESENTATION_CONTEXT() REPRESENTATION_CONTEXT('2D SPACE',''
  ) );
#1826 = PCURVE('',#1827,#1832);
#1827 = PLANE('',#1828);
#1828 = AXIS2_PLACEMENT_3D('',#1829,#1830,#1831);
#1829 = CARTESIAN_POINT('',(225.14221515624,-152.620229,2.5));
#1830 = DIRECTION('',(-0.720722622538,0.693223557997,0.));
#1831 = DIRECTION('',(0.693223557997,0.720722622538,0.));
#1832 = DEFINITIONAL_REPRESENTATION('',(#1833),#1836);
#1833 = B_SPLINE_CURVE_WITH_KNOTS('',1,(#1834,#1835),.UNSPECIFIED.,.F.,
  .F.,(2,2),(-6.448820099257,-6.065724352371),.PIECEWISE_BEZIER_KNOTS.);
#1834 = CARTESIAN_POINT('',(0.,-3.1));
#1835 = CARTESIAN_POINT('',(0.383095746886,-3.1));
#1836 = ( GEOMETRIC_REPRESENTATION_CONTEXT(2) 
PARAMETRIC_REPRESENTATION_CONTEXT() REPRESENTATION_CONTEXT('2D SPACE',''
  ) );
#1837 = ORIENTED_EDGE('',*,*,#1838,.T.);
#1838 = EDGE_CURVE('',#1813,#1839,#1841,.T.);
#1839 = VERTEX_POINT('',#1840);
#1840 = CARTESIAN_POINT('',(217.8295947,-152.620229,5.6));
#1841 = SURFACE_CURVE('',#1842,(#1846,#1853),.PCURVE_S1.);
#1842 = LINE('',#1843,#1844);
#1843 = CARTESIAN_POINT('',(227.74427926839,-152.620229,5.6));
#1844 = VECTOR('',#1845,1.);
#1845 = DIRECTION('',(-1.,0.,0.));
#1846 = PCURVE('',#144,#1847);
#1847 = DEFINITIONAL_REPRESENTATION('',(#1848),#1852);
#1848 = LINE('',#1849,#1850);
#1849 = CARTESIAN_POINT('',(-14.18144622351,-29.03300106145));
#1850 = VECTOR('',#1851,1.);
#1851 = DIRECTION('',(1.,0.));
#1852 = ( GEOMETRIC_REPRESENTATION_CONTEXT(2) 
PARAMETRIC_REPRESENTATION_CONTEXT() REPRESENTATION_CONTEXT('2D SPACE',''
  ) );
#1853 = PCURVE('',#1854,#1859);
#1854 = PLANE('',#1855);
#1855 = AXIS2_PLACEMENT_3D('',#1856,#1857,#1858);
#1856 = CARTESIAN_POINT('',(227.74427926839,-152.620229,5.6));
#1857 = DIRECTION('',(0.,-1.,0.));
#1858 = DIRECTION('',(-1.,0.,0.));
#1859 = DEFINITIONAL_REPRESENTATION('',(#1860),#1864);
#1860 = LINE('',#1861,#1862);
#1861 = CARTESIAN_POINT('',(0.,-0.));
#1862 = VECTOR('',#1863,1.);
#1863 = DIRECTION('',(1.,0.));
#1864 = ( GEOMETRIC_REPRESENTATION_CONTEXT(2) 
PARAMETRIC_REPRESENTATION_CONTEXT() REPRESENTATION_CONTEXT('2D SPACE',''
  ) );
#1865 = ORIENTED_EDGE('',*,*,#1866,.F.);
#1866 = EDGE_CURVE('',#1867,#1839,#1869,.T.);
#1867 = VERTEX_POINT('',#1868);
#1868 = CARTESIAN_POINT('',(217.8295947,-149.6788376724,5.6));
#1869 = SURFACE_CURVE('',#1870,(#1874,#1880),.PCURVE_S1.);
#1870 = LINE('',#1871,#1872);
#1871 = CARTESIAN_POINT('',(217.8295947,-140.6330328055,5.6));
#1872 = VECTOR('',#1873,1.);
#1873 = DIRECTION('',(0.,-1.,0.));
#1874 = PCURVE('',#144,#1875);
#1875 = DEFINITIONAL_REPRESENTATION('',(#1876),#1879);
#1876 = B_SPLINE_CURVE_WITH_KNOTS('',1,(#1877,#1878),.UNSPECIFIED.,.F.,
  .F.,(2,2),(9.045804866961,11.987196194489),.PIECEWISE_BEZIER_KNOTS.);
#1877 = CARTESIAN_POINT('',(-4.266761655119,-26.09160973392));
#1878 = CARTESIAN_POINT('',(-4.266761655119,-29.03300106145));
#1879 = ( GEOMETRIC_REPRESENTATION_CONTEXT(2) 
PARAMETRIC_REPRESENTATION_CONTEXT() REPRESENTATION_CONTEXT('2D SPACE',''
  ) );
#1880 = PCURVE('',#1881,#1886);
#1881 = PLANE('',#1882);
#1882 = AXIS2_PLACEMENT_3D('',#1883,#1884,#1885);
#1883 = CARTESIAN_POINT('',(217.8295947,-157.6788376724,-0.3));
#1884 = DIRECTION('',(1.,0.,-0.));
#1885 = DIRECTION('',(0.,0.,1.));
#1886 = DEFINITIONAL_REPRESENTATION('',(#1887),#1890);
#1887 = B_SPLINE_CURVE_WITH_KNOTS('',1,(#1888,#1889),.UNSPECIFIED.,.F.,
  .F.,(2,2),(9.045804866961,11.987196194489),.PIECEWISE_BEZIER_KNOTS.);
#1888 = CARTESIAN_POINT('',(5.9,-8.));
#1889 = CARTESIAN_POINT('',(5.9,-5.058608672472));
#1890 = ( GEOMETRIC_REPRESENTATION_CONTEXT(2) 
PARAMETRIC_REPRESENTATION_CONTEXT() REPRESENTATION_CONTEXT('2D SPACE',''
  ) );
#1891 = ORIENTED_EDGE('',*,*,#1892,.F.);
#1892 = EDGE_CURVE('',#1893,#1867,#1895,.T.);
#1893 = VERTEX_POINT('',#1894);
#1894 = CARTESIAN_POINT('',(205.8295947,-149.6788376724,5.6));
#1895 = SURFACE_CURVE('',#1896,(#1900,#1906),.PCURVE_S1.);
#1896 = LINE('',#1897,#1898);
#1897 = CARTESIAN_POINT('',(209.69621387244,-149.6788376724,5.6));
#1898 = VECTOR('',#1899,1.);
#1899 = DIRECTION('',(1.,0.,-0.));
#1900 = PCURVE('',#144,#1901);
#1901 = DEFINITIONAL_REPRESENTATION('',(#1902),#1905);
#1902 = B_SPLINE_CURVE_WITH_KNOTS('',1,(#1903,#1904),.UNSPECIFIED.,.F.,
  .F.,(2,2),(-3.86661917244,8.13338082756),.PIECEWISE_BEZIER_KNOTS.);
#1903 = CARTESIAN_POINT('',(7.733238344881,-26.09160973392));
#1904 = CARTESIAN_POINT('',(-4.266761655119,-26.09160973392));
#1905 = ( GEOMETRIC_REPRESENTATION_CONTEXT(2) 
PARAMETRIC_REPRESENTATION_CONTEXT() REPRESENTATION_CONTEXT('2D SPACE',''
  ) );
#1906 = PCURVE('',#1907,#1912);
#1907 = PLANE('',#1908);
#1908 = AXIS2_PLACEMENT_3D('',#1909,#1910,#1911);
#1909 = CARTESIAN_POINT('',(205.8295947,-149.6788376724,-0.3));
#1910 = DIRECTION('',(-0.,1.,0.));
#1911 = DIRECTION('',(0.,0.,1.));
#1912 = DEFINITIONAL_REPRESENTATION('',(#1913),#1916);
#1913 = B_SPLINE_CURVE_WITH_KNOTS('',1,(#1914,#1915),.UNSPECIFIED.,.F.,
  .F.,(2,2),(-3.86661917244,8.13338082756),.PIECEWISE_BEZIER_KNOTS.);
#1914 = CARTESIAN_POINT('',(5.9,0.));
#1915 = CARTESIAN_POINT('',(5.9,12.));
#1916 = ( GEOMETRIC_REPRESENTATION_CONTEXT(2) 
PARAMETRIC_REPRESENTATION_CONTEXT() REPRESENTATION_CONTEXT('2D SPACE',''
  ) );
#1917 = ORIENTED_EDGE('',*,*,#1918,.T.);
#1918 = EDGE_CURVE('',#1893,#1919,#1921,.T.);
#1919 = VERTEX_POINT('',#1920);
#1920 = CARTESIAN_POINT('',(205.8295947,-152.620229,5.6));
#1921 = SURFACE_CURVE('',#1922,(#1926,#1932),.PCURVE_S1.);
#1922 = LINE('',#1923,#1924);
#1923 = CARTESIAN_POINT('',(205.8295947,-140.6330328055,5.6));
#1924 = VECTOR('',#1925,1.);
#1925 = DIRECTION('',(0.,-1.,0.));
#1926 = PCURVE('',#144,#1927);
#1927 = DEFINITIONAL_REPRESENTATION('',(#1928),#1931);
#1928 = B_SPLINE_CURVE_WITH_KNOTS('',1,(#1929,#1930),.UNSPECIFIED.,.F.,
  .F.,(2,2),(9.045804866961,11.987196194489),.PIECEWISE_BEZIER_KNOTS.);
#1929 = CARTESIAN_POINT('',(7.733238344881,-26.09160973392));
#1930 = CARTESIAN_POINT('',(7.733238344881,-29.03300106145));
#1931 = ( GEOMETRIC_REPRESENTATION_CONTEXT(2) 
PARAMETRIC_REPRESENTATION_CONTEXT() REPRESENTATION_CONTEXT('2D SPACE',''
  ) );
#1932 = PCURVE('',#1933,#1938);
#1933 = PLANE('',#1934);
#1934 = AXIS2_PLACEMENT_3D('',#1935,#1936,#1937);
#1935 = CARTESIAN_POINT('',(205.8295947,-157.6788376724,-0.3));
#1936 = DIRECTION('',(1.,0.,-0.));
#1937 = DIRECTION('',(0.,0.,1.));
#1938 = DEFINITIONAL_REPRESENTATION('',(#1939),#1942);
#1939 = B_SPLINE_CURVE_WITH_KNOTS('',1,(#1940,#1941),.UNSPECIFIED.,.F.,
  .F.,(2,2),(9.045804866961,11.987196194489),.PIECEWISE_BEZIER_KNOTS.);
#1940 = CARTESIAN_POINT('',(5.9,-8.));
#1941 = CARTESIAN_POINT('',(5.9,-5.058608672472));
#1942 = ( GEOMETRIC_REPRESENTATION_CONTEXT(2) 
PARAMETRIC_REPRESENTATION_CONTEXT() REPRESENTATION_CONTEXT('2D SPACE',''
  ) );
#1943 = ORIENTED_EDGE('',*,*,#1944,.T.);
#1944 = EDGE_CURVE('',#1919,#1945,#1947,.T.);
#1945 = VERTEX_POINT('',#1946);
#1946 = CARTESIAN_POINT('',(202.66060944503,-152.620229,5.6));
#1947 = SURFACE_CURVE('',#1948,(#1952,#1959),.PCURVE_S1.);
#1948 = LINE('',#1949,#1950);
#1949 = CARTESIAN_POINT('',(227.74427926839,-152.620229,5.6));
#1950 = VECTOR('',#1951,1.);
#1951 = DIRECTION('',(-1.,0.,0.));
#1952 = PCURVE('',#144,#1953);
#1953 = DEFINITIONAL_REPRESENTATION('',(#1954),#1958);
#1954 = LINE('',#1955,#1956);
#1955 = CARTESIAN_POINT('',(-14.18144622351,-29.03300106145));
#1956 = VECTOR('',#1957,1.);
#1957 = DIRECTION('',(1.,0.));
#1958 = ( GEOMETRIC_REPRESENTATION_CONTEXT(2) 
PARAMETRIC_REPRESENTATION_CONTEXT() REPRESENTATION_CONTEXT('2D SPACE',''
  ) );
#1959 = PCURVE('',#1854,#1960);
#1960 = DEFINITIONAL_REPRESENTATION('',(#1961),#1965);
#1961 = LINE('',#1962,#1963);
#1962 = CARTESIAN_POINT('',(0.,-0.));
#1963 = VECTOR('',#1964,1.);
#1964 = DIRECTION('',(1.,0.));
#1965 = ( GEOMETRIC_REPRESENTATION_CONTEXT(2) 
PARAMETRIC_REPRESENTATION_CONTEXT() REPRESENTATION_CONTEXT('2D SPACE',''
  ) );
#1966 = ORIENTED_EDGE('',*,*,#1967,.T.);
#1967 = EDGE_CURVE('',#1945,#1968,#1970,.T.);
#1968 = VERTEX_POINT('',#1969);
#1969 = CARTESIAN_POINT('',(201.85349459125,-152.4180572537,5.6));
#1970 = SURFACE_CURVE('',#1971,(#1975,#1982),.PCURVE_S1.);
#1971 = LINE('',#1972,#1973);
#1972 = CARTESIAN_POINT('',(202.66060944503,-152.620229,5.6));
#1973 = VECTOR('',#1974,1.);
#1974 = DIRECTION('',(-0.970031253195,0.242980179903,0.));
#1975 = PCURVE('',#144,#1976);
#1976 = DEFINITIONAL_REPRESENTATION('',(#1977),#1981);
#1977 = LINE('',#1978,#1979);
#1978 = CARTESIAN_POINT('',(10.902223599845,-29.03300106145));
#1979 = VECTOR('',#1980,1.);
#1980 = DIRECTION('',(0.970031253195,0.242980179903));
#1981 = ( GEOMETRIC_REPRESENTATION_CONTEXT(2) 
PARAMETRIC_REPRESENTATION_CONTEXT() REPRESENTATION_CONTEXT('2D SPACE',''
  ) );
#1982 = PCURVE('',#1983,#1988);
#1983 = PLANE('',#1984);
#1984 = AXIS2_PLACEMENT_3D('',#1985,#1986,#1987);
#1985 = CARTESIAN_POINT('',(202.66060944503,-152.620229,5.6));
#1986 = DIRECTION('',(-0.242980179903,-0.970031253195,0.));
#1987 = DIRECTION('',(-0.970031253195,0.242980179903,0.));
#1988 = DEFINITIONAL_REPRESENTATION('',(#1989),#1993);
#1989 = LINE('',#1990,#1991);
#1990 = CARTESIAN_POINT('',(0.,0.));
#1991 = VECTOR('',#1992,1.);
#1992 = DIRECTION('',(1.,0.));
#1993 = ( GEOMETRIC_REPRESENTATION_CONTEXT(2) 
PARAMETRIC_REPRESENTATION_CONTEXT() REPRESENTATION_CONTEXT('2D SPACE',''
  ) );
#1994 = ORIENTED_EDGE('',*,*,#1995,.T.);
#1995 = EDGE_CURVE('',#1968,#1996,#1998,.T.);
#1996 = VERTEX_POINT('',#1997);
#1997 = CARTESIAN_POINT('',(200.3488602751,-152.1948658365,5.6));
#1998 = SURFACE_CURVE('',#1999,(#2003,#2010),.PCURVE_S1.);
#1999 = LINE('',#2000,#2001);
#2000 = CARTESIAN_POINT('',(201.85349459125,-152.4180572537,5.6));
#2001 = VECTOR('',#2002,1.);
#2002 = DIRECTION('',(-0.989176509965,0.146730474455,0.));
#2003 = PCURVE('',#144,#2004);
#2004 = DEFINITIONAL_REPRESENTATION('',(#2005),#2009);
#2005 = LINE('',#2006,#2007);
#2006 = CARTESIAN_POINT('',(11.709338453631,-28.8308293152));
#2007 = VECTOR('',#2008,1.);
#2008 = DIRECTION('',(0.989176509965,0.146730474455));
#2009 = ( GEOMETRIC_REPRESENTATION_CONTEXT(2) 
PARAMETRIC_REPRESENTATION_CONTEXT() REPRESENTATION_CONTEXT('2D SPACE',''
  ) );
#2010 = PCURVE('',#2011,#2016);
#2011 = PLANE('',#2012);
#2012 = AXIS2_PLACEMENT_3D('',#2013,#2014,#2015);
#2013 = CARTESIAN_POINT('',(201.85349459125,-152.4180572537,5.6));
#2014 = DIRECTION('',(-0.146730474455,-0.989176509965,0.));
#2015 = DIRECTION('',(-0.989176509965,0.146730474455,0.));
#2016 = DEFINITIONAL_REPRESENTATION('',(#2017),#2021);
#2017 = LINE('',#2018,#2019);
#2018 = CARTESIAN_POINT('',(0.,0.));
#2019 = VECTOR('',#2020,1.);
#2020 = DIRECTION('',(1.,0.));
#2021 = ( GEOMETRIC_REPRESENTATION_CONTEXT(2) 
PARAMETRIC_REPRESENTATION_CONTEXT() REPRESENTATION_CONTEXT('2D SPACE',''
  ) );
#2022 = ORIENTED_EDGE('',*,*,#2023,.T.);
#2023 = EDGE_CURVE('',#1996,#2024,#2026,.T.);
#2024 = VERTEX_POINT('',#2025);
#2025 = CARTESIAN_POINT('',(198.8295946,-152.1202291,5.6));
#2026 = SURFACE_CURVE('',#2027,(#2031,#2038),.PCURVE_S1.);
#2027 = LINE('',#2028,#2029);
#2028 = CARTESIAN_POINT('',(200.3488602751,-152.1948658365,5.6));
#2029 = VECTOR('',#2030,1.);
#2030 = DIRECTION('',(-0.998795456205,4.906767432741E-02,0.));
#2031 = PCURVE('',#144,#2032);
#2032 = DEFINITIONAL_REPRESENTATION('',(#2033),#2037);
#2033 = LINE('',#2034,#2035);
#2034 = CARTESIAN_POINT('',(13.213972769772,-28.60763789803));
#2035 = VECTOR('',#2036,1.);
#2036 = DIRECTION('',(0.998795456205,4.906767432741E-02));
#2037 = ( GEOMETRIC_REPRESENTATION_CONTEXT(2) 
PARAMETRIC_REPRESENTATION_CONTEXT() REPRESENTATION_CONTEXT('2D SPACE',''
  ) );
#2038 = PCURVE('',#2039,#2044);
#2039 = PLANE('',#2040);
#2040 = AXIS2_PLACEMENT_3D('',#2041,#2042,#2043);
#2041 = CARTESIAN_POINT('',(200.3488602751,-152.1948658365,5.6));
#2042 = DIRECTION('',(-4.906767432741E-02,-0.998795456205,0.));
#2043 = DIRECTION('',(-0.998795456205,4.906767432741E-02,0.));
#2044 = DEFINITIONAL_REPRESENTATION('',(#2045),#2049);
#2045 = LINE('',#2046,#2047);
#2046 = CARTESIAN_POINT('',(0.,0.));
#2047 = VECTOR('',#2048,1.);
#2048 = DIRECTION('',(1.,0.));
#2049 = ( GEOMETRIC_REPRESENTATION_CONTEXT(2) 
PARAMETRIC_REPRESENTATION_CONTEXT() REPRESENTATION_CONTEXT('2D SPACE',''
  ) );
#2050 = ORIENTED_EDGE('',*,*,#2051,.T.);
#2051 = EDGE_CURVE('',#2024,#2052,#2054,.T.);
#2052 = VERTEX_POINT('',#2053);
#2053 = CARTESIAN_POINT('',(197.31032892489,-152.1948658365,5.6));
#2054 = SURFACE_CURVE('',#2055,(#2059,#2066),.PCURVE_S1.);
#2055 = LINE('',#2056,#2057);
#2056 = CARTESIAN_POINT('',(198.8295946,-152.1202291,5.6));
#2057 = VECTOR('',#2058,1.);
#2058 = DIRECTION('',(-0.998795456205,-4.906767432741E-02,0.));
#2059 = PCURVE('',#144,#2060);
#2060 = DEFINITIONAL_REPRESENTATION('',(#2061),#2065);
#2061 = LINE('',#2062,#2063);
#2062 = CARTESIAN_POINT('',(14.733238444881,-28.53300116145));
#2063 = VECTOR('',#2064,1.);
#2064 = DIRECTION('',(0.998795456205,-4.906767432741E-02));
#2065 = ( GEOMETRIC_REPRESENTATION_CONTEXT(2) 
PARAMETRIC_REPRESENTATION_CONTEXT() REPRESENTATION_CONTEXT('2D SPACE',''
  ) );
#2066 = PCURVE('',#2067,#2072);
#2067 = PLANE('',#2068);
#2068 = AXIS2_PLACEMENT_3D('',#2069,#2070,#2071);
#2069 = CARTESIAN_POINT('',(198.8295946,-152.1202291,5.6));
#2070 = DIRECTION('',(4.906767432741E-02,-0.998795456205,0.));
#2071 = DIRECTION('',(-0.998795456205,-4.906767432741E-02,0.));
#2072 = DEFINITIONAL_REPRESENTATION('',(#2073),#2077);
#2073 = LINE('',#2074,#2075);
#2074 = CARTESIAN_POINT('',(0.,0.));
#2075 = VECTOR('',#2076,1.);
#2076 = DIRECTION('',(1.,0.));
#2077 = ( GEOMETRIC_REPRESENTATION_CONTEXT(2) 
PARAMETRIC_REPRESENTATION_CONTEXT() REPRESENTATION_CONTEXT('2D SPACE',''
  ) );
#2078 = ORIENTED_EDGE('',*,*,#2079,.T.);
#2079 = EDGE_CURVE('',#2052,#312,#2080,.T.);
#2080 = SURFACE_CURVE('',#2081,(#2085,#2092),.PCURVE_S1.);
#2081 = LINE('',#2082,#2083);
#2082 = CARTESIAN_POINT('',(197.31032892489,-152.1948658365,5.6));
#2083 = VECTOR('',#2084,1.);
#2084 = DIRECTION('',(-0.989176509965,-0.146730474455,0.));
#2085 = PCURVE('',#144,#2086);
#2086 = DEFINITIONAL_REPRESENTATION('',(#2087),#2091);
#2087 = LINE('',#2088,#2089);
#2088 = CARTESIAN_POINT('',(16.252504119989,-28.60763789803));
#2089 = VECTOR('',#2090,1.);
#2090 = DIRECTION('',(0.989176509965,-0.146730474455));
#2091 = ( GEOMETRIC_REPRESENTATION_CONTEXT(2) 
PARAMETRIC_REPRESENTATION_CONTEXT() REPRESENTATION_CONTEXT('2D SPACE',''
  ) );
#2092 = PCURVE('',#2093,#2098);
#2093 = PLANE('',#2094);
#2094 = AXIS2_PLACEMENT_3D('',#2095,#2096,#2097);
#2095 = CARTESIAN_POINT('',(197.31032892489,-152.1948658365,5.6));
#2096 = DIRECTION('',(0.146730474455,-0.989176509965,0.));
#2097 = DIRECTION('',(-0.989176509965,-0.146730474455,0.));
#2098 = DEFINITIONAL_REPRESENTATION('',(#2099),#2103);
#2099 = LINE('',#2100,#2101);
#2100 = CARTESIAN_POINT('',(0.,0.));
#2101 = VECTOR('',#2102,1.);
#2102 = DIRECTION('',(1.,0.));
#2103 = ( GEOMETRIC_REPRESENTATION_CONTEXT(2) 
PARAMETRIC_REPRESENTATION_CONTEXT() REPRESENTATION_CONTEXT('2D SPACE',''
  ) );
#2104 = FACE_BOUND('',#2105,.T.);
#2105 = EDGE_LOOP('',(#2106));
#2106 = ORIENTED_EDGE('',*,*,#2107,.T.);
#2107 = EDGE_CURVE('',#2108,#2108,#2110,.T.);
#2108 = VERTEX_POINT('',#2109);
#2109 = CARTESIAN_POINT('',(222.229595,-148.120229,5.6));
#2110 = SURFACE_CURVE('',#2111,(#2116,#2127),.PCURVE_S1.);
#2111 = CIRCLE('',#2112,1.);
#2112 = AXIS2_PLACEMENT_3D('',#2113,#2114,#2115);
#2113 = CARTESIAN_POINT('',(221.229595,-148.120229,5.6));
#2114 = DIRECTION('',(0.,0.,1.));
#2115 = DIRECTION('',(1.,0.,-0.));
#2116 = PCURVE('',#144,#2117);
#2117 = DEFINITIONAL_REPRESENTATION('',(#2118),#2126);
#2118 = ( BOUNDED_CURVE() B_SPLINE_CURVE(2,(#2119,#2120,#2121,#2122,
#2123,#2124,#2125),.UNSPECIFIED.,.T.,.F.) B_SPLINE_CURVE_WITH_KNOTS((1,2
    ,2,2,2,1),(-2.094395102393,0.,2.094395102393,4.188790204786,
6.28318530718,8.377580409573),.UNSPECIFIED.) CURVE() 
GEOMETRIC_REPRESENTATION_ITEM() RATIONAL_B_SPLINE_CURVE((1.,0.5,1.,0.5,
1.,0.5,1.)) REPRESENTATION_ITEM('') );
#2119 = CARTESIAN_POINT('',(-8.666761955119,-24.53300106145));
#2120 = CARTESIAN_POINT('',(-8.666761955119,-22.80095025388));
#2121 = CARTESIAN_POINT('',(-7.166761955119,-23.66697565766));
#2122 = CARTESIAN_POINT('',(-5.666761955119,-24.53300106145));
#2123 = CARTESIAN_POINT('',(-7.166761955119,-25.39902646523));
#2124 = CARTESIAN_POINT('',(-8.666761955119,-26.26505186901));
#2125 = CARTESIAN_POINT('',(-8.666761955119,-24.53300106145));
#2126 = ( GEOMETRIC_REPRESENTATION_CONTEXT(2) 
PARAMETRIC_REPRESENTATION_CONTEXT() REPRESENTATION_CONTEXT('2D SPACE',''
  ) );
#2127 = PCURVE('',#2128,#2133);
#2128 = CYLINDRICAL_SURFACE('',#2129,1.);
#2129 = AXIS2_PLACEMENT_3D('',#2130,#2131,#2132);
#2130 = CARTESIAN_POINT('',(221.229595,-148.120229,4.6));
#2131 = DIRECTION('',(0.,0.,1.));
#2132 = DIRECTION('',(1.,0.,-0.));
#2133 = DEFINITIONAL_REPRESENTATION('',(#2134),#2138);
#2134 = LINE('',#2135,#2136);
#2135 = CARTESIAN_POINT('',(0.,1.));
#2136 = VECTOR('',#2137,1.);
#2137 = DIRECTION('',(1.,0.));
#2138 = ( GEOMETRIC_REPRESENTATION_CONTEXT(2) 
PARAMETRIC_REPRESENTATION_CONTEXT() REPRESENTATION_CONTEXT('2D SPACE',''
  ) );
#2139 = FACE_BOUND('',#2140,.T.);
#2140 = EDGE_LOOP('',(#2141));
#2141 = ORIENTED_EDGE('',*,*,#2142,.T.);
#2142 = EDGE_CURVE('',#2143,#2143,#2145,.T.);
#2143 = VERTEX_POINT('',#2144);
#2144 = CARTESIAN_POINT('',(224.450699,-140.5476,5.6));
#2145 = SURFACE_CURVE('',#2146,(#2151,#2162),.PCURVE_S1.);
#2146 = CIRCLE('',#2147,2.5);
#2147 = AXIS2_PLACEMENT_3D('',#2148,#2149,#2150);
#2148 = CARTESIAN_POINT('',(221.950699,-140.5476,5.6));
#2149 = DIRECTION('',(0.,0.,1.));
#2150 = DIRECTION('',(1.,0.,-0.));
#2151 = PCURVE('',#144,#2152);
#2152 = DEFINITIONAL_REPRESENTATION('',(#2153),#2161);
#2153 = ( BOUNDED_CURVE() B_SPLINE_CURVE(2,(#2154,#2155,#2156,#2157,
#2158,#2159,#2160),.UNSPECIFIED.,.T.,.F.) B_SPLINE_CURVE_WITH_KNOTS((1,2
    ,2,2,2,1),(-2.094395102393,0.,2.094395102393,4.188790204786,
6.28318530718,8.377580409573),.UNSPECIFIED.) CURVE() 
GEOMETRIC_REPRESENTATION_ITEM() RATIONAL_B_SPLINE_CURVE((1.,0.5,1.,0.5,
1.,0.5,1.)) REPRESENTATION_ITEM('') );
#2154 = CARTESIAN_POINT('',(-10.88786595511,-16.96037206145));
#2155 = CARTESIAN_POINT('',(-10.88786595511,-12.63024504252));
#2156 = CARTESIAN_POINT('',(-7.137865955119,-14.79530855198));
#2157 = CARTESIAN_POINT('',(-3.387865955119,-16.96037206145));
#2158 = CARTESIAN_POINT('',(-7.137865955119,-19.12543557091));
#2159 = CARTESIAN_POINT('',(-10.88786595511,-21.29049908037));
#2160 = CARTESIAN_POINT('',(-10.88786595511,-16.96037206145));
#2161 = ( GEOMETRIC_REPRESENTATION_CONTEXT(2) 
PARAMETRIC_REPRESENTATION_CONTEXT() REPRESENTATION_CONTEXT('2D SPACE',''
  ) );
#2162 = PCURVE('',#2163,#2168);
#2163 = CYLINDRICAL_SURFACE('',#2164,2.5);
#2164 = AXIS2_PLACEMENT_3D('',#2165,#2166,#2167);
#2165 = CARTESIAN_POINT('',(221.950699,-140.5476,0.));
#2166 = DIRECTION('',(0.,0.,1.));
#2167 = DIRECTION('',(1.,0.,-0.));
#2168 = DEFINITIONAL_REPRESENTATION('',(#2169),#2173);
#2169 = LINE('',#2170,#2171);
#2170 = CARTESIAN_POINT('',(0.,5.6));
#2171 = VECTOR('',#2172,1.);
#2172 = DIRECTION('',(1.,0.));
#2173 = ( GEOMETRIC_REPRESENTATION_CONTEXT(2) 
PARAMETRIC_REPRESENTATION_CONTEXT() REPRESENTATION_CONTEXT('2D SPACE',''
  ) );
#2174 = FACE_BOUND('',#2175,.T.);
#2175 = EDGE_LOOP('',(#2176));
#2176 = ORIENTED_EDGE('',*,*,#2177,.T.);
#2177 = EDGE_CURVE('',#2178,#2178,#2180,.T.);
#2178 = VERTEX_POINT('',#2179);
#2179 = CARTESIAN_POINT('',(214.629595,-148.120229,5.6));
#2180 = SURFACE_CURVE('',#2181,(#2186,#2197),.PCURVE_S1.);
#2181 = CIRCLE('',#2182,1.);
#2182 = AXIS2_PLACEMENT_3D('',#2183,#2184,#2185);
#2183 = CARTESIAN_POINT('',(213.629595,-148.120229,5.6));
#2184 = DIRECTION('',(0.,0.,1.));
#2185 = DIRECTION('',(1.,0.,-0.));
#2186 = PCURVE('',#144,#2187);
#2187 = DEFINITIONAL_REPRESENTATION('',(#2188),#2196);
#2188 = ( BOUNDED_CURVE() B_SPLINE_CURVE(2,(#2189,#2190,#2191,#2192,
#2193,#2194,#2195),.UNSPECIFIED.,.T.,.F.) B_SPLINE_CURVE_WITH_KNOTS((1,2
    ,2,2,2,1),(-2.094395102393,0.,2.094395102393,4.188790204786,
6.28318530718,8.377580409573),.UNSPECIFIED.) CURVE() 
GEOMETRIC_REPRESENTATION_ITEM() RATIONAL_B_SPLINE_CURVE((1.,0.5,1.,0.5,
1.,0.5,1.)) REPRESENTATION_ITEM('') );
#2189 = CARTESIAN_POINT('',(-1.066761955119,-24.53300106145));
#2190 = CARTESIAN_POINT('',(-1.066761955119,-22.80095025388));
#2191 = CARTESIAN_POINT('',(0.433238044881,-23.66697565766));
#2192 = CARTESIAN_POINT('',(1.933238044881,-24.53300106145));
#2193 = CARTESIAN_POINT('',(0.433238044881,-25.39902646523));
#2194 = CARTESIAN_POINT('',(-1.066761955119,-26.26505186901));
#2195 = CARTESIAN_POINT('',(-1.066761955119,-24.53300106145));
#2196 = ( GEOMETRIC_REPRESENTATION_CONTEXT(2) 
PARAMETRIC_REPRESENTATION_CONTEXT() REPRESENTATION_CONTEXT('2D SPACE',''
  ) );
#2197 = PCURVE('',#2198,#2203);
#2198 = CYLINDRICAL_SURFACE('',#2199,1.);
#2199 = AXIS2_PLACEMENT_3D('',#2200,#2201,#2202);
#2200 = CARTESIAN_POINT('',(213.629595,-148.120229,4.6));
#2201 = DIRECTION('',(0.,0.,1.));
#2202 = DIRECTION('',(1.,0.,-0.));
#2203 = DEFINITIONAL_REPRESENTATION('',(#2204),#2208);
#2204 = LINE('',#2205,#2206);
#2205 = CARTESIAN_POINT('',(0.,1.));
#2206 = VECTOR('',#2207,1.);
#2207 = DIRECTION('',(1.,0.));
#2208 = ( GEOMETRIC_REPRESENTATION_CONTEXT(2) 
PARAMETRIC_REPRESENTATION_CONTEXT() REPRESENTATION_CONTEXT('2D SPACE',''
  ) );
#2209 = FACE_BOUND('',#2210,.T.);
#2210 = EDGE_LOOP('',(#2211));
#2211 = ORIENTED_EDGE('',*,*,#2212,.T.);
#2212 = EDGE_CURVE('',#2213,#2213,#2215,.T.);
#2213 = VERTEX_POINT('',#2214);
#2214 = CARTESIAN_POINT('',(207.029595,-148.120229,5.6));
#2215 = SURFACE_CURVE('',#2216,(#2221,#2232),.PCURVE_S1.);
#2216 = CIRCLE('',#2217,1.);
#2217 = AXIS2_PLACEMENT_3D('',#2218,#2219,#2220);
#2218 = CARTESIAN_POINT('',(206.029595,-148.120229,5.6));
#2219 = DIRECTION('',(0.,0.,1.));
#2220 = DIRECTION('',(1.,0.,-0.));
#2221 = PCURVE('',#144,#2222);
#2222 = DEFINITIONAL_REPRESENTATION('',(#2223),#2231);
#2223 = ( BOUNDED_CURVE() B_SPLINE_CURVE(2,(#2224,#2225,#2226,#2227,
#2228,#2229,#2230),.UNSPECIFIED.,.T.,.F.) B_SPLINE_CURVE_WITH_KNOTS((1,2
    ,2,2,2,1),(-2.094395102393,0.,2.094395102393,4.188790204786,
6.28318530718,8.377580409573),.UNSPECIFIED.) CURVE() 
GEOMETRIC_REPRESENTATION_ITEM() RATIONAL_B_SPLINE_CURVE((1.,0.5,1.,0.5,
1.,0.5,1.)) REPRESENTATION_ITEM('') );
#2224 = CARTESIAN_POINT('',(6.533238044881,-24.53300106145));
#2225 = CARTESIAN_POINT('',(6.533238044881,-22.80095025388));
#2226 = CARTESIAN_POINT('',(8.033238044881,-23.66697565766));
#2227 = CARTESIAN_POINT('',(9.533238044881,-24.53300106145));
#2228 = CARTESIAN_POINT('',(8.033238044881,-25.39902646523));
#2229 = CARTESIAN_POINT('',(6.533238044881,-26.26505186901));
#2230 = CARTESIAN_POINT('',(6.533238044881,-24.53300106145));
#2231 = ( GEOMETRIC_REPRESENTATION_CONTEXT(2) 
PARAMETRIC_REPRESENTATION_CONTEXT() REPRESENTATION_CONTEXT('2D SPACE',''
  ) );
#2232 = PCURVE('',#2233,#2238);
#2233 = CYLINDRICAL_SURFACE('',#2234,1.);
#2234 = AXIS2_PLACEMENT_3D('',#2235,#2236,#2237);
#2235 = CARTESIAN_POINT('',(206.029595,-148.120229,4.6));
#2236 = DIRECTION('',(0.,0.,1.));
#2237 = DIRECTION('',(1.,0.,-0.));
#2238 = DEFINITIONAL_REPRESENTATION('',(#2239),#2243);
#2239 = LINE('',#2240,#2241);
#2240 = CARTESIAN_POINT('',(0.,1.));
#2241 = VECTOR('',#2242,1.);
#2242 = DIRECTION('',(1.,0.));
#2243 = ( GEOMETRIC_REPRESENTATION_CONTEXT(2) 
PARAMETRIC_REPRESENTATION_CONTEXT() REPRESENTATION_CONTEXT('2D SPACE',''
  ) );
#2244 = FACE_BOUND('',#2245,.T.);
#2245 = EDGE_LOOP('',(#2246));
#2246 = ORIENTED_EDGE('',*,*,#2247,.T.);
#2247 = EDGE_CURVE('',#2248,#2248,#2250,.T.);
#2248 = VERTEX_POINT('',#2249);
#2249 = CARTESIAN_POINT('',(225.8295947,-104.120229,5.6));
#2250 = SURFACE_CURVE('',#2251,(#2256,#2267),.PCURVE_S1.);
#2251 = CIRCLE('',#2252,1.5);
#2252 = AXIS2_PLACEMENT_3D('',#2253,#2254,#2255);
#2253 = CARTESIAN_POINT('',(224.3295947,-104.120229,5.6));
#2254 = DIRECTION('',(0.,0.,1.));
#2255 = DIRECTION('',(1.,0.,-0.));
#2256 = PCURVE('',#144,#2257);
#2257 = DEFINITIONAL_REPRESENTATION('',(#2258),#2266);
#2258 = ( BOUNDED_CURVE() B_SPLINE_CURVE(2,(#2259,#2260,#2261,#2262,
#2263,#2264,#2265),.UNSPECIFIED.,.T.,.F.) B_SPLINE_CURVE_WITH_KNOTS((1,2
    ,2,2,2,1),(-2.094395102393,0.,2.094395102393,4.188790204786,
6.28318530718,8.377580409573),.UNSPECIFIED.) CURVE() 
GEOMETRIC_REPRESENTATION_ITEM() RATIONAL_B_SPLINE_CURVE((1.,0.5,1.,0.5,
1.,0.5,1.)) REPRESENTATION_ITEM('') );
#2259 = CARTESIAN_POINT('',(-12.26676165511,19.46699893855));
#2260 = CARTESIAN_POINT('',(-12.26676165511,22.065075149904));
#2261 = CARTESIAN_POINT('',(-10.01676165511,20.766037044227));
#2262 = CARTESIAN_POINT('',(-7.766761655119,19.46699893855));
#2263 = CARTESIAN_POINT('',(-10.01676165511,18.167960832874));
#2264 = CARTESIAN_POINT('',(-12.26676165511,16.868922727197));
#2265 = CARTESIAN_POINT('',(-12.26676165511,19.46699893855));
#2266 = ( GEOMETRIC_REPRESENTATION_CONTEXT(2) 
PARAMETRIC_REPRESENTATION_CONTEXT() REPRESENTATION_CONTEXT('2D SPACE',''
  ) );
#2267 = PCURVE('',#2268,#2273);
#2268 = CYLINDRICAL_SURFACE('',#2269,1.5);
#2269 = AXIS2_PLACEMENT_3D('',#2270,#2271,#2272);
#2270 = CARTESIAN_POINT('',(224.3295947,-104.120229,0.));
#2271 = DIRECTION('',(0.,0.,1.));
#2272 = DIRECTION('',(1.,0.,-0.));
#2273 = DEFINITIONAL_REPRESENTATION('',(#2274),#2278);
#2274 = LINE('',#2275,#2276);
#2275 = CARTESIAN_POINT('',(0.,5.6));
#2276 = VECTOR('',#2277,1.);
#2277 = DIRECTION('',(1.,0.));
#2278 = ( GEOMETRIC_REPRESENTATION_CONTEXT(2) 
PARAMETRIC_REPRESENTATION_CONTEXT() REPRESENTATION_CONTEXT('2D SPACE',''
  ) );
#2279 = ADVANCED_FACE('',(#2280,#3523,#3553,#3583,#3613),#90,.F.);
#2280 = FACE_BOUND('',#2281,.F.);
#2281 = EDGE_LOOP('',(#2282,#2283,#2284,#2307,#2330,#2353,#2376,#2399,
    #2422,#2445,#2468,#2491,#2514,#2537,#2560,#2583,#2606,#2629,#2652,
    #2675,#2698,#2721,#2744,#2767,#2790,#2813,#2836,#2859,#2887,#2915,
    #2943,#2971,#2999,#3027,#3055,#3083,#3111,#3139,#3167,#3195,#3223,
    #3251,#3279,#3307,#3335,#3363,#3386,#3409,#3432,#3455,#3478,#3501,
    #3522));
#2282 = ORIENTED_EDGE('',*,*,#74,.T.);
#2283 = ORIENTED_EDGE('',*,*,#236,.T.);
#2284 = ORIENTED_EDGE('',*,*,#2285,.T.);
#2285 = EDGE_CURVE('',#237,#2286,#2288,.T.);
#2286 = VERTEX_POINT('',#2287);
#2287 = CARTESIAN_POINT('',(198.96849386311,-151.9522578286,7.2));
#2288 = SURFACE_CURVE('',#2289,(#2293,#2300),.PCURVE_S1.);
#2289 = LINE('',#2290,#2291);
#2290 = CARTESIAN_POINT('',(198.84747310265,-152.0169447727,7.2));
#2291 = VECTOR('',#2292,1.);
#2292 = DIRECTION('',(0.881921264348,0.471396736826,0.));
#2293 = PCURVE('',#90,#2294);
#2294 = DEFINITIONAL_REPRESENTATION('',(#2295),#2299);
#2295 = LINE('',#2296,#2297);
#2296 = CARTESIAN_POINT('',(14.715359942225,-28.4297168342));
#2297 = VECTOR('',#2298,1.);
#2298 = DIRECTION('',(-0.881921264348,0.471396736826));
#2299 = ( GEOMETRIC_REPRESENTATION_CONTEXT(2) 
PARAMETRIC_REPRESENTATION_CONTEXT() REPRESENTATION_CONTEXT('2D SPACE',''
  ) );
#2300 = PCURVE('',#275,#2301);
#2301 = DEFINITIONAL_REPRESENTATION('',(#2302),#2306);
#2302 = LINE('',#2303,#2304);
#2303 = CARTESIAN_POINT('',(0.,-1.6));
#2304 = VECTOR('',#2305,1.);
#2305 = DIRECTION('',(1.,0.));
#2306 = ( GEOMETRIC_REPRESENTATION_CONTEXT(2) 
PARAMETRIC_REPRESENTATION_CONTEXT() REPRESENTATION_CONTEXT('2D SPACE',''
  ) );
#2307 = ORIENTED_EDGE('',*,*,#2308,.T.);
#2308 = EDGE_CURVE('',#2286,#2309,#2311,.T.);
#2309 = VERTEX_POINT('',#2310);
#2310 = CARTESIAN_POINT('',(199.07456944683,-151.8652038468,7.2));
#2311 = SURFACE_CURVE('',#2312,(#2316,#2323),.PCURVE_S1.);
#2312 = LINE('',#2313,#2314);
#2313 = CARTESIAN_POINT('',(198.96849386311,-151.9522578286,7.2));
#2314 = VECTOR('',#2315,1.);
#2315 = DIRECTION('',(0.773010453363,0.634393284164,0.));
#2316 = PCURVE('',#90,#2317);
#2317 = DEFINITIONAL_REPRESENTATION('',(#2318),#2322);
#2318 = LINE('',#2319,#2320);
#2319 = CARTESIAN_POINT('',(14.594339181767,-28.36502989006));
#2320 = VECTOR('',#2321,1.);
#2321 = DIRECTION('',(-0.773010453363,0.634393284164));
#2322 = ( GEOMETRIC_REPRESENTATION_CONTEXT(2) 
PARAMETRIC_REPRESENTATION_CONTEXT() REPRESENTATION_CONTEXT('2D SPACE',''
  ) );
#2323 = PCURVE('',#376,#2324);
#2324 = DEFINITIONAL_REPRESENTATION('',(#2325),#2329);
#2325 = LINE('',#2326,#2327);
#2326 = CARTESIAN_POINT('',(0.,-1.6));
#2327 = VECTOR('',#2328,1.);
#2328 = DIRECTION('',(1.,0.));
#2329 = ( GEOMETRIC_REPRESENTATION_CONTEXT(2) 
PARAMETRIC_REPRESENTATION_CONTEXT() REPRESENTATION_CONTEXT('2D SPACE',''
  ) );
#2330 = ORIENTED_EDGE('',*,*,#2331,.T.);
#2331 = EDGE_CURVE('',#2309,#2332,#2334,.T.);
#2332 = VERTEX_POINT('',#2333);
#2333 = CARTESIAN_POINT('',(199.16162342861,-151.7591282631,7.2));
#2334 = SURFACE_CURVE('',#2335,(#2339,#2346),.PCURVE_S1.);
#2335 = LINE('',#2336,#2337);
#2336 = CARTESIAN_POINT('',(199.07456944683,-151.8652038468,7.2));
#2337 = VECTOR('',#2338,1.);
#2338 = DIRECTION('',(0.634393284164,0.773010453363,0.));
#2339 = PCURVE('',#90,#2340);
#2340 = DEFINITIONAL_REPRESENTATION('',(#2341),#2345);
#2341 = LINE('',#2342,#2343);
#2342 = CARTESIAN_POINT('',(14.48826359805,-28.27797590828));
#2343 = VECTOR('',#2344,1.);
#2344 = DIRECTION('',(-0.634393284164,0.773010453363));
#2345 = ( GEOMETRIC_REPRESENTATION_CONTEXT(2) 
PARAMETRIC_REPRESENTATION_CONTEXT() REPRESENTATION_CONTEXT('2D SPACE',''
  ) );
#2346 = PCURVE('',#404,#2347);
#2347 = DEFINITIONAL_REPRESENTATION('',(#2348),#2352);
#2348 = LINE('',#2349,#2350);
#2349 = CARTESIAN_POINT('',(0.,-1.6));
#2350 = VECTOR('',#2351,1.);
#2351 = DIRECTION('',(1.,0.));
#2352 = ( GEOMETRIC_REPRESENTATION_CONTEXT(2) 
PARAMETRIC_REPRESENTATION_CONTEXT() REPRESENTATION_CONTEXT('2D SPACE',''
  ) );
#2353 = ORIENTED_EDGE('',*,*,#2354,.T.);
#2354 = EDGE_CURVE('',#2332,#2355,#2357,.T.);
#2355 = VERTEX_POINT('',#2356);
#2356 = CARTESIAN_POINT('',(199.22631037275,-151.6381075026,7.2));
#2357 = SURFACE_CURVE('',#2358,(#2362,#2369),.PCURVE_S1.);
#2358 = LINE('',#2359,#2360);
#2359 = CARTESIAN_POINT('',(199.16162342861,-151.7591282631,7.2));
#2360 = VECTOR('',#2361,1.);
#2361 = DIRECTION('',(0.471396736826,0.881921264348,0.));
#2362 = PCURVE('',#90,#2363);
#2363 = DEFINITIONAL_REPRESENTATION('',(#2364),#2368);
#2364 = LINE('',#2365,#2366);
#2365 = CARTESIAN_POINT('',(14.401209616269,-28.17190032456));
#2366 = VECTOR('',#2367,1.);
#2367 = DIRECTION('',(-0.471396736826,0.881921264348));
#2368 = ( GEOMETRIC_REPRESENTATION_CONTEXT(2) 
PARAMETRIC_REPRESENTATION_CONTEXT() REPRESENTATION_CONTEXT('2D SPACE',''
  ) );
#2369 = PCURVE('',#432,#2370);
#2370 = DEFINITIONAL_REPRESENTATION('',(#2371),#2375);
#2371 = LINE('',#2372,#2373);
#2372 = CARTESIAN_POINT('',(0.,-1.6));
#2373 = VECTOR('',#2374,1.);
#2374 = DIRECTION('',(1.,0.));
#2375 = ( GEOMETRIC_REPRESENTATION_CONTEXT(2) 
PARAMETRIC_REPRESENTATION_CONTEXT() REPRESENTATION_CONTEXT('2D SPACE',''
  ) );
#2376 = ORIENTED_EDGE('',*,*,#2377,.T.);
#2377 = EDGE_CURVE('',#2355,#2378,#2380,.T.);
#2378 = VERTEX_POINT('',#2379);
#2379 = CARTESIAN_POINT('',(199.26614439628,-151.5067923254,7.2));
#2380 = SURFACE_CURVE('',#2381,(#2385,#2392),.PCURVE_S1.);
#2381 = LINE('',#2382,#2383);
#2382 = CARTESIAN_POINT('',(199.22631037275,-151.6381075026,7.2));
#2383 = VECTOR('',#2384,1.);
#2384 = DIRECTION('',(0.290284677255,0.956940335732,0.));
#2385 = PCURVE('',#90,#2386);
#2386 = DEFINITIONAL_REPRESENTATION('',(#2387),#2391);
#2387 = LINE('',#2388,#2389);
#2388 = CARTESIAN_POINT('',(14.336522672123,-28.0508795641));
#2389 = VECTOR('',#2390,1.);
#2390 = DIRECTION('',(-0.290284677255,0.956940335732));
#2391 = ( GEOMETRIC_REPRESENTATION_CONTEXT(2) 
PARAMETRIC_REPRESENTATION_CONTEXT() REPRESENTATION_CONTEXT('2D SPACE',''
  ) );
#2392 = PCURVE('',#460,#2393);
#2393 = DEFINITIONAL_REPRESENTATION('',(#2394),#2398);
#2394 = LINE('',#2395,#2396);
#2395 = CARTESIAN_POINT('',(0.,-1.6));
#2396 = VECTOR('',#2397,1.);
#2397 = DIRECTION('',(1.,0.));
#2398 = ( GEOMETRIC_REPRESENTATION_CONTEXT(2) 
PARAMETRIC_REPRESENTATION_CONTEXT() REPRESENTATION_CONTEXT('2D SPACE',''
  ) );
#2399 = ORIENTED_EDGE('',*,*,#2400,.T.);
#2400 = EDGE_CURVE('',#2378,#2401,#2403,.T.);
#2401 = VERTEX_POINT('',#2402);
#2402 = CARTESIAN_POINT('',(199.2795947,-151.3702291,7.2));
#2403 = SURFACE_CURVE('',#2404,(#2408,#2415),.PCURVE_S1.);
#2404 = LINE('',#2405,#2406);
#2405 = CARTESIAN_POINT('',(199.26614439628,-151.5067923254,7.2));
#2406 = VECTOR('',#2407,1.);
#2407 = DIRECTION('',(9.801714032941E-02,0.995184726672,0.));
#2408 = PCURVE('',#90,#2409);
#2409 = DEFINITIONAL_REPRESENTATION('',(#2410),#2414);
#2410 = LINE('',#2411,#2412);
#2411 = CARTESIAN_POINT('',(14.296688648598,-27.91956438686));
#2412 = VECTOR('',#2413,1.);
#2413 = DIRECTION('',(-9.801714032941E-02,0.995184726672));
#2414 = ( GEOMETRIC_REPRESENTATION_CONTEXT(2) 
PARAMETRIC_REPRESENTATION_CONTEXT() REPRESENTATION_CONTEXT('2D SPACE',''
  ) );
#2415 = PCURVE('',#488,#2416);
#2416 = DEFINITIONAL_REPRESENTATION('',(#2417),#2421);
#2417 = LINE('',#2418,#2419);
#2418 = CARTESIAN_POINT('',(0.,-1.6));
#2419 = VECTOR('',#2420,1.);
#2420 = DIRECTION('',(1.,0.));
#2421 = ( GEOMETRIC_REPRESENTATION_CONTEXT(2) 
PARAMETRIC_REPRESENTATION_CONTEXT() REPRESENTATION_CONTEXT('2D SPACE',''
  ) );
#2422 = ORIENTED_EDGE('',*,*,#2423,.T.);
#2423 = EDGE_CURVE('',#2401,#2424,#2426,.T.);
#2424 = VERTEX_POINT('',#2425);
#2425 = CARTESIAN_POINT('',(199.2795947,-134.8702291,7.2));
#2426 = SURFACE_CURVE('',#2427,(#2431,#2438),.PCURVE_S1.);
#2427 = LINE('',#2428,#2429);
#2428 = CARTESIAN_POINT('',(199.2795947,-151.3702291,7.2));
#2429 = VECTOR('',#2430,1.);
#2430 = DIRECTION('',(0.,1.,0.));
#2431 = PCURVE('',#90,#2432);
#2432 = DEFINITIONAL_REPRESENTATION('',(#2433),#2437);
#2433 = LINE('',#2434,#2435);
#2434 = CARTESIAN_POINT('',(14.283238344881,-27.78300116145));
#2435 = VECTOR('',#2436,1.);
#2436 = DIRECTION('',(0.,1.));
#2437 = ( GEOMETRIC_REPRESENTATION_CONTEXT(2) 
PARAMETRIC_REPRESENTATION_CONTEXT() REPRESENTATION_CONTEXT('2D SPACE',''
  ) );
#2438 = PCURVE('',#516,#2439);
#2439 = DEFINITIONAL_REPRESENTATION('',(#2440),#2444);
#2440 = LINE('',#2441,#2442);
#2441 = CARTESIAN_POINT('',(0.,-1.6));
#2442 = VECTOR('',#2443,1.);
#2443 = DIRECTION('',(1.,0.));
#2444 = ( GEOMETRIC_REPRESENTATION_CONTEXT(2) 
PARAMETRIC_REPRESENTATION_CONTEXT() REPRESENTATION_CONTEXT('2D SPACE',''
  ) );
#2445 = ORIENTED_EDGE('',*,*,#2446,.T.);
#2446 = EDGE_CURVE('',#2424,#2447,#2449,.T.);
#2447 = VERTEX_POINT('',#2448);
#2448 = CARTESIAN_POINT('',(199.26614439628,-134.7336658745,7.2));
#2449 = SURFACE_CURVE('',#2450,(#2454,#2461),.PCURVE_S1.);
#2450 = LINE('',#2451,#2452);
#2451 = CARTESIAN_POINT('',(199.2795947,-134.8702291,7.2));
#2452 = VECTOR('',#2453,1.);
#2453 = DIRECTION('',(-9.801714032941E-02,0.995184726672,0.));
#2454 = PCURVE('',#90,#2455);
#2455 = DEFINITIONAL_REPRESENTATION('',(#2456),#2460);
#2456 = LINE('',#2457,#2458);
#2457 = CARTESIAN_POINT('',(14.283238344881,-11.28300116145));
#2458 = VECTOR('',#2459,1.);
#2459 = DIRECTION('',(9.801714032941E-02,0.995184726672));
#2460 = ( GEOMETRIC_REPRESENTATION_CONTEXT(2) 
PARAMETRIC_REPRESENTATION_CONTEXT() REPRESENTATION_CONTEXT('2D SPACE',''
  ) );
#2461 = PCURVE('',#544,#2462);
#2462 = DEFINITIONAL_REPRESENTATION('',(#2463),#2467);
#2463 = LINE('',#2464,#2465);
#2464 = CARTESIAN_POINT('',(0.,-1.6));
#2465 = VECTOR('',#2466,1.);
#2466 = DIRECTION('',(1.,0.));
#2467 = ( GEOMETRIC_REPRESENTATION_CONTEXT(2) 
PARAMETRIC_REPRESENTATION_CONTEXT() REPRESENTATION_CONTEXT('2D SPACE',''
  ) );
#2468 = ORIENTED_EDGE('',*,*,#2469,.T.);
#2469 = EDGE_CURVE('',#2447,#2470,#2472,.T.);
#2470 = VERTEX_POINT('',#2471);
#2471 = CARTESIAN_POINT('',(199.23270736751,-134.6202291,7.2));
#2472 = SURFACE_CURVE('',#2473,(#2477,#2484),.PCURVE_S1.);
#2473 = LINE('',#2474,#2475);
#2474 = CARTESIAN_POINT('',(199.26614439628,-134.7336658745,7.2));
#2475 = VECTOR('',#2476,1.);
#2476 = DIRECTION('',(-0.282736514176,0.959197614442,0.));
#2477 = PCURVE('',#90,#2478);
#2478 = DEFINITIONAL_REPRESENTATION('',(#2479),#2483);
#2479 = LINE('',#2480,#2481);
#2480 = CARTESIAN_POINT('',(14.296688648598,-11.14643793603));
#2481 = VECTOR('',#2482,1.);
#2482 = DIRECTION('',(0.282736514176,0.959197614442));
#2483 = ( GEOMETRIC_REPRESENTATION_CONTEXT(2) 
PARAMETRIC_REPRESENTATION_CONTEXT() REPRESENTATION_CONTEXT('2D SPACE',''
  ) );
#2484 = PCURVE('',#572,#2485);
#2485 = DEFINITIONAL_REPRESENTATION('',(#2486),#2490);
#2486 = LINE('',#2487,#2488);
#2487 = CARTESIAN_POINT('',(0.,-1.6));
#2488 = VECTOR('',#2489,1.);
#2489 = DIRECTION('',(1.,0.));
#2490 = ( GEOMETRIC_REPRESENTATION_CONTEXT(2) 
PARAMETRIC_REPRESENTATION_CONTEXT() REPRESENTATION_CONTEXT('2D SPACE',''
  ) );
#2491 = ORIENTED_EDGE('',*,*,#2492,.T.);
#2492 = EDGE_CURVE('',#2470,#2493,#2495,.T.);
#2493 = VERTEX_POINT('',#2494);
#2494 = CARTESIAN_POINT('',(199.26614439628,-134.5067923254,7.2));
#2495 = SURFACE_CURVE('',#2496,(#2500,#2507),.PCURVE_S1.);
#2496 = LINE('',#2497,#2498);
#2497 = CARTESIAN_POINT('',(199.23270736751,-134.6202291,7.2));
#2498 = VECTOR('',#2499,1.);
#2499 = DIRECTION('',(0.282736514176,0.959197614442,0.));
#2500 = PCURVE('',#90,#2501);
#2501 = DEFINITIONAL_REPRESENTATION('',(#2502),#2506);
#2502 = LINE('',#2503,#2504);
#2503 = CARTESIAN_POINT('',(14.330125677365,-11.03300116145));
#2504 = VECTOR('',#2505,1.);
#2505 = DIRECTION('',(-0.282736514176,0.959197614442));
#2506 = ( GEOMETRIC_REPRESENTATION_CONTEXT(2) 
PARAMETRIC_REPRESENTATION_CONTEXT() REPRESENTATION_CONTEXT('2D SPACE',''
  ) );
#2507 = PCURVE('',#600,#2508);
#2508 = DEFINITIONAL_REPRESENTATION('',(#2509),#2513);
#2509 = LINE('',#2510,#2511);
#2510 = CARTESIAN_POINT('',(0.,-1.6));
#2511 = VECTOR('',#2512,1.);
#2512 = DIRECTION('',(1.,0.));
#2513 = ( GEOMETRIC_REPRESENTATION_CONTEXT(2) 
PARAMETRIC_REPRESENTATION_CONTEXT() REPRESENTATION_CONTEXT('2D SPACE',''
  ) );
#2514 = ORIENTED_EDGE('',*,*,#2515,.T.);
#2515 = EDGE_CURVE('',#2493,#2516,#2518,.T.);
#2516 = VERTEX_POINT('',#2517);
#2517 = CARTESIAN_POINT('',(199.2795947,-134.3702291,7.2));
#2518 = SURFACE_CURVE('',#2519,(#2523,#2530),.PCURVE_S1.);
#2519 = LINE('',#2520,#2521);
#2520 = CARTESIAN_POINT('',(199.26614439628,-134.5067923254,7.2));
#2521 = VECTOR('',#2522,1.);
#2522 = DIRECTION('',(9.801714032941E-02,0.995184726672,0.));
#2523 = PCURVE('',#90,#2524);
#2524 = DEFINITIONAL_REPRESENTATION('',(#2525),#2529);
#2525 = LINE('',#2526,#2527);
#2526 = CARTESIAN_POINT('',(14.296688648598,-10.91956438686));
#2527 = VECTOR('',#2528,1.);
#2528 = DIRECTION('',(-9.801714032941E-02,0.995184726672));
#2529 = ( GEOMETRIC_REPRESENTATION_CONTEXT(2) 
PARAMETRIC_REPRESENTATION_CONTEXT() REPRESENTATION_CONTEXT('2D SPACE',''
  ) );
#2530 = PCURVE('',#628,#2531);
#2531 = DEFINITIONAL_REPRESENTATION('',(#2532),#2536);
#2532 = LINE('',#2533,#2534);
#2533 = CARTESIAN_POINT('',(0.,-1.6));
#2534 = VECTOR('',#2535,1.);
#2535 = DIRECTION('',(1.,0.));
#2536 = ( GEOMETRIC_REPRESENTATION_CONTEXT(2) 
PARAMETRIC_REPRESENTATION_CONTEXT() REPRESENTATION_CONTEXT('2D SPACE',''
  ) );
#2537 = ORIENTED_EDGE('',*,*,#2538,.T.);
#2538 = EDGE_CURVE('',#2516,#2539,#2541,.T.);
#2539 = VERTEX_POINT('',#2540);
#2540 = CARTESIAN_POINT('',(199.2795947,-117.8702291,7.2));
#2541 = SURFACE_CURVE('',#2542,(#2546,#2553),.PCURVE_S1.);
#2542 = LINE('',#2543,#2544);
#2543 = CARTESIAN_POINT('',(199.2795947,-134.3702291,7.2));
#2544 = VECTOR('',#2545,1.);
#2545 = DIRECTION('',(0.,1.,0.));
#2546 = PCURVE('',#90,#2547);
#2547 = DEFINITIONAL_REPRESENTATION('',(#2548),#2552);
#2548 = LINE('',#2549,#2550);
#2549 = CARTESIAN_POINT('',(14.283238344881,-10.78300116145));
#2550 = VECTOR('',#2551,1.);
#2551 = DIRECTION('',(0.,1.));
#2552 = ( GEOMETRIC_REPRESENTATION_CONTEXT(2) 
PARAMETRIC_REPRESENTATION_CONTEXT() REPRESENTATION_CONTEXT('2D SPACE',''
  ) );
#2553 = PCURVE('',#656,#2554);
#2554 = DEFINITIONAL_REPRESENTATION('',(#2555),#2559);
#2555 = LINE('',#2556,#2557);
#2556 = CARTESIAN_POINT('',(0.,-1.6));
#2557 = VECTOR('',#2558,1.);
#2558 = DIRECTION('',(1.,0.));
#2559 = ( GEOMETRIC_REPRESENTATION_CONTEXT(2) 
PARAMETRIC_REPRESENTATION_CONTEXT() REPRESENTATION_CONTEXT('2D SPACE',''
  ) );
#2560 = ORIENTED_EDGE('',*,*,#2561,.T.);
#2561 = EDGE_CURVE('',#2539,#2562,#2564,.T.);
#2562 = VERTEX_POINT('',#2563);
#2563 = CARTESIAN_POINT('',(199.26614439628,-117.7336658745,7.2));
#2564 = SURFACE_CURVE('',#2565,(#2569,#2576),.PCURVE_S1.);
#2565 = LINE('',#2566,#2567);
#2566 = CARTESIAN_POINT('',(199.2795947,-117.8702291,7.2));
#2567 = VECTOR('',#2568,1.);
#2568 = DIRECTION('',(-9.801714032941E-02,0.995184726672,0.));
#2569 = PCURVE('',#90,#2570);
#2570 = DEFINITIONAL_REPRESENTATION('',(#2571),#2575);
#2571 = LINE('',#2572,#2573);
#2572 = CARTESIAN_POINT('',(14.283238344881,5.71699883855));
#2573 = VECTOR('',#2574,1.);
#2574 = DIRECTION('',(9.801714032941E-02,0.995184726672));
#2575 = ( GEOMETRIC_REPRESENTATION_CONTEXT(2) 
PARAMETRIC_REPRESENTATION_CONTEXT() REPRESENTATION_CONTEXT('2D SPACE',''
  ) );
#2576 = PCURVE('',#684,#2577);
#2577 = DEFINITIONAL_REPRESENTATION('',(#2578),#2582);
#2578 = LINE('',#2579,#2580);
#2579 = CARTESIAN_POINT('',(0.,-1.6));
#2580 = VECTOR('',#2581,1.);
#2581 = DIRECTION('',(1.,0.));
#2582 = ( GEOMETRIC_REPRESENTATION_CONTEXT(2) 
PARAMETRIC_REPRESENTATION_CONTEXT() REPRESENTATION_CONTEXT('2D SPACE',''
  ) );
#2583 = ORIENTED_EDGE('',*,*,#2584,.T.);
#2584 = EDGE_CURVE('',#2562,#2585,#2587,.T.);
#2585 = VERTEX_POINT('',#2586);
#2586 = CARTESIAN_POINT('',(199.23270736751,-117.6202291,7.2));
#2587 = SURFACE_CURVE('',#2588,(#2592,#2599),.PCURVE_S1.);
#2588 = LINE('',#2589,#2590);
#2589 = CARTESIAN_POINT('',(199.26614439628,-117.7336658745,7.2));
#2590 = VECTOR('',#2591,1.);
#2591 = DIRECTION('',(-0.282736514176,0.959197614442,0.));
#2592 = PCURVE('',#90,#2593);
#2593 = DEFINITIONAL_REPRESENTATION('',(#2594),#2598);
#2594 = LINE('',#2595,#2596);
#2595 = CARTESIAN_POINT('',(14.296688648598,5.853562063962));
#2596 = VECTOR('',#2597,1.);
#2597 = DIRECTION('',(0.282736514176,0.959197614442));
#2598 = ( GEOMETRIC_REPRESENTATION_CONTEXT(2) 
PARAMETRIC_REPRESENTATION_CONTEXT() REPRESENTATION_CONTEXT('2D SPACE',''
  ) );
#2599 = PCURVE('',#712,#2600);
#2600 = DEFINITIONAL_REPRESENTATION('',(#2601),#2605);
#2601 = LINE('',#2602,#2603);
#2602 = CARTESIAN_POINT('',(0.,-1.6));
#2603 = VECTOR('',#2604,1.);
#2604 = DIRECTION('',(1.,0.));
#2605 = ( GEOMETRIC_REPRESENTATION_CONTEXT(2) 
PARAMETRIC_REPRESENTATION_CONTEXT() REPRESENTATION_CONTEXT('2D SPACE',''
  ) );
#2606 = ORIENTED_EDGE('',*,*,#2607,.T.);
#2607 = EDGE_CURVE('',#2585,#2608,#2610,.T.);
#2608 = VERTEX_POINT('',#2609);
#2609 = CARTESIAN_POINT('',(199.26614439628,-117.5067923254,7.2));
#2610 = SURFACE_CURVE('',#2611,(#2615,#2622),.PCURVE_S1.);
#2611 = LINE('',#2612,#2613);
#2612 = CARTESIAN_POINT('',(199.23270736751,-117.6202291,7.2));
#2613 = VECTOR('',#2614,1.);
#2614 = DIRECTION('',(0.282736514176,0.959197614442,0.));
#2615 = PCURVE('',#90,#2616);
#2616 = DEFINITIONAL_REPRESENTATION('',(#2617),#2621);
#2617 = LINE('',#2618,#2619);
#2618 = CARTESIAN_POINT('',(14.330125677365,5.96699883855));
#2619 = VECTOR('',#2620,1.);
#2620 = DIRECTION('',(-0.282736514176,0.959197614442));
#2621 = ( GEOMETRIC_REPRESENTATION_CONTEXT(2) 
PARAMETRIC_REPRESENTATION_CONTEXT() REPRESENTATION_CONTEXT('2D SPACE',''
  ) );
#2622 = PCURVE('',#740,#2623);
#2623 = DEFINITIONAL_REPRESENTATION('',(#2624),#2628);
#2624 = LINE('',#2625,#2626);
#2625 = CARTESIAN_POINT('',(0.,-1.6));
#2626 = VECTOR('',#2627,1.);
#2627 = DIRECTION('',(1.,0.));
#2628 = ( GEOMETRIC_REPRESENTATION_CONTEXT(2) 
PARAMETRIC_REPRESENTATION_CONTEXT() REPRESENTATION_CONTEXT('2D SPACE',''
  ) );
#2629 = ORIENTED_EDGE('',*,*,#2630,.T.);
#2630 = EDGE_CURVE('',#2608,#2631,#2633,.T.);
#2631 = VERTEX_POINT('',#2632);
#2632 = CARTESIAN_POINT('',(199.2795947,-117.3702291,7.2));
#2633 = SURFACE_CURVE('',#2634,(#2638,#2645),.PCURVE_S1.);
#2634 = LINE('',#2635,#2636);
#2635 = CARTESIAN_POINT('',(199.26614439628,-117.5067923254,7.2));
#2636 = VECTOR('',#2637,1.);
#2637 = DIRECTION('',(9.801714032941E-02,0.995184726672,0.));
#2638 = PCURVE('',#90,#2639);
#2639 = DEFINITIONAL_REPRESENTATION('',(#2640),#2644);
#2640 = LINE('',#2641,#2642);
#2641 = CARTESIAN_POINT('',(14.296688648598,6.080435613139));
#2642 = VECTOR('',#2643,1.);
#2643 = DIRECTION('',(-9.801714032941E-02,0.995184726672));
#2644 = ( GEOMETRIC_REPRESENTATION_CONTEXT(2) 
PARAMETRIC_REPRESENTATION_CONTEXT() REPRESENTATION_CONTEXT('2D SPACE',''
  ) );
#2645 = PCURVE('',#768,#2646);
#2646 = DEFINITIONAL_REPRESENTATION('',(#2647),#2651);
#2647 = LINE('',#2648,#2649);
#2648 = CARTESIAN_POINT('',(0.,-1.6));
#2649 = VECTOR('',#2650,1.);
#2650 = DIRECTION('',(1.,0.));
#2651 = ( GEOMETRIC_REPRESENTATION_CONTEXT(2) 
PARAMETRIC_REPRESENTATION_CONTEXT() REPRESENTATION_CONTEXT('2D SPACE',''
  ) );
#2652 = ORIENTED_EDGE('',*,*,#2653,.T.);
#2653 = EDGE_CURVE('',#2631,#2654,#2656,.T.);
#2654 = VERTEX_POINT('',#2655);
#2655 = CARTESIAN_POINT('',(199.2795947,-100.8702291,7.2));
#2656 = SURFACE_CURVE('',#2657,(#2661,#2668),.PCURVE_S1.);
#2657 = LINE('',#2658,#2659);
#2658 = CARTESIAN_POINT('',(199.2795947,-117.3702291,7.2));
#2659 = VECTOR('',#2660,1.);
#2660 = DIRECTION('',(0.,1.,0.));
#2661 = PCURVE('',#90,#2662);
#2662 = DEFINITIONAL_REPRESENTATION('',(#2663),#2667);
#2663 = LINE('',#2664,#2665);
#2664 = CARTESIAN_POINT('',(14.283238344881,6.21699883855));
#2665 = VECTOR('',#2666,1.);
#2666 = DIRECTION('',(0.,1.));
#2667 = ( GEOMETRIC_REPRESENTATION_CONTEXT(2) 
PARAMETRIC_REPRESENTATION_CONTEXT() REPRESENTATION_CONTEXT('2D SPACE',''
  ) );
#2668 = PCURVE('',#796,#2669);
#2669 = DEFINITIONAL_REPRESENTATION('',(#2670),#2674);
#2670 = LINE('',#2671,#2672);
#2671 = CARTESIAN_POINT('',(0.,-1.6));
#2672 = VECTOR('',#2673,1.);
#2673 = DIRECTION('',(1.,0.));
#2674 = ( GEOMETRIC_REPRESENTATION_CONTEXT(2) 
PARAMETRIC_REPRESENTATION_CONTEXT() REPRESENTATION_CONTEXT('2D SPACE',''
  ) );
#2675 = ORIENTED_EDGE('',*,*,#2676,.T.);
#2676 = EDGE_CURVE('',#2654,#2677,#2679,.T.);
#2677 = VERTEX_POINT('',#2678);
#2678 = CARTESIAN_POINT('',(199.24945293501,-100.6670298259,7.2));
#2679 = SURFACE_CURVE('',#2680,(#2684,#2691),.PCURVE_S1.);
#2680 = LINE('',#2681,#2682);
#2681 = CARTESIAN_POINT('',(199.2795947,-100.8702291,7.2));
#2682 = VECTOR('',#2683,1.);
#2683 = DIRECTION('',(-0.146730474455,0.989176509965,0.));
#2684 = PCURVE('',#90,#2685);
#2685 = DEFINITIONAL_REPRESENTATION('',(#2686),#2690);
#2686 = LINE('',#2687,#2688);
#2687 = CARTESIAN_POINT('',(14.283238344881,22.71699883855));
#2688 = VECTOR('',#2689,1.);
#2689 = DIRECTION('',(0.146730474455,0.989176509965));
#2690 = ( GEOMETRIC_REPRESENTATION_CONTEXT(2) 
PARAMETRIC_REPRESENTATION_CONTEXT() REPRESENTATION_CONTEXT('2D SPACE',''
  ) );
#2691 = PCURVE('',#824,#2692);
#2692 = DEFINITIONAL_REPRESENTATION('',(#2693),#2697);
#2693 = LINE('',#2694,#2695);
#2694 = CARTESIAN_POINT('',(0.,-1.6));
#2695 = VECTOR('',#2696,1.);
#2696 = DIRECTION('',(1.,0.));
#2697 = ( GEOMETRIC_REPRESENTATION_CONTEXT(2) 
PARAMETRIC_REPRESENTATION_CONTEXT() REPRESENTATION_CONTEXT('2D SPACE',''
  ) );
#2698 = ORIENTED_EDGE('',*,*,#2699,.T.);
#2699 = EDGE_CURVE('',#2677,#2700,#2702,.T.);
#2700 = VERTEX_POINT('',#2701);
#2701 = CARTESIAN_POINT('',(199.16162342861,-100.4813299368,7.2));
#2702 = SURFACE_CURVE('',#2703,(#2707,#2714),.PCURVE_S1.);
#2703 = LINE('',#2704,#2705);
#2704 = CARTESIAN_POINT('',(199.24945293501,-100.6670298259,7.2));
#2705 = VECTOR('',#2706,1.);
#2706 = DIRECTION('',(-0.42755509343,0.903989293123,0.));
#2707 = PCURVE('',#90,#2708);
#2708 = DEFINITIONAL_REPRESENTATION('',(#2709),#2713);
#2709 = LINE('',#2710,#2711);
#2710 = CARTESIAN_POINT('',(14.313380109868,22.920198112628));
#2711 = VECTOR('',#2712,1.);
#2712 = DIRECTION('',(0.42755509343,0.903989293123));
#2713 = ( GEOMETRIC_REPRESENTATION_CONTEXT(2) 
PARAMETRIC_REPRESENTATION_CONTEXT() REPRESENTATION_CONTEXT('2D SPACE',''
  ) );
#2714 = PCURVE('',#852,#2715);
#2715 = DEFINITIONAL_REPRESENTATION('',(#2716),#2720);
#2716 = LINE('',#2717,#2718);
#2717 = CARTESIAN_POINT('',(0.,-1.6));
#2718 = VECTOR('',#2719,1.);
#2719 = DIRECTION('',(1.,0.));
#2720 = ( GEOMETRIC_REPRESENTATION_CONTEXT(2) 
PARAMETRIC_REPRESENTATION_CONTEXT() REPRESENTATION_CONTEXT('2D SPACE',''
  ) );
#2721 = ORIENTED_EDGE('',*,*,#2722,.T.);
#2722 = EDGE_CURVE('',#2700,#2723,#2725,.T.);
#2723 = VERTEX_POINT('',#2724);
#2724 = CARTESIAN_POINT('',(199.02366999891,-100.3291217826,7.2));
#2725 = SURFACE_CURVE('',#2726,(#2730,#2737),.PCURVE_S1.);
#2726 = LINE('',#2727,#2728);
#2727 = CARTESIAN_POINT('',(199.16162342861,-100.4813299368,7.2));
#2728 = VECTOR('',#2729,1.);
#2729 = DIRECTION('',(-0.671558954847,0.740951125355,0.));
#2730 = PCURVE('',#90,#2731);
#2731 = DEFINITIONAL_REPRESENTATION('',(#2732),#2736);
#2732 = LINE('',#2733,#2734);
#2733 = CARTESIAN_POINT('',(14.401209616269,23.105898001664));
#2734 = VECTOR('',#2735,1.);
#2735 = DIRECTION('',(0.671558954847,0.740951125355));
#2736 = ( GEOMETRIC_REPRESENTATION_CONTEXT(2) 
PARAMETRIC_REPRESENTATION_CONTEXT() REPRESENTATION_CONTEXT('2D SPACE',''
  ) );
#2737 = PCURVE('',#880,#2738);
#2738 = DEFINITIONAL_REPRESENTATION('',(#2739),#2743);
#2739 = LINE('',#2740,#2741);
#2740 = CARTESIAN_POINT('',(0.,-1.6));
#2741 = VECTOR('',#2742,1.);
#2742 = DIRECTION('',(1.,0.));
#2743 = ( GEOMETRIC_REPRESENTATION_CONTEXT(2) 
PARAMETRIC_REPRESENTATION_CONTEXT() REPRESENTATION_CONTEXT('2D SPACE',''
  ) );
#2744 = ORIENTED_EDGE('',*,*,#2745,.T.);
#2745 = EDGE_CURVE('',#2723,#2746,#2748,.T.);
#2746 = VERTEX_POINT('',#2747);
#2747 = CARTESIAN_POINT('',(198.90957241577,-100.2528842149,7.2));
#2748 = SURFACE_CURVE('',#2749,(#2753,#2760),.PCURVE_S1.);
#2749 = LINE('',#2750,#2751);
#2750 = CARTESIAN_POINT('',(199.02366999891,-100.3291217826,7.2));
#2751 = VECTOR('',#2752,1.);
#2752 = DIRECTION('',(-0.831469612303,0.55557023302,0.));
#2753 = PCURVE('',#90,#2754);
#2754 = DEFINITIONAL_REPRESENTATION('',(#2755),#2759);
#2755 = LINE('',#2756,#2757);
#2756 = CARTESIAN_POINT('',(14.539163045966,23.258106155904));
#2757 = VECTOR('',#2758,1.);
#2758 = DIRECTION('',(0.831469612303,0.55557023302));
#2759 = ( GEOMETRIC_REPRESENTATION_CONTEXT(2) 
PARAMETRIC_REPRESENTATION_CONTEXT() REPRESENTATION_CONTEXT('2D SPACE',''
  ) );
#2760 = PCURVE('',#908,#2761);
#2761 = DEFINITIONAL_REPRESENTATION('',(#2762),#2766);
#2762 = LINE('',#2763,#2764);
#2763 = CARTESIAN_POINT('',(0.,-1.6));
#2764 = VECTOR('',#2765,1.);
#2765 = DIRECTION('',(1.,0.));
#2766 = ( GEOMETRIC_REPRESENTATION_CONTEXT(2) 
PARAMETRIC_REPRESENTATION_CONTEXT() REPRESENTATION_CONTEXT('2D SPACE',''
  ) );
#2767 = ORIENTED_EDGE('',*,*,#2768,.T.);
#2768 = EDGE_CURVE('',#2746,#2769,#2771,.T.);
#2769 = VERTEX_POINT('',#2770);
#2770 = CARTESIAN_POINT('',(198.78279397407,-100.2003708649,7.2));
#2771 = SURFACE_CURVE('',#2772,(#2776,#2783),.PCURVE_S1.);
#2772 = LINE('',#2773,#2774);
#2773 = CARTESIAN_POINT('',(198.90957241577,-100.2528842149,7.2));
#2774 = VECTOR('',#2775,1.);
#2775 = DIRECTION('',(-0.923879532511,0.382683432365,0.));
#2776 = PCURVE('',#90,#2777);
#2777 = DEFINITIONAL_REPRESENTATION('',(#2778),#2782);
#2778 = LINE('',#2779,#2780);
#2779 = CARTESIAN_POINT('',(14.653260629102,23.334343723594));
#2780 = VECTOR('',#2781,1.);
#2781 = DIRECTION('',(0.923879532511,0.382683432365));
#2782 = ( GEOMETRIC_REPRESENTATION_CONTEXT(2) 
PARAMETRIC_REPRESENTATION_CONTEXT() REPRESENTATION_CONTEXT('2D SPACE',''
  ) );
#2783 = PCURVE('',#936,#2784);
#2784 = DEFINITIONAL_REPRESENTATION('',(#2785),#2789);
#2785 = LINE('',#2786,#2787);
#2786 = CARTESIAN_POINT('',(0.,-1.6));
#2787 = VECTOR('',#2788,1.);
#2788 = DIRECTION('',(1.,0.));
#2789 = ( GEOMETRIC_REPRESENTATION_CONTEXT(2) 
PARAMETRIC_REPRESENTATION_CONTEXT() REPRESENTATION_CONTEXT('2D SPACE',''
  ) );
#2790 = ORIENTED_EDGE('',*,*,#2791,.T.);
#2791 = EDGE_CURVE('',#2769,#2792,#2794,.T.);
#2792 = VERTEX_POINT('',#2793);
#2793 = CARTESIAN_POINT('',(198.5795947,-100.1702291,7.2));
#2794 = SURFACE_CURVE('',#2795,(#2799,#2806),.PCURVE_S1.);
#2795 = LINE('',#2796,#2797);
#2796 = CARTESIAN_POINT('',(198.78279397407,-100.2003708649,7.2));
#2797 = VECTOR('',#2798,1.);
#2798 = DIRECTION('',(-0.989176509965,0.146730474455,0.));
#2799 = PCURVE('',#90,#2800);
#2800 = DEFINITIONAL_REPRESENTATION('',(#2801),#2805);
#2801 = LINE('',#2802,#2803);
#2802 = CARTESIAN_POINT('',(14.780039070803,23.386857073563));
#2803 = VECTOR('',#2804,1.);
#2804 = DIRECTION('',(0.989176509965,0.146730474455));
#2805 = ( GEOMETRIC_REPRESENTATION_CONTEXT(2) 
PARAMETRIC_REPRESENTATION_CONTEXT() REPRESENTATION_CONTEXT('2D SPACE',''
  ) );
#2806 = PCURVE('',#964,#2807);
#2807 = DEFINITIONAL_REPRESENTATION('',(#2808),#2812);
#2808 = LINE('',#2809,#2810);
#2809 = CARTESIAN_POINT('',(0.,-1.6));
#2810 = VECTOR('',#2811,1.);
#2811 = DIRECTION('',(1.,0.));
#2812 = ( GEOMETRIC_REPRESENTATION_CONTEXT(2) 
PARAMETRIC_REPRESENTATION_CONTEXT() REPRESENTATION_CONTEXT('2D SPACE',''
  ) );
#2813 = ORIENTED_EDGE('',*,*,#2814,.T.);
#2814 = EDGE_CURVE('',#2792,#2815,#2817,.T.);
#2815 = VERTEX_POINT('',#2816);
#2816 = CARTESIAN_POINT('',(196.8295947,-100.1702291,7.2));
#2817 = SURFACE_CURVE('',#2818,(#2822,#2829),.PCURVE_S1.);
#2818 = LINE('',#2819,#2820);
#2819 = CARTESIAN_POINT('',(198.5795947,-100.1702291,7.2));
#2820 = VECTOR('',#2821,1.);
#2821 = DIRECTION('',(-1.,0.,0.));
#2822 = PCURVE('',#90,#2823);
#2823 = DEFINITIONAL_REPRESENTATION('',(#2824),#2828);
#2824 = LINE('',#2825,#2826);
#2825 = CARTESIAN_POINT('',(14.983238344881,23.41699883855));
#2826 = VECTOR('',#2827,1.);
#2827 = DIRECTION('',(1.,0.));
#2828 = ( GEOMETRIC_REPRESENTATION_CONTEXT(2) 
PARAMETRIC_REPRESENTATION_CONTEXT() REPRESENTATION_CONTEXT('2D SPACE',''
  ) );
#2829 = PCURVE('',#992,#2830);
#2830 = DEFINITIONAL_REPRESENTATION('',(#2831),#2835);
#2831 = LINE('',#2832,#2833);
#2832 = CARTESIAN_POINT('',(0.,-1.6));
#2833 = VECTOR('',#2834,1.);
#2834 = DIRECTION('',(1.,0.));
#2835 = ( GEOMETRIC_REPRESENTATION_CONTEXT(2) 
PARAMETRIC_REPRESENTATION_CONTEXT() REPRESENTATION_CONTEXT('2D SPACE',''
  ) );
#2836 = ORIENTED_EDGE('',*,*,#2837,.T.);
#2837 = EDGE_CURVE('',#2815,#2838,#2840,.T.);
#2838 = VERTEX_POINT('',#2839);
#2839 = CARTESIAN_POINT('',(196.8295947,-95.1202291,7.2));
#2840 = SURFACE_CURVE('',#2841,(#2845,#2852),.PCURVE_S1.);
#2841 = LINE('',#2842,#2843);
#2842 = CARTESIAN_POINT('',(196.8295947,-100.1702291,7.2));
#2843 = VECTOR('',#2844,1.);
#2844 = DIRECTION('',(0.,1.,0.));
#2845 = PCURVE('',#90,#2846);
#2846 = DEFINITIONAL_REPRESENTATION('',(#2847),#2851);
#2847 = LINE('',#2848,#2849);
#2848 = CARTESIAN_POINT('',(16.733238344881,23.41699883855));
#2849 = VECTOR('',#2850,1.);
#2850 = DIRECTION('',(0.,1.));
#2851 = ( GEOMETRIC_REPRESENTATION_CONTEXT(2) 
PARAMETRIC_REPRESENTATION_CONTEXT() REPRESENTATION_CONTEXT('2D SPACE',''
  ) );
#2852 = PCURVE('',#1020,#2853);
#2853 = DEFINITIONAL_REPRESENTATION('',(#2854),#2858);
#2854 = LINE('',#2855,#2856);
#2855 = CARTESIAN_POINT('',(0.,-1.6));
#2856 = VECTOR('',#2857,1.);
#2857 = DIRECTION('',(1.,0.));
#2858 = ( GEOMETRIC_REPRESENTATION_CONTEXT(2) 
PARAMETRIC_REPRESENTATION_CONTEXT() REPRESENTATION_CONTEXT('2D SPACE',''
  ) );
#2859 = ORIENTED_EDGE('',*,*,#2860,.T.);
#2860 = EDGE_CURVE('',#2838,#2861,#2863,.T.);
#2861 = VERTEX_POINT('',#2862);
#2862 = CARTESIAN_POINT('',(230.11444435396,-95.1202291,7.2));
#2863 = SURFACE_CURVE('',#2864,(#2868,#2875),.PCURVE_S1.);
#2864 = LINE('',#2865,#2866);
#2865 = CARTESIAN_POINT('',(196.8295947,-95.1202291,7.2));
#2866 = VECTOR('',#2867,1.);
#2867 = DIRECTION('',(1.,0.,0.));
#2868 = PCURVE('',#90,#2869);
#2869 = DEFINITIONAL_REPRESENTATION('',(#2870),#2874);
#2870 = LINE('',#2871,#2872);
#2871 = CARTESIAN_POINT('',(16.733238344881,28.46699883855));
#2872 = VECTOR('',#2873,1.);
#2873 = DIRECTION('',(-1.,0.));
#2874 = ( GEOMETRIC_REPRESENTATION_CONTEXT(2) 
PARAMETRIC_REPRESENTATION_CONTEXT() REPRESENTATION_CONTEXT('2D SPACE',''
  ) );
#2875 = PCURVE('',#2876,#2881);
#2876 = PLANE('',#2877);
#2877 = AXIS2_PLACEMENT_3D('',#2878,#2879,#2880);
#2878 = CARTESIAN_POINT('',(196.8295947,-95.1202291,5.6));
#2879 = DIRECTION('',(0.,1.,0.));
#2880 = DIRECTION('',(1.,0.,0.));
#2881 = DEFINITIONAL_REPRESENTATION('',(#2882),#2886);
#2882 = LINE('',#2883,#2884);
#2883 = CARTESIAN_POINT('',(0.,-1.6));
#2884 = VECTOR('',#2885,1.);
#2885 = DIRECTION('',(1.,0.));
#2886 = ( GEOMETRIC_REPRESENTATION_CONTEXT(2) 
PARAMETRIC_REPRESENTATION_CONTEXT() REPRESENTATION_CONTEXT('2D SPACE',''
  ) );
#2887 = ORIENTED_EDGE('',*,*,#2888,.T.);
#2888 = EDGE_CURVE('',#2861,#2889,#2891,.T.);
#2889 = VERTEX_POINT('',#2890);
#2890 = CARTESIAN_POINT('',(230.11444435396,-136.4127544001,7.2));
#2891 = SURFACE_CURVE('',#2892,(#2896,#2903),.PCURVE_S1.);
#2892 = LINE('',#2893,#2894);
#2893 = CARTESIAN_POINT('',(230.11444435396,-95.1202291,7.2));
#2894 = VECTOR('',#2895,1.);
#2895 = DIRECTION('',(0.,-1.,0.));
#2896 = PCURVE('',#90,#2897);
#2897 = DEFINITIONAL_REPRESENTATION('',(#2898),#2902);
#2898 = LINE('',#2899,#2900);
#2899 = CARTESIAN_POINT('',(-16.55161130908,28.46699883855));
#2900 = VECTOR('',#2901,1.);
#2901 = DIRECTION('',(0.,-1.));
#2902 = ( GEOMETRIC_REPRESENTATION_CONTEXT(2) 
PARAMETRIC_REPRESENTATION_CONTEXT() REPRESENTATION_CONTEXT('2D SPACE',''
  ) );
#2903 = PCURVE('',#2904,#2909);
#2904 = PLANE('',#2905);
#2905 = AXIS2_PLACEMENT_3D('',#2906,#2907,#2908);
#2906 = CARTESIAN_POINT('',(230.11444435396,-95.1202291,5.6));
#2907 = DIRECTION('',(1.,0.,-0.));
#2908 = DIRECTION('',(0.,-1.,0.));
#2909 = DEFINITIONAL_REPRESENTATION('',(#2910),#2914);
#2910 = LINE('',#2911,#2912);
#2911 = CARTESIAN_POINT('',(0.,-1.6));
#2912 = VECTOR('',#2913,1.);
#2913 = DIRECTION('',(1.,0.));
#2914 = ( GEOMETRIC_REPRESENTATION_CONTEXT(2) 
PARAMETRIC_REPRESENTATION_CONTEXT() REPRESENTATION_CONTEXT('2D SPACE',''
  ) );
#2915 = ORIENTED_EDGE('',*,*,#2916,.T.);
#2916 = EDGE_CURVE('',#2889,#2917,#2919,.T.);
#2917 = VERTEX_POINT('',#2918);
#2918 = CARTESIAN_POINT('',(229.01444239952,-136.4127544001,7.2));
#2919 = SURFACE_CURVE('',#2920,(#2924,#2931),.PCURVE_S1.);
#2920 = LINE('',#2921,#2922);
#2921 = CARTESIAN_POINT('',(230.11444435396,-136.4127544001,7.2));
#2922 = VECTOR('',#2923,1.);
#2923 = DIRECTION('',(-1.,0.,0.));
#2924 = PCURVE('',#90,#2925);
#2925 = DEFINITIONAL_REPRESENTATION('',(#2926),#2930);
#2926 = LINE('',#2927,#2928);
#2927 = CARTESIAN_POINT('',(-16.55161130908,-12.82552646161));
#2928 = VECTOR('',#2929,1.);
#2929 = DIRECTION('',(1.,0.));
#2930 = ( GEOMETRIC_REPRESENTATION_CONTEXT(2) 
PARAMETRIC_REPRESENTATION_CONTEXT() REPRESENTATION_CONTEXT('2D SPACE',''
  ) );
#2931 = PCURVE('',#2932,#2937);
#2932 = PLANE('',#2933);
#2933 = AXIS2_PLACEMENT_3D('',#2934,#2935,#2936);
#2934 = CARTESIAN_POINT('',(230.11444435396,-136.4127544001,5.6));
#2935 = DIRECTION('',(0.,-1.,0.));
#2936 = DIRECTION('',(-1.,0.,0.));
#2937 = DEFINITIONAL_REPRESENTATION('',(#2938),#2942);
#2938 = LINE('',#2939,#2940);
#2939 = CARTESIAN_POINT('',(0.,-1.6));
#2940 = VECTOR('',#2941,1.);
#2941 = DIRECTION('',(1.,0.));
#2942 = ( GEOMETRIC_REPRESENTATION_CONTEXT(2) 
PARAMETRIC_REPRESENTATION_CONTEXT() REPRESENTATION_CONTEXT('2D SPACE',''
  ) );
#2943 = ORIENTED_EDGE('',*,*,#2944,.T.);
#2944 = EDGE_CURVE('',#2917,#2945,#2947,.T.);
#2945 = VERTEX_POINT('',#2946);
#2946 = CARTESIAN_POINT('',(228.98376751294,-136.7103543598,7.2));
#2947 = SURFACE_CURVE('',#2948,(#2952,#2959),.PCURVE_S1.);
#2948 = LINE('',#2949,#2950);
#2949 = CARTESIAN_POINT('',(229.01444239952,-136.4127544001,7.2));
#2950 = VECTOR('',#2951,1.);
#2951 = DIRECTION('',(-0.10253100871,-0.994729808668,0.));
#2952 = PCURVE('',#90,#2953);
#2953 = DEFINITIONAL_REPRESENTATION('',(#2954),#2958);
#2954 = LINE('',#2955,#2956);
#2955 = CARTESIAN_POINT('',(-15.45160935464,-12.82552646161));
#2956 = VECTOR('',#2957,1.);
#2957 = DIRECTION('',(0.10253100871,-0.994729808668));
#2958 = ( GEOMETRIC_REPRESENTATION_CONTEXT(2) 
PARAMETRIC_REPRESENTATION_CONTEXT() REPRESENTATION_CONTEXT('2D SPACE',''
  ) );
#2959 = PCURVE('',#2960,#2965);
#2960 = PLANE('',#2961);
#2961 = AXIS2_PLACEMENT_3D('',#2962,#2963,#2964);
#2962 = CARTESIAN_POINT('',(229.01444239952,-136.4127544001,5.6));
#2963 = DIRECTION('',(0.994729808668,-0.10253100871,0.));
#2964 = DIRECTION('',(-0.10253100871,-0.994729808668,0.));
#2965 = DEFINITIONAL_REPRESENTATION('',(#2966),#2970);
#2966 = LINE('',#2967,#2968);
#2967 = CARTESIAN_POINT('',(0.,-1.6));
#2968 = VECTOR('',#2969,1.);
#2969 = DIRECTION('',(1.,0.));
#2970 = ( GEOMETRIC_REPRESENTATION_CONTEXT(2) 
PARAMETRIC_REPRESENTATION_CONTEXT() REPRESENTATION_CONTEXT('2D SPACE',''
  ) );
#2971 = ORIENTED_EDGE('',*,*,#2972,.T.);
#2972 = EDGE_CURVE('',#2945,#2973,#2975,.T.);
#2973 = VERTEX_POINT('',#2974);
#2974 = CARTESIAN_POINT('',(228.90241407158,-137.1328788453,7.2));
#2975 = SURFACE_CURVE('',#2976,(#2980,#2987),.PCURVE_S1.);
#2976 = LINE('',#2977,#2978);
#2977 = CARTESIAN_POINT('',(228.98376751294,-136.7103543598,7.2));
#2978 = VECTOR('',#2979,1.);
#2979 = DIRECTION('',(-0.18906866415,-0.98196386911,0.));
#2980 = PCURVE('',#90,#2981);
#2981 = DEFINITIONAL_REPRESENTATION('',(#2982),#2986);
#2982 = LINE('',#2983,#2984);
#2983 = CARTESIAN_POINT('',(-15.42093446806,-13.1231264213));
#2984 = VECTOR('',#2985,1.);
#2985 = DIRECTION('',(0.18906866415,-0.98196386911));
#2986 = ( GEOMETRIC_REPRESENTATION_CONTEXT(2) 
PARAMETRIC_REPRESENTATION_CONTEXT() REPRESENTATION_CONTEXT('2D SPACE',''
  ) );
#2987 = PCURVE('',#2988,#2993);
#2988 = PLANE('',#2989);
#2989 = AXIS2_PLACEMENT_3D('',#2990,#2991,#2992);
#2990 = CARTESIAN_POINT('',(228.98376751294,-136.7103543598,5.6));
#2991 = DIRECTION('',(0.98196386911,-0.18906866415,0.));
#2992 = DIRECTION('',(-0.18906866415,-0.98196386911,0.));
#2993 = DEFINITIONAL_REPRESENTATION('',(#2994),#2998);
#2994 = LINE('',#2995,#2996);
#2995 = CARTESIAN_POINT('',(0.,-1.6));
#2996 = VECTOR('',#2997,1.);
#2997 = DIRECTION('',(1.,0.));
#2998 = ( GEOMETRIC_REPRESENTATION_CONTEXT(2) 
PARAMETRIC_REPRESENTATION_CONTEXT() REPRESENTATION_CONTEXT('2D SPACE',''
  ) );
#2999 = ORIENTED_EDGE('',*,*,#3000,.T.);
#3000 = EDGE_CURVE('',#2973,#3001,#3003,.T.);
#3001 = VERTEX_POINT('',#3002);
#3002 = CARTESIAN_POINT('',(228.84357441135,-137.345498057,7.2));
#3003 = SURFACE_CURVE('',#3004,(#3008,#3015),.PCURVE_S1.);
#3004 = LINE('',#3005,#3006);
#3005 = CARTESIAN_POINT('',(228.90241407158,-137.1328788453,7.2));
#3006 = VECTOR('',#3007,1.);
#3007 = DIRECTION('',(-0.266712757475,-0.963776065795,0.));
#3008 = PCURVE('',#90,#3009);
#3009 = DEFINITIONAL_REPRESENTATION('',(#3010),#3014);
#3010 = LINE('',#3011,#3012);
#3011 = CARTESIAN_POINT('',(-15.3395810267,-13.54565090679));
#3012 = VECTOR('',#3013,1.);
#3013 = DIRECTION('',(0.266712757475,-0.963776065795));
#3014 = ( GEOMETRIC_REPRESENTATION_CONTEXT(2) 
PARAMETRIC_REPRESENTATION_CONTEXT() REPRESENTATION_CONTEXT('2D SPACE',''
  ) );
#3015 = PCURVE('',#3016,#3021);
#3016 = PLANE('',#3017);
#3017 = AXIS2_PLACEMENT_3D('',#3018,#3019,#3020);
#3018 = CARTESIAN_POINT('',(228.90241407158,-137.1328788453,5.6));
#3019 = DIRECTION('',(0.963776065795,-0.266712757475,0.));
#3020 = DIRECTION('',(-0.266712757475,-0.963776065795,0.));
#3021 = DEFINITIONAL_REPRESENTATION('',(#3022),#3026);
#3022 = LINE('',#3023,#3024);
#3023 = CARTESIAN_POINT('',(0.,-1.6));
#3024 = VECTOR('',#3025,1.);
#3025 = DIRECTION('',(1.,0.));
#3026 = ( GEOMETRIC_REPRESENTATION_CONTEXT(2) 
PARAMETRIC_REPRESENTATION_CONTEXT() REPRESENTATION_CONTEXT('2D SPACE',''
  ) );
#3027 = ORIENTED_EDGE('',*,*,#3028,.T.);
#3028 = EDGE_CURVE('',#3001,#3029,#3031,.T.);
#3029 = VERTEX_POINT('',#3030);
#3030 = CARTESIAN_POINT('',(228.7011271379,-137.7387644973,7.2));
#3031 = SURFACE_CURVE('',#3032,(#3036,#3043),.PCURVE_S1.);
#3032 = LINE('',#3033,#3034);
#3033 = CARTESIAN_POINT('',(228.84357441135,-137.345498057,7.2));
#3034 = VECTOR('',#3035,1.);
#3035 = DIRECTION('',(-0.34056304211,-0.94022168362,0.));
#3036 = PCURVE('',#90,#3037);
#3037 = DEFINITIONAL_REPRESENTATION('',(#3038),#3042);
#3038 = LINE('',#3039,#3040);
#3039 = CARTESIAN_POINT('',(-15.28074136647,-13.75827011849));
#3040 = VECTOR('',#3041,1.);
#3041 = DIRECTION('',(0.34056304211,-0.94022168362));
#3042 = ( GEOMETRIC_REPRESENTATION_CONTEXT(2) 
PARAMETRIC_REPRESENTATION_CONTEXT() REPRESENTATION_CONTEXT('2D SPACE',''
  ) );
#3043 = PCURVE('',#3044,#3049);
#3044 = PLANE('',#3045);
#3045 = AXIS2_PLACEMENT_3D('',#3046,#3047,#3048);
#3046 = CARTESIAN_POINT('',(228.84357441135,-137.345498057,5.6));
#3047 = DIRECTION('',(0.94022168362,-0.34056304211,0.));
#3048 = DIRECTION('',(-0.34056304211,-0.94022168362,0.));
#3049 = DEFINITIONAL_REPRESENTATION('',(#3050),#3054);
#3050 = LINE('',#3051,#3052);
#3051 = CARTESIAN_POINT('',(0.,-1.6));
#3052 = VECTOR('',#3053,1.);
#3053 = DIRECTION('',(1.,0.));
#3054 = ( GEOMETRIC_REPRESENTATION_CONTEXT(2) 
PARAMETRIC_REPRESENTATION_CONTEXT() REPRESENTATION_CONTEXT('2D SPACE',''
  ) );
#3055 = ORIENTED_EDGE('',*,*,#3056,.T.);
#3056 = EDGE_CURVE('',#3029,#3057,#3059,.T.);
#3057 = VERTEX_POINT('',#3058);
#3058 = CARTESIAN_POINT('',(228.36921382867,-138.4720407831,7.2));
#3059 = SURFACE_CURVE('',#3060,(#3064,#3071),.PCURVE_S1.);
#3060 = LINE('',#3061,#3062);
#3061 = CARTESIAN_POINT('',(228.7011271379,-137.7387644973,7.2));
#3062 = VECTOR('',#3063,1.);
#3063 = DIRECTION('',(-0.412366994633,-0.911017816367,0.));
#3064 = PCURVE('',#90,#3065);
#3065 = DEFINITIONAL_REPRESENTATION('',(#3066),#3070);
#3066 = LINE('',#3067,#3068);
#3067 = CARTESIAN_POINT('',(-15.13829409302,-14.15153655882));
#3068 = VECTOR('',#3069,1.);
#3069 = DIRECTION('',(0.412366994633,-0.911017816367));
#3070 = ( GEOMETRIC_REPRESENTATION_CONTEXT(2) 
PARAMETRIC_REPRESENTATION_CONTEXT() REPRESENTATION_CONTEXT('2D SPACE',''
  ) );
#3071 = PCURVE('',#3072,#3077);
#3072 = PLANE('',#3073);
#3073 = AXIS2_PLACEMENT_3D('',#3074,#3075,#3076);
#3074 = CARTESIAN_POINT('',(228.7011271379,-137.7387644973,5.6));
#3075 = DIRECTION('',(0.911017816367,-0.412366994633,0.));
#3076 = DIRECTION('',(-0.412366994633,-0.911017816367,0.));
#3077 = DEFINITIONAL_REPRESENTATION('',(#3078),#3082);
#3078 = LINE('',#3079,#3080);
#3079 = CARTESIAN_POINT('',(0.,-1.6));
#3080 = VECTOR('',#3081,1.);
#3081 = DIRECTION('',(1.,0.));
#3082 = ( GEOMETRIC_REPRESENTATION_CONTEXT(2) 
PARAMETRIC_REPRESENTATION_CONTEXT() REPRESENTATION_CONTEXT('2D SPACE',''
  ) );
#3083 = ORIENTED_EDGE('',*,*,#3084,.T.);
#3084 = EDGE_CURVE('',#3057,#3085,#3087,.T.);
#3085 = VERTEX_POINT('',#3086);
#3086 = CARTESIAN_POINT('',(228.30286776254,-138.6488663589,7.2));
#3087 = SURFACE_CURVE('',#3088,(#3092,#3099),.PCURVE_S1.);
#3088 = LINE('',#3089,#3090);
#3089 = CARTESIAN_POINT('',(228.36921382867,-138.4720407831,7.2));
#3090 = VECTOR('',#3091,1.);
#3091 = DIRECTION('',(-0.351292756086,-0.93626566717,0.));
#3092 = PCURVE('',#90,#3093);
#3093 = DEFINITIONAL_REPRESENTATION('',(#3094),#3098);
#3094 = LINE('',#3095,#3096);
#3095 = CARTESIAN_POINT('',(-14.80638078379,-14.88481284457));
#3096 = VECTOR('',#3097,1.);
#3097 = DIRECTION('',(0.351292756086,-0.93626566717));
#3098 = ( GEOMETRIC_REPRESENTATION_CONTEXT(2) 
PARAMETRIC_REPRESENTATION_CONTEXT() REPRESENTATION_CONTEXT('2D SPACE',''
  ) );
#3099 = PCURVE('',#3100,#3105);
#3100 = PLANE('',#3101);
#3101 = AXIS2_PLACEMENT_3D('',#3102,#3103,#3104);
#3102 = CARTESIAN_POINT('',(228.36921382867,-138.4720407831,5.6));
#3103 = DIRECTION('',(0.93626566717,-0.351292756086,0.));
#3104 = DIRECTION('',(-0.351292756086,-0.93626566717,0.));
#3105 = DEFINITIONAL_REPRESENTATION('',(#3106),#3110);
#3106 = LINE('',#3107,#3108);
#3107 = CARTESIAN_POINT('',(0.,-1.6));
#3108 = VECTOR('',#3109,1.);
#3109 = DIRECTION('',(1.,0.));
#3110 = ( GEOMETRIC_REPRESENTATION_CONTEXT(2) 
PARAMETRIC_REPRESENTATION_CONTEXT() REPRESENTATION_CONTEXT('2D SPACE',''
  ) );
#3111 = ORIENTED_EDGE('',*,*,#3112,.T.);
#3112 = EDGE_CURVE('',#3085,#3113,#3115,.T.);
#3113 = VERTEX_POINT('',#3114);
#3114 = CARTESIAN_POINT('',(228.20138177853,-138.977961185,7.2));
#3115 = SURFACE_CURVE('',#3116,(#3120,#3127),.PCURVE_S1.);
#3116 = LINE('',#3117,#3118);
#3117 = CARTESIAN_POINT('',(228.30286776254,-138.6488663589,7.2));
#3118 = VECTOR('',#3119,1.);
#3119 = DIRECTION('',(-0.294685372181,-0.955594334131,0.));
#3120 = PCURVE('',#90,#3121);
#3121 = DEFINITIONAL_REPRESENTATION('',(#3122),#3126);
#3122 = LINE('',#3123,#3124);
#3123 = CARTESIAN_POINT('',(-14.74003471766,-15.06163842038));
#3124 = VECTOR('',#3125,1.);
#3125 = DIRECTION('',(0.294685372181,-0.955594334131));
#3126 = ( GEOMETRIC_REPRESENTATION_CONTEXT(2) 
PARAMETRIC_REPRESENTATION_CONTEXT() REPRESENTATION_CONTEXT('2D SPACE',''
  ) );
#3127 = PCURVE('',#3128,#3133);
#3128 = PLANE('',#3129);
#3129 = AXIS2_PLACEMENT_3D('',#3130,#3131,#3132);
#3130 = CARTESIAN_POINT('',(228.30286776254,-138.6488663589,5.6));
#3131 = DIRECTION('',(0.955594334131,-0.294685372181,0.));
#3132 = DIRECTION('',(-0.294685372181,-0.955594334131,0.));
#3133 = DEFINITIONAL_REPRESENTATION('',(#3134),#3138);
#3134 = LINE('',#3135,#3136);
#3135 = CARTESIAN_POINT('',(0.,-1.6));
#3136 = VECTOR('',#3137,1.);
#3137 = DIRECTION('',(1.,0.));
#3138 = ( GEOMETRIC_REPRESENTATION_CONTEXT(2) 
PARAMETRIC_REPRESENTATION_CONTEXT() REPRESENTATION_CONTEXT('2D SPACE',''
  ) );
#3139 = ORIENTED_EDGE('',*,*,#3140,.T.);
#3140 = EDGE_CURVE('',#3113,#3141,#3143,.T.);
#3141 = VERTEX_POINT('',#3142);
#3142 = CARTESIAN_POINT('',(228.0998329187,-139.4421551865,7.2));
#3143 = SURFACE_CURVE('',#3144,(#3148,#3155),.PCURVE_S1.);
#3144 = LINE('',#3145,#3146);
#3145 = CARTESIAN_POINT('',(228.20138177853,-138.977961185,7.2));
#3146 = VECTOR('',#3147,1.);
#3147 = DIRECTION('',(-0.213709776721,-0.976897195888,0.));
#3148 = PCURVE('',#90,#3149);
#3149 = DEFINITIONAL_REPRESENTATION('',(#3150),#3154);
#3150 = LINE('',#3151,#3152);
#3151 = CARTESIAN_POINT('',(-14.63854873365,-15.39073324649));
#3152 = VECTOR('',#3153,1.);
#3153 = DIRECTION('',(0.213709776721,-0.976897195888));
#3154 = ( GEOMETRIC_REPRESENTATION_CONTEXT(2) 
PARAMETRIC_REPRESENTATION_CONTEXT() REPRESENTATION_CONTEXT('2D SPACE',''
  ) );
#3155 = PCURVE('',#3156,#3161);
#3156 = PLANE('',#3157);
#3157 = AXIS2_PLACEMENT_3D('',#3158,#3159,#3160);
#3158 = CARTESIAN_POINT('',(228.20138177853,-138.977961185,5.6));
#3159 = DIRECTION('',(0.976897195888,-0.213709776721,0.));
#3160 = DIRECTION('',(-0.213709776721,-0.976897195888,0.));
#3161 = DEFINITIONAL_REPRESENTATION('',(#3162),#3166);
#3162 = LINE('',#3163,#3164);
#3163 = CARTESIAN_POINT('',(0.,-1.6));
#3164 = VECTOR('',#3165,1.);
#3165 = DIRECTION('',(1.,0.));
#3166 = ( GEOMETRIC_REPRESENTATION_CONTEXT(2) 
PARAMETRIC_REPRESENTATION_CONTEXT() REPRESENTATION_CONTEXT('2D SPACE',''
  ) );
#3167 = ORIENTED_EDGE('',*,*,#3168,.T.);
#3168 = EDGE_CURVE('',#3141,#3169,#3171,.T.);
#3169 = VERTEX_POINT('',#3170);
#3170 = CARTESIAN_POINT('',(228.04311393442,-139.9139297076,7.2));
#3171 = SURFACE_CURVE('',#3172,(#3176,#3183),.PCURVE_S1.);
#3172 = LINE('',#3173,#3174);
#3173 = CARTESIAN_POINT('',(228.0998329187,-139.4421551865,7.2));
#3174 = VECTOR('',#3175,1.);
#3175 = DIRECTION('',(-0.119365214811,-0.99285041446,0.));
#3176 = PCURVE('',#90,#3177);
#3177 = DEFINITIONAL_REPRESENTATION('',(#3178),#3182);
#3178 = LINE('',#3179,#3180);
#3179 = CARTESIAN_POINT('',(-14.53699987382,-15.85492724796));
#3180 = VECTOR('',#3181,1.);
#3181 = DIRECTION('',(0.119365214811,-0.99285041446));
#3182 = ( GEOMETRIC_REPRESENTATION_CONTEXT(2) 
PARAMETRIC_REPRESENTATION_CONTEXT() REPRESENTATION_CONTEXT('2D SPACE',''
  ) );
#3183 = PCURVE('',#3184,#3189);
#3184 = PLANE('',#3185);
#3185 = AXIS2_PLACEMENT_3D('',#3186,#3187,#3188);
#3186 = CARTESIAN_POINT('',(228.0998329187,-139.4421551865,5.6));
#3187 = DIRECTION('',(0.99285041446,-0.119365214811,0.));
#3188 = DIRECTION('',(-0.119365214811,-0.99285041446,0.));
#3189 = DEFINITIONAL_REPRESENTATION('',(#3190),#3194);
#3190 = LINE('',#3191,#3192);
#3191 = CARTESIAN_POINT('',(0.,-1.6));
#3192 = VECTOR('',#3193,1.);
#3193 = DIRECTION('',(1.,0.));
#3194 = ( GEOMETRIC_REPRESENTATION_CONTEXT(2) 
PARAMETRIC_REPRESENTATION_CONTEXT() REPRESENTATION_CONTEXT('2D SPACE',''
  ) );
#3195 = ORIENTED_EDGE('',*,*,#3196,.T.);
#3196 = EDGE_CURVE('',#3169,#3197,#3199,.T.);
#3197 = VERTEX_POINT('',#3198);
#3198 = CARTESIAN_POINT('',(228.0295947,-140.2903991588,7.2));
#3199 = SURFACE_CURVE('',#3200,(#3204,#3211),.PCURVE_S1.);
#3200 = LINE('',#3201,#3202);
#3201 = CARTESIAN_POINT('',(228.04311393442,-139.9139297076,7.2));
#3202 = VECTOR('',#3203,1.);
#3203 = DIRECTION('',(-3.588744267799E-02,-0.999355838257,0.));
#3204 = PCURVE('',#90,#3205);
#3205 = DEFINITIONAL_REPRESENTATION('',(#3206),#3210);
#3206 = LINE('',#3207,#3208);
#3207 = CARTESIAN_POINT('',(-14.48028088954,-16.32670176905));
#3208 = VECTOR('',#3209,1.);
#3209 = DIRECTION('',(3.588744267799E-02,-0.999355838257));
#3210 = ( GEOMETRIC_REPRESENTATION_CONTEXT(2) 
PARAMETRIC_REPRESENTATION_CONTEXT() REPRESENTATION_CONTEXT('2D SPACE',''
  ) );
#3211 = PCURVE('',#3212,#3217);
#3212 = PLANE('',#3213);
#3213 = AXIS2_PLACEMENT_3D('',#3214,#3215,#3216);
#3214 = CARTESIAN_POINT('',(228.04311393442,-139.9139297076,5.6));
#3215 = DIRECTION('',(0.999355838257,-3.588744267799E-02,0.));
#3216 = DIRECTION('',(-3.588744267799E-02,-0.999355838257,0.));
#3217 = DEFINITIONAL_REPRESENTATION('',(#3218),#3222);
#3218 = LINE('',#3219,#3220);
#3219 = CARTESIAN_POINT('',(0.,-1.6));
#3220 = VECTOR('',#3221,1.);
#3221 = DIRECTION('',(1.,0.));
#3222 = ( GEOMETRIC_REPRESENTATION_CONTEXT(2) 
PARAMETRIC_REPRESENTATION_CONTEXT() REPRESENTATION_CONTEXT('2D SPACE',''
  ) );
#3223 = ORIENTED_EDGE('',*,*,#3224,.T.);
#3224 = EDGE_CURVE('',#3197,#3225,#3227,.T.);
#3225 = VERTEX_POINT('',#3226);
#3226 = CARTESIAN_POINT('',(228.02601007811,-151.2132921986,7.2));
#3227 = SURFACE_CURVE('',#3228,(#3232,#3239),.PCURVE_S1.);
#3228 = LINE('',#3229,#3230);
#3229 = CARTESIAN_POINT('',(228.0295947,-140.2903991588,7.2));
#3230 = VECTOR('',#3231,1.);
#3231 = DIRECTION('',(-3.281751158938E-04,-0.999999946151,0.));
#3232 = PCURVE('',#90,#3233);
#3233 = DEFINITIONAL_REPRESENTATION('',(#3234),#3238);
#3234 = LINE('',#3235,#3236);
#3235 = CARTESIAN_POINT('',(-14.46676165511,-16.70317122029));
#3236 = VECTOR('',#3237,1.);
#3237 = DIRECTION('',(3.281751158938E-04,-0.999999946151));
#3238 = ( GEOMETRIC_REPRESENTATION_CONTEXT(2) 
PARAMETRIC_REPRESENTATION_CONTEXT() REPRESENTATION_CONTEXT('2D SPACE',''
  ) );
#3239 = PCURVE('',#3240,#3245);
#3240 = PLANE('',#3241);
#3241 = AXIS2_PLACEMENT_3D('',#3242,#3243,#3244);
#3242 = CARTESIAN_POINT('',(228.0295947,-140.2903991588,5.6));
#3243 = DIRECTION('',(0.999999946151,-3.281751158938E-04,0.));
#3244 = DIRECTION('',(-3.281751158938E-04,-0.999999946151,0.));
#3245 = DEFINITIONAL_REPRESENTATION('',(#3246),#3250);
#3246 = LINE('',#3247,#3248);
#3247 = CARTESIAN_POINT('',(0.,-1.6));
#3248 = VECTOR('',#3249,1.);
#3249 = DIRECTION('',(1.,0.));
#3250 = ( GEOMETRIC_REPRESENTATION_CONTEXT(2) 
PARAMETRIC_REPRESENTATION_CONTEXT() REPRESENTATION_CONTEXT('2D SPACE',''
  ) );
#3251 = ORIENTED_EDGE('',*,*,#3252,.T.);
#3252 = EDGE_CURVE('',#3225,#3253,#3255,.T.);
#3253 = VERTEX_POINT('',#3254);
#3254 = CARTESIAN_POINT('',(228.01416884868,-151.4428590776,7.2));
#3255 = SURFACE_CURVE('',#3256,(#3260,#3267),.PCURVE_S1.);
#3256 = LINE('',#3257,#3258);
#3257 = CARTESIAN_POINT('',(228.02601007811,-151.2132921986,7.2));
#3258 = VECTOR('',#3259,1.);
#3259 = DIRECTION('',(-5.151225918544E-02,-0.998672362266,0.));
#3260 = PCURVE('',#90,#3261);
#3261 = DEFINITIONAL_REPRESENTATION('',(#3262),#3266);
#3262 = LINE('',#3263,#3264);
#3263 = CARTESIAN_POINT('',(-14.46317703323,-27.62606426006));
#3264 = VECTOR('',#3265,1.);
#3265 = DIRECTION('',(5.151225918544E-02,-0.998672362266));
#3266 = ( GEOMETRIC_REPRESENTATION_CONTEXT(2) 
PARAMETRIC_REPRESENTATION_CONTEXT() REPRESENTATION_CONTEXT('2D SPACE',''
  ) );
#3267 = PCURVE('',#3268,#3273);
#3268 = PLANE('',#3269);
#3269 = AXIS2_PLACEMENT_3D('',#3270,#3271,#3272);
#3270 = CARTESIAN_POINT('',(228.02601007811,-151.2132921986,5.6));
#3271 = DIRECTION('',(0.998672362266,-5.151225918544E-02,0.));
#3272 = DIRECTION('',(-5.151225918544E-02,-0.998672362266,0.));
#3273 = DEFINITIONAL_REPRESENTATION('',(#3274),#3278);
#3274 = LINE('',#3275,#3276);
#3275 = CARTESIAN_POINT('',(0.,-1.6));
#3276 = VECTOR('',#3277,1.);
#3277 = DIRECTION('',(1.,0.));
#3278 = ( GEOMETRIC_REPRESENTATION_CONTEXT(2) 
PARAMETRIC_REPRESENTATION_CONTEXT() REPRESENTATION_CONTEXT('2D SPACE',''
  ) );
#3279 = ORIENTED_EDGE('',*,*,#3280,.T.);
#3280 = EDGE_CURVE('',#3253,#3281,#3283,.T.);
#3281 = VERTEX_POINT('',#3282);
#3282 = CARTESIAN_POINT('',(227.96587372765,-151.8305198472,7.2));
#3283 = SURFACE_CURVE('',#3284,(#3288,#3295),.PCURVE_S1.);
#3284 = LINE('',#3285,#3286);
#3285 = CARTESIAN_POINT('',(228.01416884868,-151.4428590776,7.2));
#3286 = VECTOR('',#3287,1.);
#3287 = DIRECTION('',(-0.12362522068,-0.992328980133,0.));
#3288 = PCURVE('',#90,#3289);
#3289 = DEFINITIONAL_REPRESENTATION('',(#3290),#3294);
#3290 = LINE('',#3291,#3292);
#3291 = CARTESIAN_POINT('',(-14.4513358038,-27.8556311391));
#3292 = VECTOR('',#3293,1.);
#3293 = DIRECTION('',(0.12362522068,-0.992328980133));
#3294 = ( GEOMETRIC_REPRESENTATION_CONTEXT(2) 
PARAMETRIC_REPRESENTATION_CONTEXT() REPRESENTATION_CONTEXT('2D SPACE',''
  ) );
#3295 = PCURVE('',#3296,#3301);
#3296 = PLANE('',#3297);
#3297 = AXIS2_PLACEMENT_3D('',#3298,#3299,#3300);
#3298 = CARTESIAN_POINT('',(228.01416884868,-151.4428590776,5.6));
#3299 = DIRECTION('',(0.992328980133,-0.12362522068,0.));
#3300 = DIRECTION('',(-0.12362522068,-0.992328980133,0.));
#3301 = DEFINITIONAL_REPRESENTATION('',(#3302),#3306);
#3302 = LINE('',#3303,#3304);
#3303 = CARTESIAN_POINT('',(0.,-1.6));
#3304 = VECTOR('',#3305,1.);
#3305 = DIRECTION('',(1.,0.));
#3306 = ( GEOMETRIC_REPRESENTATION_CONTEXT(2) 
PARAMETRIC_REPRESENTATION_CONTEXT() REPRESENTATION_CONTEXT('2D SPACE',''
  ) );
#3307 = ORIENTED_EDGE('',*,*,#3308,.T.);
#3308 = EDGE_CURVE('',#3281,#3309,#3311,.T.);
#3309 = VERTEX_POINT('',#3310);
#3310 = CARTESIAN_POINT('',(227.92283473555,-152.0468914719,7.2));
#3311 = SURFACE_CURVE('',#3312,(#3316,#3323),.PCURVE_S1.);
#3312 = LINE('',#3313,#3314);
#3313 = CARTESIAN_POINT('',(227.96587372765,-151.8305198472,7.2));
#3314 = VECTOR('',#3315,1.);
#3315 = DIRECTION('',(-0.195090322016,-0.980785280403,0.));
#3316 = PCURVE('',#90,#3317);
#3317 = DEFINITIONAL_REPRESENTATION('',(#3318),#3322);
#3318 = LINE('',#3319,#3320);
#3319 = CARTESIAN_POINT('',(-14.40304068277,-28.24329190874));
#3320 = VECTOR('',#3321,1.);
#3321 = DIRECTION('',(0.195090322016,-0.980785280403));
#3322 = ( GEOMETRIC_REPRESENTATION_CONTEXT(2) 
PARAMETRIC_REPRESENTATION_CONTEXT() REPRESENTATION_CONTEXT('2D SPACE',''
  ) );
#3323 = PCURVE('',#3324,#3329);
#3324 = PLANE('',#3325);
#3325 = AXIS2_PLACEMENT_3D('',#3326,#3327,#3328);
#3326 = CARTESIAN_POINT('',(227.96587372765,-151.8305198472,5.6));
#3327 = DIRECTION('',(0.980785280403,-0.195090322016,0.));
#3328 = DIRECTION('',(-0.195090322016,-0.980785280403,0.));
#3329 = DEFINITIONAL_REPRESENTATION('',(#3330),#3334);
#3330 = LINE('',#3331,#3332);
#3331 = CARTESIAN_POINT('',(0.,-1.6));
#3332 = VECTOR('',#3333,1.);
#3333 = DIRECTION('',(1.,0.));
#3334 = ( GEOMETRIC_REPRESENTATION_CONTEXT(2) 
PARAMETRIC_REPRESENTATION_CONTEXT() REPRESENTATION_CONTEXT('2D SPACE',''
  ) );
#3335 = ORIENTED_EDGE('',*,*,#3336,.T.);
#3336 = EDGE_CURVE('',#3309,#3337,#3339,.T.);
#3337 = VERTEX_POINT('',#3338);
#3338 = CARTESIAN_POINT('',(227.74427926839,-152.620229,7.2));
#3339 = SURFACE_CURVE('',#3340,(#3344,#3351),.PCURVE_S1.);
#3340 = LINE('',#3341,#3342);
#3341 = CARTESIAN_POINT('',(227.92283473555,-152.0468914719,7.2));
#3342 = VECTOR('',#3343,1.);
#3343 = DIRECTION('',(-0.297345595639,-0.954769918228,0.));
#3344 = PCURVE('',#90,#3345);
#3345 = DEFINITIONAL_REPRESENTATION('',(#3346),#3350);
#3346 = LINE('',#3347,#3348);
#3347 = CARTESIAN_POINT('',(-14.36000169067,-28.45966353341));
#3348 = VECTOR('',#3349,1.);
#3349 = DIRECTION('',(0.297345595639,-0.954769918228));
#3350 = ( GEOMETRIC_REPRESENTATION_CONTEXT(2) 
PARAMETRIC_REPRESENTATION_CONTEXT() REPRESENTATION_CONTEXT('2D SPACE',''
  ) );
#3351 = PCURVE('',#3352,#3357);
#3352 = PLANE('',#3353);
#3353 = AXIS2_PLACEMENT_3D('',#3354,#3355,#3356);
#3354 = CARTESIAN_POINT('',(227.92283473555,-152.0468914719,5.6));
#3355 = DIRECTION('',(0.954769918228,-0.297345595639,0.));
#3356 = DIRECTION('',(-0.297345595639,-0.954769918228,0.));
#3357 = DEFINITIONAL_REPRESENTATION('',(#3358),#3362);
#3358 = LINE('',#3359,#3360);
#3359 = CARTESIAN_POINT('',(0.,-1.6));
#3360 = VECTOR('',#3361,1.);
#3361 = DIRECTION('',(1.,0.));
#3362 = ( GEOMETRIC_REPRESENTATION_CONTEXT(2) 
PARAMETRIC_REPRESENTATION_CONTEXT() REPRESENTATION_CONTEXT('2D SPACE',''
  ) );
#3363 = ORIENTED_EDGE('',*,*,#3364,.T.);
#3364 = EDGE_CURVE('',#3337,#3365,#3367,.T.);
#3365 = VERTEX_POINT('',#3366);
#3366 = CARTESIAN_POINT('',(202.66060944503,-152.620229,7.2));
#3367 = SURFACE_CURVE('',#3368,(#3372,#3379),.PCURVE_S1.);
#3368 = LINE('',#3369,#3370);
#3369 = CARTESIAN_POINT('',(227.74427926839,-152.620229,7.2));
#3370 = VECTOR('',#3371,1.);
#3371 = DIRECTION('',(-1.,0.,0.));
#3372 = PCURVE('',#90,#3373);
#3373 = DEFINITIONAL_REPRESENTATION('',(#3374),#3378);
#3374 = LINE('',#3375,#3376);
#3375 = CARTESIAN_POINT('',(-14.18144622351,-29.03300106145));
#3376 = VECTOR('',#3377,1.);
#3377 = DIRECTION('',(1.,0.));
#3378 = ( GEOMETRIC_REPRESENTATION_CONTEXT(2) 
PARAMETRIC_REPRESENTATION_CONTEXT() REPRESENTATION_CONTEXT('2D SPACE',''
  ) );
#3379 = PCURVE('',#1854,#3380);
#3380 = DEFINITIONAL_REPRESENTATION('',(#3381),#3385);
#3381 = LINE('',#3382,#3383);
#3382 = CARTESIAN_POINT('',(0.,-1.6));
#3383 = VECTOR('',#3384,1.);
#3384 = DIRECTION('',(1.,0.));
#3385 = ( GEOMETRIC_REPRESENTATION_CONTEXT(2) 
PARAMETRIC_REPRESENTATION_CONTEXT() REPRESENTATION_CONTEXT('2D SPACE',''
  ) );
#3386 = ORIENTED_EDGE('',*,*,#3387,.T.);
#3387 = EDGE_CURVE('',#3365,#3388,#3390,.T.);
#3388 = VERTEX_POINT('',#3389);
#3389 = CARTESIAN_POINT('',(201.85349459125,-152.4180572537,7.2));
#3390 = SURFACE_CURVE('',#3391,(#3395,#3402),.PCURVE_S1.);
#3391 = LINE('',#3392,#3393);
#3392 = CARTESIAN_POINT('',(202.66060944503,-152.620229,7.2));
#3393 = VECTOR('',#3394,1.);
#3394 = DIRECTION('',(-0.970031253195,0.242980179903,0.));
#3395 = PCURVE('',#90,#3396);
#3396 = DEFINITIONAL_REPRESENTATION('',(#3397),#3401);
#3397 = LINE('',#3398,#3399);
#3398 = CARTESIAN_POINT('',(10.902223599845,-29.03300106145));
#3399 = VECTOR('',#3400,1.);
#3400 = DIRECTION('',(0.970031253195,0.242980179903));
#3401 = ( GEOMETRIC_REPRESENTATION_CONTEXT(2) 
PARAMETRIC_REPRESENTATION_CONTEXT() REPRESENTATION_CONTEXT('2D SPACE',''
  ) );
#3402 = PCURVE('',#1983,#3403);
#3403 = DEFINITIONAL_REPRESENTATION('',(#3404),#3408);
#3404 = LINE('',#3405,#3406);
#3405 = CARTESIAN_POINT('',(0.,-1.6));
#3406 = VECTOR('',#3407,1.);
#3407 = DIRECTION('',(1.,0.));
#3408 = ( GEOMETRIC_REPRESENTATION_CONTEXT(2) 
PARAMETRIC_REPRESENTATION_CONTEXT() REPRESENTATION_CONTEXT('2D SPACE',''
  ) );
#3409 = ORIENTED_EDGE('',*,*,#3410,.T.);
#3410 = EDGE_CURVE('',#3388,#3411,#3413,.T.);
#3411 = VERTEX_POINT('',#3412);
#3412 = CARTESIAN_POINT('',(200.3488602751,-152.1948658365,7.2));
#3413 = SURFACE_CURVE('',#3414,(#3418,#3425),.PCURVE_S1.);
#3414 = LINE('',#3415,#3416);
#3415 = CARTESIAN_POINT('',(201.85349459125,-152.4180572537,7.2));
#3416 = VECTOR('',#3417,1.);
#3417 = DIRECTION('',(-0.989176509965,0.146730474455,0.));
#3418 = PCURVE('',#90,#3419);
#3419 = DEFINITIONAL_REPRESENTATION('',(#3420),#3424);
#3420 = LINE('',#3421,#3422);
#3421 = CARTESIAN_POINT('',(11.709338453631,-28.8308293152));
#3422 = VECTOR('',#3423,1.);
#3423 = DIRECTION('',(0.989176509965,0.146730474455));
#3424 = ( GEOMETRIC_REPRESENTATION_CONTEXT(2) 
PARAMETRIC_REPRESENTATION_CONTEXT() REPRESENTATION_CONTEXT('2D SPACE',''
  ) );
#3425 = PCURVE('',#2011,#3426);
#3426 = DEFINITIONAL_REPRESENTATION('',(#3427),#3431);
#3427 = LINE('',#3428,#3429);
#3428 = CARTESIAN_POINT('',(0.,-1.6));
#3429 = VECTOR('',#3430,1.);
#3430 = DIRECTION('',(1.,0.));
#3431 = ( GEOMETRIC_REPRESENTATION_CONTEXT(2) 
PARAMETRIC_REPRESENTATION_CONTEXT() REPRESENTATION_CONTEXT('2D SPACE',''
  ) );
#3432 = ORIENTED_EDGE('',*,*,#3433,.T.);
#3433 = EDGE_CURVE('',#3411,#3434,#3436,.T.);
#3434 = VERTEX_POINT('',#3435);
#3435 = CARTESIAN_POINT('',(198.8295946,-152.1202291,7.2));
#3436 = SURFACE_CURVE('',#3437,(#3441,#3448),.PCURVE_S1.);
#3437 = LINE('',#3438,#3439);
#3438 = CARTESIAN_POINT('',(200.3488602751,-152.1948658365,7.2));
#3439 = VECTOR('',#3440,1.);
#3440 = DIRECTION('',(-0.998795456205,4.906767432741E-02,0.));
#3441 = PCURVE('',#90,#3442);
#3442 = DEFINITIONAL_REPRESENTATION('',(#3443),#3447);
#3443 = LINE('',#3444,#3445);
#3444 = CARTESIAN_POINT('',(13.213972769772,-28.60763789803));
#3445 = VECTOR('',#3446,1.);
#3446 = DIRECTION('',(0.998795456205,4.906767432741E-02));
#3447 = ( GEOMETRIC_REPRESENTATION_CONTEXT(2) 
PARAMETRIC_REPRESENTATION_CONTEXT() REPRESENTATION_CONTEXT('2D SPACE',''
  ) );
#3448 = PCURVE('',#2039,#3449);
#3449 = DEFINITIONAL_REPRESENTATION('',(#3450),#3454);
#3450 = LINE('',#3451,#3452);
#3451 = CARTESIAN_POINT('',(0.,-1.6));
#3452 = VECTOR('',#3453,1.);
#3453 = DIRECTION('',(1.,0.));
#3454 = ( GEOMETRIC_REPRESENTATION_CONTEXT(2) 
PARAMETRIC_REPRESENTATION_CONTEXT() REPRESENTATION_CONTEXT('2D SPACE',''
  ) );
#3455 = ORIENTED_EDGE('',*,*,#3456,.T.);
#3456 = EDGE_CURVE('',#3434,#3457,#3459,.T.);
#3457 = VERTEX_POINT('',#3458);
#3458 = CARTESIAN_POINT('',(197.31032892489,-152.1948658365,7.2));
#3459 = SURFACE_CURVE('',#3460,(#3464,#3471),.PCURVE_S1.);
#3460 = LINE('',#3461,#3462);
#3461 = CARTESIAN_POINT('',(198.8295946,-152.1202291,7.2));
#3462 = VECTOR('',#3463,1.);
#3463 = DIRECTION('',(-0.998795456205,-4.906767432741E-02,0.));
#3464 = PCURVE('',#90,#3465);
#3465 = DEFINITIONAL_REPRESENTATION('',(#3466),#3470);
#3466 = LINE('',#3467,#3468);
#3467 = CARTESIAN_POINT('',(14.733238444881,-28.53300116145));
#3468 = VECTOR('',#3469,1.);
#3469 = DIRECTION('',(0.998795456205,-4.906767432741E-02));
#3470 = ( GEOMETRIC_REPRESENTATION_CONTEXT(2) 
PARAMETRIC_REPRESENTATION_CONTEXT() REPRESENTATION_CONTEXT('2D SPACE',''
  ) );
#3471 = PCURVE('',#2067,#3472);
#3472 = DEFINITIONAL_REPRESENTATION('',(#3473),#3477);
#3473 = LINE('',#3474,#3475);
#3474 = CARTESIAN_POINT('',(0.,-1.6));
#3475 = VECTOR('',#3476,1.);
#3476 = DIRECTION('',(1.,0.));
#3477 = ( GEOMETRIC_REPRESENTATION_CONTEXT(2) 
PARAMETRIC_REPRESENTATION_CONTEXT() REPRESENTATION_CONTEXT('2D SPACE',''
  ) );
#3478 = ORIENTED_EDGE('',*,*,#3479,.T.);
#3479 = EDGE_CURVE('',#3457,#3480,#3482,.T.);
#3480 = VERTEX_POINT('',#3481);
#3481 = CARTESIAN_POINT('',(196.8295947,-152.2661760225,7.2));
#3482 = SURFACE_CURVE('',#3483,(#3487,#3494),.PCURVE_S1.);
#3483 = LINE('',#3484,#3485);
#3484 = CARTESIAN_POINT('',(197.31032892489,-152.1948658365,7.2));
#3485 = VECTOR('',#3486,1.);
#3486 = DIRECTION('',(-0.989176509965,-0.146730474455,0.));
#3487 = PCURVE('',#90,#3488);
#3488 = DEFINITIONAL_REPRESENTATION('',(#3489),#3493);
#3489 = LINE('',#3490,#3491);
#3490 = CARTESIAN_POINT('',(16.252504119989,-28.60763789803));
#3491 = VECTOR('',#3492,1.);
#3492 = DIRECTION('',(0.989176509965,-0.146730474455));
#3493 = ( GEOMETRIC_REPRESENTATION_CONTEXT(2) 
PARAMETRIC_REPRESENTATION_CONTEXT() REPRESENTATION_CONTEXT('2D SPACE',''
  ) );
#3494 = PCURVE('',#2093,#3495);
#3495 = DEFINITIONAL_REPRESENTATION('',(#3496),#3500);
#3496 = LINE('',#3497,#3498);
#3497 = CARTESIAN_POINT('',(0.,-1.6));
#3498 = VECTOR('',#3499,1.);
#3499 = DIRECTION('',(1.,0.));
#3500 = ( GEOMETRIC_REPRESENTATION_CONTEXT(2) 
PARAMETRIC_REPRESENTATION_CONTEXT() REPRESENTATION_CONTEXT('2D SPACE',''
  ) );
#3501 = ORIENTED_EDGE('',*,*,#3502,.T.);
#3502 = EDGE_CURVE('',#3480,#162,#3503,.T.);
#3503 = SURFACE_CURVE('',#3504,(#3508,#3515),.PCURVE_S1.);
#3504 = LINE('',#3505,#3506);
#3505 = CARTESIAN_POINT('',(196.8295947,-152.2661760225,7.2));
#3506 = VECTOR('',#3507,1.);
#3507 = DIRECTION('',(0.,1.,0.));
#3508 = PCURVE('',#90,#3509);
#3509 = DEFINITIONAL_REPRESENTATION('',(#3510),#3514);
#3510 = LINE('',#3511,#3512);
#3511 = CARTESIAN_POINT('',(16.733238344881,-28.67894808402));
#3512 = VECTOR('',#3513,1.);
#3513 = DIRECTION('',(0.,1.));
#3514 = ( GEOMETRIC_REPRESENTATION_CONTEXT(2) 
PARAMETRIC_REPRESENTATION_CONTEXT() REPRESENTATION_CONTEXT('2D SPACE',''
  ) );
#3515 = PCURVE('',#177,#3516);
#3516 = DEFINITIONAL_REPRESENTATION('',(#3517),#3521);
#3517 = LINE('',#3518,#3519);
#3518 = CARTESIAN_POINT('',(0.,-1.6));
#3519 = VECTOR('',#3520,1.);
#3520 = DIRECTION('',(1.,0.));
#3521 = ( GEOMETRIC_REPRESENTATION_CONTEXT(2) 
PARAMETRIC_REPRESENTATION_CONTEXT() REPRESENTATION_CONTEXT('2D SPACE',''
  ) );
#3522 = ORIENTED_EDGE('',*,*,#189,.T.);
#3523 = FACE_BOUND('',#3524,.F.);
#3524 = EDGE_LOOP('',(#3525));
#3525 = ORIENTED_EDGE('',*,*,#3526,.T.);
#3526 = EDGE_CURVE('',#3527,#3527,#3529,.T.);
#3527 = VERTEX_POINT('',#3528);
#3528 = CARTESIAN_POINT('',(222.229595,-148.120229,7.2));
#3529 = SURFACE_CURVE('',#3530,(#3535,#3546),.PCURVE_S1.);
#3530 = CIRCLE('',#3531,1.);
#3531 = AXIS2_PLACEMENT_3D('',#3532,#3533,#3534);
#3532 = CARTESIAN_POINT('',(221.229595,-148.120229,7.2));
#3533 = DIRECTION('',(0.,0.,1.));
#3534 = DIRECTION('',(1.,0.,-0.));
#3535 = PCURVE('',#90,#3536);
#3536 = DEFINITIONAL_REPRESENTATION('',(#3537),#3545);
#3537 = ( BOUNDED_CURVE() B_SPLINE_CURVE(2,(#3538,#3539,#3540,#3541,
#3542,#3543,#3544),.UNSPECIFIED.,.T.,.F.) B_SPLINE_CURVE_WITH_KNOTS((1,2
    ,2,2,2,1),(-2.094395102393,0.,2.094395102393,4.188790204786,
6.28318530718,8.377580409573),.UNSPECIFIED.) CURVE() 
GEOMETRIC_REPRESENTATION_ITEM() RATIONAL_B_SPLINE_CURVE((1.,0.5,1.,0.5,
1.,0.5,1.)) REPRESENTATION_ITEM('') );
#3538 = CARTESIAN_POINT('',(-8.666761955119,-24.53300106145));
#3539 = CARTESIAN_POINT('',(-8.666761955119,-22.80095025388));
#3540 = CARTESIAN_POINT('',(-7.166761955119,-23.66697565766));
#3541 = CARTESIAN_POINT('',(-5.666761955119,-24.53300106145));
#3542 = CARTESIAN_POINT('',(-7.166761955119,-25.39902646523));
#3543 = CARTESIAN_POINT('',(-8.666761955119,-26.26505186901));
#3544 = CARTESIAN_POINT('',(-8.666761955119,-24.53300106145));
#3545 = ( GEOMETRIC_REPRESENTATION_CONTEXT(2) 
PARAMETRIC_REPRESENTATION_CONTEXT() REPRESENTATION_CONTEXT('2D SPACE',''
  ) );
#3546 = PCURVE('',#2128,#3547);
#3547 = DEFINITIONAL_REPRESENTATION('',(#3548),#3552);
#3548 = LINE('',#3549,#3550);
#3549 = CARTESIAN_POINT('',(0.,2.6));
#3550 = VECTOR('',#3551,1.);
#3551 = DIRECTION('',(1.,0.));
#3552 = ( GEOMETRIC_REPRESENTATION_CONTEXT(2) 
PARAMETRIC_REPRESENTATION_CONTEXT() REPRESENTATION_CONTEXT('2D SPACE',''
  ) );
#3553 = FACE_BOUND('',#3554,.F.);
#3554 = EDGE_LOOP('',(#3555));
#3555 = ORIENTED_EDGE('',*,*,#3556,.T.);
#3556 = EDGE_CURVE('',#3557,#3557,#3559,.T.);
#3557 = VERTEX_POINT('',#3558);
#3558 = CARTESIAN_POINT('',(214.629595,-148.120229,7.2));
#3559 = SURFACE_CURVE('',#3560,(#3565,#3576),.PCURVE_S1.);
#3560 = CIRCLE('',#3561,1.);
#3561 = AXIS2_PLACEMENT_3D('',#3562,#3563,#3564);
#3562 = CARTESIAN_POINT('',(213.629595,-148.120229,7.2));
#3563 = DIRECTION('',(0.,0.,1.));
#3564 = DIRECTION('',(1.,0.,-0.));
#3565 = PCURVE('',#90,#3566);
#3566 = DEFINITIONAL_REPRESENTATION('',(#3567),#3575);
#3567 = ( BOUNDED_CURVE() B_SPLINE_CURVE(2,(#3568,#3569,#3570,#3571,
#3572,#3573,#3574),.UNSPECIFIED.,.T.,.F.) B_SPLINE_CURVE_WITH_KNOTS((1,2
    ,2,2,2,1),(-2.094395102393,0.,2.094395102393,4.188790204786,
6.28318530718,8.377580409573),.UNSPECIFIED.) CURVE() 
GEOMETRIC_REPRESENTATION_ITEM() RATIONAL_B_SPLINE_CURVE((1.,0.5,1.,0.5,
1.,0.5,1.)) REPRESENTATION_ITEM('') );
#3568 = CARTESIAN_POINT('',(-1.066761955119,-24.53300106145));
#3569 = CARTESIAN_POINT('',(-1.066761955119,-22.80095025388));
#3570 = CARTESIAN_POINT('',(0.433238044881,-23.66697565766));
#3571 = CARTESIAN_POINT('',(1.933238044881,-24.53300106145));
#3572 = CARTESIAN_POINT('',(0.433238044881,-25.39902646523));
#3573 = CARTESIAN_POINT('',(-1.066761955119,-26.26505186901));
#3574 = CARTESIAN_POINT('',(-1.066761955119,-24.53300106145));
#3575 = ( GEOMETRIC_REPRESENTATION_CONTEXT(2) 
PARAMETRIC_REPRESENTATION_CONTEXT() REPRESENTATION_CONTEXT('2D SPACE',''
  ) );
#3576 = PCURVE('',#2198,#3577);
#3577 = DEFINITIONAL_REPRESENTATION('',(#3578),#3582);
#3578 = LINE('',#3579,#3580);
#3579 = CARTESIAN_POINT('',(0.,2.6));
#3580 = VECTOR('',#3581,1.);
#3581 = DIRECTION('',(1.,0.));
#3582 = ( GEOMETRIC_REPRESENTATION_CONTEXT(2) 
PARAMETRIC_REPRESENTATION_CONTEXT() REPRESENTATION_CONTEXT('2D SPACE',''
  ) );
#3583 = FACE_BOUND('',#3584,.F.);
#3584 = EDGE_LOOP('',(#3585));
#3585 = ORIENTED_EDGE('',*,*,#3586,.T.);
#3586 = EDGE_CURVE('',#3587,#3587,#3589,.T.);
#3587 = VERTEX_POINT('',#3588);
#3588 = CARTESIAN_POINT('',(207.029595,-148.120229,7.2));
#3589 = SURFACE_CURVE('',#3590,(#3595,#3606),.PCURVE_S1.);
#3590 = CIRCLE('',#3591,1.);
#3591 = AXIS2_PLACEMENT_3D('',#3592,#3593,#3594);
#3592 = CARTESIAN_POINT('',(206.029595,-148.120229,7.2));
#3593 = DIRECTION('',(0.,0.,1.));
#3594 = DIRECTION('',(1.,0.,-0.));
#3595 = PCURVE('',#90,#3596);
#3596 = DEFINITIONAL_REPRESENTATION('',(#3597),#3605);
#3597 = ( BOUNDED_CURVE() B_SPLINE_CURVE(2,(#3598,#3599,#3600,#3601,
#3602,#3603,#3604),.UNSPECIFIED.,.T.,.F.) B_SPLINE_CURVE_WITH_KNOTS((1,2
    ,2,2,2,1),(-2.094395102393,0.,2.094395102393,4.188790204786,
6.28318530718,8.377580409573),.UNSPECIFIED.) CURVE() 
GEOMETRIC_REPRESENTATION_ITEM() RATIONAL_B_SPLINE_CURVE((1.,0.5,1.,0.5,
1.,0.5,1.)) REPRESENTATION_ITEM('') );
#3598 = CARTESIAN_POINT('',(6.533238044881,-24.53300106145));
#3599 = CARTESIAN_POINT('',(6.533238044881,-22.80095025388));
#3600 = CARTESIAN_POINT('',(8.033238044881,-23.66697565766));
#3601 = CARTESIAN_POINT('',(9.533238044881,-24.53300106145));
#3602 = CARTESIAN_POINT('',(8.033238044881,-25.39902646523));
#3603 = CARTESIAN_POINT('',(6.533238044881,-26.26505186901));
#3604 = CARTESIAN_POINT('',(6.533238044881,-24.53300106145));
#3605 = ( GEOMETRIC_REPRESENTATION_CONTEXT(2) 
PARAMETRIC_REPRESENTATION_CONTEXT() REPRESENTATION_CONTEXT('2D SPACE',''
  ) );
#3606 = PCURVE('',#2233,#3607);
#3607 = DEFINITIONAL_REPRESENTATION('',(#3608),#3612);
#3608 = LINE('',#3609,#3610);
#3609 = CARTESIAN_POINT('',(0.,2.6));
#3610 = VECTOR('',#3611,1.);
#3611 = DIRECTION('',(1.,0.));
#3612 = ( GEOMETRIC_REPRESENTATION_CONTEXT(2) 
PARAMETRIC_REPRESENTATION_CONTEXT() REPRESENTATION_CONTEXT('2D SPACE',''
  ) );
#3613 = FACE_BOUND('',#3614,.F.);
#3614 = EDGE_LOOP('',(#3615));
#3615 = ORIENTED_EDGE('',*,*,#3616,.T.);
#3616 = EDGE_CURVE('',#3617,#3617,#3619,.T.);
#3617 = VERTEX_POINT('',#3618);
#3618 = CARTESIAN_POINT('',(223.150699,-140.5476,7.2));
#3619 = SURFACE_CURVE('',#3620,(#3625,#3636),.PCURVE_S1.);
#3620 = CIRCLE('',#3621,1.2);
#3621 = AXIS2_PLACEMENT_3D('',#3622,#3623,#3624);
#3622 = CARTESIAN_POINT('',(221.950699,-140.5476,7.2));
#3623 = DIRECTION('',(0.,0.,1.));
#3624 = DIRECTION('',(1.,0.,-0.));
#3625 = PCURVE('',#90,#3626);
#3626 = DEFINITIONAL_REPRESENTATION('',(#3627),#3635);
#3627 = ( BOUNDED_CURVE() B_SPLINE_CURVE(2,(#3628,#3629,#3630,#3631,
#3632,#3633,#3634),.UNSPECIFIED.,.T.,.F.) B_SPLINE_CURVE_WITH_KNOTS((1,2
    ,2,2,2,1),(-2.094395102393,0.,2.094395102393,4.188790204786,
6.28318530718,8.377580409573),.UNSPECIFIED.) CURVE() 
GEOMETRIC_REPRESENTATION_ITEM() RATIONAL_B_SPLINE_CURVE((1.,0.5,1.,0.5,
1.,0.5,1.)) REPRESENTATION_ITEM('') );
#3628 = CARTESIAN_POINT('',(-9.587865955119,-16.96037206145));
#3629 = CARTESIAN_POINT('',(-9.587865955119,-14.88191109236));
#3630 = CARTESIAN_POINT('',(-7.787865955119,-15.9211415769));
#3631 = CARTESIAN_POINT('',(-5.987865955119,-16.96037206145));
#3632 = CARTESIAN_POINT('',(-7.787865955119,-17.99960254599));
#3633 = CARTESIAN_POINT('',(-9.587865955119,-19.03883303053));
#3634 = CARTESIAN_POINT('',(-9.587865955119,-16.96037206145));
#3635 = ( GEOMETRIC_REPRESENTATION_CONTEXT(2) 
PARAMETRIC_REPRESENTATION_CONTEXT() REPRESENTATION_CONTEXT('2D SPACE',''
  ) );
#3636 = PCURVE('',#3637,#3642);
#3637 = CYLINDRICAL_SURFACE('',#3638,1.2);
#3638 = AXIS2_PLACEMENT_3D('',#3639,#3640,#3641);
#3639 = CARTESIAN_POINT('',(221.950699,-140.5476,-2.6));
#3640 = DIRECTION('',(0.,0.,1.));
#3641 = DIRECTION('',(1.,0.,-0.));
#3642 = DEFINITIONAL_REPRESENTATION('',(#3643),#3647);
#3643 = LINE('',#3644,#3645);
#3644 = CARTESIAN_POINT('',(0.,9.8));
#3645 = VECTOR('',#3646,1.);
#3646 = DIRECTION('',(1.,0.));
#3647 = ( GEOMETRIC_REPRESENTATION_CONTEXT(2) 
PARAMETRIC_REPRESENTATION_CONTEXT() REPRESENTATION_CONTEXT('2D SPACE',''
  ) );
#3648 = ADVANCED_FACE('',(#3649),#177,.T.);
#3649 = FACE_BOUND('',#3650,.T.);
#3650 = EDGE_LOOP('',(#3651,#3672,#3673,#3674));
#3651 = ORIENTED_EDGE('',*,*,#3652,.T.);
#3652 = EDGE_CURVE('',#312,#3480,#3653,.T.);
#3653 = SURFACE_CURVE('',#3654,(#3658,#3665),.PCURVE_S1.);
#3654 = LINE('',#3655,#3656);
#3655 = CARTESIAN_POINT('',(196.8295947,-152.2661760225,5.6));
#3656 = VECTOR('',#3657,1.);
#3657 = DIRECTION('',(0.,0.,1.));
#3658 = PCURVE('',#177,#3659);
#3659 = DEFINITIONAL_REPRESENTATION('',(#3660),#3664);
#3660 = LINE('',#3661,#3662);
#3661 = CARTESIAN_POINT('',(0.,0.));
#3662 = VECTOR('',#3663,1.);
#3663 = DIRECTION('',(0.,-1.));
#3664 = ( GEOMETRIC_REPRESENTATION_CONTEXT(2) 
PARAMETRIC_REPRESENTATION_CONTEXT() REPRESENTATION_CONTEXT('2D SPACE',''
  ) );
#3665 = PCURVE('',#2093,#3666);
#3666 = DEFINITIONAL_REPRESENTATION('',(#3667),#3671);
#3667 = LINE('',#3668,#3669);
#3668 = CARTESIAN_POINT('',(0.485994380223,0.));
#3669 = VECTOR('',#3670,1.);
#3670 = DIRECTION('',(0.,-1.));
#3671 = ( GEOMETRIC_REPRESENTATION_CONTEXT(2) 
PARAMETRIC_REPRESENTATION_CONTEXT() REPRESENTATION_CONTEXT('2D SPACE',''
  ) );
#3672 = ORIENTED_EDGE('',*,*,#3502,.T.);
#3673 = ORIENTED_EDGE('',*,*,#159,.F.);
#3674 = ORIENTED_EDGE('',*,*,#311,.F.);
#3675 = ADVANCED_FACE('',(#3676),#275,.T.);
#3676 = FACE_BOUND('',#3677,.T.);
#3677 = EDGE_LOOP('',(#3678,#3679,#3680,#3701));
#3678 = ORIENTED_EDGE('',*,*,#259,.T.);
#3679 = ORIENTED_EDGE('',*,*,#2285,.T.);
#3680 = ORIENTED_EDGE('',*,*,#3681,.F.);
#3681 = EDGE_CURVE('',#338,#2286,#3682,.T.);
#3682 = SURFACE_CURVE('',#3683,(#3687,#3694),.PCURVE_S1.);
#3683 = LINE('',#3684,#3685);
#3684 = CARTESIAN_POINT('',(198.96849386311,-151.9522578286,5.6));
#3685 = VECTOR('',#3686,1.);
#3686 = DIRECTION('',(0.,0.,1.));
#3687 = PCURVE('',#275,#3688);
#3688 = DEFINITIONAL_REPRESENTATION('',(#3689),#3693);
#3689 = LINE('',#3690,#3691);
#3690 = CARTESIAN_POINT('',(0.137223996461,0.));
#3691 = VECTOR('',#3692,1.);
#3692 = DIRECTION('',(0.,-1.));
#3693 = ( GEOMETRIC_REPRESENTATION_CONTEXT(2) 
PARAMETRIC_REPRESENTATION_CONTEXT() REPRESENTATION_CONTEXT('2D SPACE',''
  ) );
#3694 = PCURVE('',#376,#3695);
#3695 = DEFINITIONAL_REPRESENTATION('',(#3696),#3700);
#3696 = LINE('',#3697,#3698);
#3697 = CARTESIAN_POINT('',(0.,0.));
#3698 = VECTOR('',#3699,1.);
#3699 = DIRECTION('',(0.,-1.));
#3700 = ( GEOMETRIC_REPRESENTATION_CONTEXT(2) 
PARAMETRIC_REPRESENTATION_CONTEXT() REPRESENTATION_CONTEXT('2D SPACE',''
  ) );
#3701 = ORIENTED_EDGE('',*,*,#337,.F.);
#3702 = ADVANCED_FACE('',(#3703),#2093,.T.);
#3703 = FACE_BOUND('',#3704,.T.);
#3704 = EDGE_LOOP('',(#3705,#3726,#3727,#3728));
#3705 = ORIENTED_EDGE('',*,*,#3706,.T.);
#3706 = EDGE_CURVE('',#2052,#3457,#3707,.T.);
#3707 = SURFACE_CURVE('',#3708,(#3712,#3719),.PCURVE_S1.);
#3708 = LINE('',#3709,#3710);
#3709 = CARTESIAN_POINT('',(197.31032892489,-152.1948658365,5.6));
#3710 = VECTOR('',#3711,1.);
#3711 = DIRECTION('',(0.,0.,1.));
#3712 = PCURVE('',#2093,#3713);
#3713 = DEFINITIONAL_REPRESENTATION('',(#3714),#3718);
#3714 = LINE('',#3715,#3716);
#3715 = CARTESIAN_POINT('',(0.,0.));
#3716 = VECTOR('',#3717,1.);
#3717 = DIRECTION('',(0.,-1.));
#3718 = ( GEOMETRIC_REPRESENTATION_CONTEXT(2) 
PARAMETRIC_REPRESENTATION_CONTEXT() REPRESENTATION_CONTEXT('2D SPACE',''
  ) );
#3719 = PCURVE('',#2067,#3720);
#3720 = DEFINITIONAL_REPRESENTATION('',(#3721),#3725);
#3721 = LINE('',#3722,#3723);
#3722 = CARTESIAN_POINT('',(1.52109790415,0.));
#3723 = VECTOR('',#3724,1.);
#3724 = DIRECTION('',(0.,-1.));
#3725 = ( GEOMETRIC_REPRESENTATION_CONTEXT(2) 
PARAMETRIC_REPRESENTATION_CONTEXT() REPRESENTATION_CONTEXT('2D SPACE',''
  ) );
#3726 = ORIENTED_EDGE('',*,*,#3479,.T.);
#3727 = ORIENTED_EDGE('',*,*,#3652,.F.);
#3728 = ORIENTED_EDGE('',*,*,#2079,.F.);
#3729 = ADVANCED_FACE('',(#3730),#2067,.T.);
#3730 = FACE_BOUND('',#3731,.T.);
#3731 = EDGE_LOOP('',(#3732,#3753,#3754,#3755));
#3732 = ORIENTED_EDGE('',*,*,#3733,.T.);
#3733 = EDGE_CURVE('',#2024,#3434,#3734,.T.);
#3734 = SURFACE_CURVE('',#3735,(#3739,#3746),.PCURVE_S1.);
#3735 = LINE('',#3736,#3737);
#3736 = CARTESIAN_POINT('',(198.8295946,-152.1202291,5.6));
#3737 = VECTOR('',#3738,1.);
#3738 = DIRECTION('',(0.,0.,1.));
#3739 = PCURVE('',#2067,#3740);
#3740 = DEFINITIONAL_REPRESENTATION('',(#3741),#3745);
#3741 = LINE('',#3742,#3743);
#3742 = CARTESIAN_POINT('',(0.,0.));
#3743 = VECTOR('',#3744,1.);
#3744 = DIRECTION('',(0.,-1.));
#3745 = ( GEOMETRIC_REPRESENTATION_CONTEXT(2) 
PARAMETRIC_REPRESENTATION_CONTEXT() REPRESENTATION_CONTEXT('2D SPACE',''
  ) );
#3746 = PCURVE('',#2039,#3747);
#3747 = DEFINITIONAL_REPRESENTATION('',(#3748),#3752);
#3748 = LINE('',#3749,#3750);
#3749 = CARTESIAN_POINT('',(1.52109790415,0.));
#3750 = VECTOR('',#3751,1.);
#3751 = DIRECTION('',(0.,-1.));
#3752 = ( GEOMETRIC_REPRESENTATION_CONTEXT(2) 
PARAMETRIC_REPRESENTATION_CONTEXT() REPRESENTATION_CONTEXT('2D SPACE',''
  ) );
#3753 = ORIENTED_EDGE('',*,*,#3456,.T.);
#3754 = ORIENTED_EDGE('',*,*,#3706,.F.);
#3755 = ORIENTED_EDGE('',*,*,#2051,.F.);
#3756 = ADVANCED_FACE('',(#3757),#2039,.T.);
#3757 = FACE_BOUND('',#3758,.T.);
#3758 = EDGE_LOOP('',(#3759,#3780,#3781,#3782));
#3759 = ORIENTED_EDGE('',*,*,#3760,.T.);
#3760 = EDGE_CURVE('',#1996,#3411,#3761,.T.);
#3761 = SURFACE_CURVE('',#3762,(#3766,#3773),.PCURVE_S1.);
#3762 = LINE('',#3763,#3764);
#3763 = CARTESIAN_POINT('',(200.3488602751,-152.1948658365,5.6));
#3764 = VECTOR('',#3765,1.);
#3765 = DIRECTION('',(0.,0.,1.));
#3766 = PCURVE('',#2039,#3767);
#3767 = DEFINITIONAL_REPRESENTATION('',(#3768),#3772);
#3768 = LINE('',#3769,#3770);
#3769 = CARTESIAN_POINT('',(0.,0.));
#3770 = VECTOR('',#3771,1.);
#3771 = DIRECTION('',(0.,-1.));
#3772 = ( GEOMETRIC_REPRESENTATION_CONTEXT(2) 
PARAMETRIC_REPRESENTATION_CONTEXT() REPRESENTATION_CONTEXT('2D SPACE',''
  ) );
#3773 = PCURVE('',#2011,#3774);
#3774 = DEFINITIONAL_REPRESENTATION('',(#3775),#3779);
#3775 = LINE('',#3776,#3777);
#3776 = CARTESIAN_POINT('',(1.52109790415,0.));
#3777 = VECTOR('',#3778,1.);
#3778 = DIRECTION('',(0.,-1.));
#3779 = ( GEOMETRIC_REPRESENTATION_CONTEXT(2) 
PARAMETRIC_REPRESENTATION_CONTEXT() REPRESENTATION_CONTEXT('2D SPACE',''
  ) );
#3780 = ORIENTED_EDGE('',*,*,#3433,.T.);
#3781 = ORIENTED_EDGE('',*,*,#3733,.F.);
#3782 = ORIENTED_EDGE('',*,*,#2023,.F.);
#3783 = ADVANCED_FACE('',(#3784),#2011,.T.);
#3784 = FACE_BOUND('',#3785,.T.);
#3785 = EDGE_LOOP('',(#3786,#3807,#3808,#3809));
#3786 = ORIENTED_EDGE('',*,*,#3787,.T.);
#3787 = EDGE_CURVE('',#1968,#3388,#3788,.T.);
#3788 = SURFACE_CURVE('',#3789,(#3793,#3800),.PCURVE_S1.);
#3789 = LINE('',#3790,#3791);
#3790 = CARTESIAN_POINT('',(201.85349459125,-152.4180572537,5.6));
#3791 = VECTOR('',#3792,1.);
#3792 = DIRECTION('',(0.,0.,1.));
#3793 = PCURVE('',#2011,#3794);
#3794 = DEFINITIONAL_REPRESENTATION('',(#3795),#3799);
#3795 = LINE('',#3796,#3797);
#3796 = CARTESIAN_POINT('',(0.,0.));
#3797 = VECTOR('',#3798,1.);
#3798 = DIRECTION('',(0.,-1.));
#3799 = ( GEOMETRIC_REPRESENTATION_CONTEXT(2) 
PARAMETRIC_REPRESENTATION_CONTEXT() REPRESENTATION_CONTEXT('2D SPACE',''
  ) );
#3800 = PCURVE('',#1983,#3801);
#3801 = DEFINITIONAL_REPRESENTATION('',(#3802),#3806);
#3802 = LINE('',#3803,#3804);
#3803 = CARTESIAN_POINT('',(0.832050360365,0.));
#3804 = VECTOR('',#3805,1.);
#3805 = DIRECTION('',(0.,-1.));
#3806 = ( GEOMETRIC_REPRESENTATION_CONTEXT(2) 
PARAMETRIC_REPRESENTATION_CONTEXT() REPRESENTATION_CONTEXT('2D SPACE',''
  ) );
#3807 = ORIENTED_EDGE('',*,*,#3410,.T.);
#3808 = ORIENTED_EDGE('',*,*,#3760,.F.);
#3809 = ORIENTED_EDGE('',*,*,#1995,.F.);
#3810 = ADVANCED_FACE('',(#3811),#1983,.T.);
#3811 = FACE_BOUND('',#3812,.T.);
#3812 = EDGE_LOOP('',(#3813,#3834,#3835,#3836));
#3813 = ORIENTED_EDGE('',*,*,#3814,.T.);
#3814 = EDGE_CURVE('',#1945,#3365,#3815,.T.);
#3815 = SURFACE_CURVE('',#3816,(#3820,#3827),.PCURVE_S1.);
#3816 = LINE('',#3817,#3818);
#3817 = CARTESIAN_POINT('',(202.66060944503,-152.620229,5.6));
#3818 = VECTOR('',#3819,1.);
#3819 = DIRECTION('',(0.,0.,1.));
#3820 = PCURVE('',#1983,#3821);
#3821 = DEFINITIONAL_REPRESENTATION('',(#3822),#3826);
#3822 = LINE('',#3823,#3824);
#3823 = CARTESIAN_POINT('',(0.,0.));
#3824 = VECTOR('',#3825,1.);
#3825 = DIRECTION('',(0.,-1.));
#3826 = ( GEOMETRIC_REPRESENTATION_CONTEXT(2) 
PARAMETRIC_REPRESENTATION_CONTEXT() REPRESENTATION_CONTEXT('2D SPACE',''
  ) );
#3827 = PCURVE('',#1854,#3828);
#3828 = DEFINITIONAL_REPRESENTATION('',(#3829),#3833);
#3829 = LINE('',#3830,#3831);
#3830 = CARTESIAN_POINT('',(25.083669823363,0.));
#3831 = VECTOR('',#3832,1.);
#3832 = DIRECTION('',(0.,-1.));
#3833 = ( GEOMETRIC_REPRESENTATION_CONTEXT(2) 
PARAMETRIC_REPRESENTATION_CONTEXT() REPRESENTATION_CONTEXT('2D SPACE',''
  ) );
#3834 = ORIENTED_EDGE('',*,*,#3387,.T.);
#3835 = ORIENTED_EDGE('',*,*,#3787,.F.);
#3836 = ORIENTED_EDGE('',*,*,#1967,.F.);
#3837 = ADVANCED_FACE('',(#3838),#1854,.T.);
#3838 = FACE_BOUND('',#3839,.T.);
#3839 = EDGE_LOOP('',(#3840,#3841,#3864,#3892,#3913,#3914,#3915,#3916,
    #3937,#3963));
#3840 = ORIENTED_EDGE('',*,*,#1838,.F.);
#3841 = ORIENTED_EDGE('',*,*,#3842,.F.);
#3842 = EDGE_CURVE('',#3843,#1813,#3845,.T.);
#3843 = VERTEX_POINT('',#3844);
#3844 = CARTESIAN_POINT('',(225.14221515624,-152.620229,2.5));
#3845 = SURFACE_CURVE('',#3846,(#3850,#3857),.PCURVE_S1.);
#3846 = LINE('',#3847,#3848);
#3847 = CARTESIAN_POINT('',(225.14221515624,-152.620229,2.5));
#3848 = VECTOR('',#3849,1.);
#3849 = DIRECTION('',(0.,0.,1.));
#3850 = PCURVE('',#1854,#3851);
#3851 = DEFINITIONAL_REPRESENTATION('',(#3852),#3856);
#3852 = LINE('',#3853,#3854);
#3853 = CARTESIAN_POINT('',(2.602064112152,3.1));
#3854 = VECTOR('',#3855,1.);
#3855 = DIRECTION('',(0.,-1.));
#3856 = ( GEOMETRIC_REPRESENTATION_CONTEXT(2) 
PARAMETRIC_REPRESENTATION_CONTEXT() REPRESENTATION_CONTEXT('2D SPACE',''
  ) );
#3857 = PCURVE('',#1827,#3858);
#3858 = DEFINITIONAL_REPRESENTATION('',(#3859),#3863);
#3859 = LINE('',#3860,#3861);
#3860 = CARTESIAN_POINT('',(0.,0.));
#3861 = VECTOR('',#3862,1.);
#3862 = DIRECTION('',(0.,-1.));
#3863 = ( GEOMETRIC_REPRESENTATION_CONTEXT(2) 
PARAMETRIC_REPRESENTATION_CONTEXT() REPRESENTATION_CONTEXT('2D SPACE',''
  ) );
#3864 = ORIENTED_EDGE('',*,*,#3865,.F.);
#3865 = EDGE_CURVE('',#3866,#3843,#3868,.T.);
#3866 = VERTEX_POINT('',#3867);
#3867 = CARTESIAN_POINT('',(227.74427926839,-152.620229,2.5));
#3868 = SURFACE_CURVE('',#3869,(#3873,#3880),.PCURVE_S1.);
#3869 = LINE('',#3870,#3871);
#3870 = CARTESIAN_POINT('',(227.74427926839,-152.620229,2.5));
#3871 = VECTOR('',#3872,1.);
#3872 = DIRECTION('',(-1.,0.,0.));
#3873 = PCURVE('',#1854,#3874);
#3874 = DEFINITIONAL_REPRESENTATION('',(#3875),#3879);
#3875 = LINE('',#3876,#3877);
#3876 = CARTESIAN_POINT('',(0.,3.1));
#3877 = VECTOR('',#3878,1.);
#3878 = DIRECTION('',(1.,0.));
#3879 = ( GEOMETRIC_REPRESENTATION_CONTEXT(2) 
PARAMETRIC_REPRESENTATION_CONTEXT() REPRESENTATION_CONTEXT('2D SPACE',''
  ) );
#3880 = PCURVE('',#3881,#3886);
#3881 = PLANE('',#3882);
#3882 = AXIS2_PLACEMENT_3D('',#3883,#3884,#3885);
#3883 = CARTESIAN_POINT('',(222.35521660623,-114.5843499733,2.5));
#3884 = DIRECTION('',(-0.,-0.,-1.));
#3885 = DIRECTION('',(-1.,0.,0.));
#3886 = DEFINITIONAL_REPRESENTATION('',(#3887),#3891);
#3887 = LINE('',#3888,#3889);
#3888 = CARTESIAN_POINT('',(-5.389062662162,-38.03587902669));
#3889 = VECTOR('',#3890,1.);
#3890 = DIRECTION('',(1.,0.));
#3891 = ( GEOMETRIC_REPRESENTATION_CONTEXT(2) 
PARAMETRIC_REPRESENTATION_CONTEXT() REPRESENTATION_CONTEXT('2D SPACE',''
  ) );
#3892 = ORIENTED_EDGE('',*,*,#3893,.T.);
#3893 = EDGE_CURVE('',#3866,#3337,#3894,.T.);
#3894 = SURFACE_CURVE('',#3895,(#3899,#3906),.PCURVE_S1.);
#3895 = LINE('',#3896,#3897);
#3896 = CARTESIAN_POINT('',(227.74427926839,-152.620229,2.5));
#3897 = VECTOR('',#3898,1.);
#3898 = DIRECTION('',(0.,0.,1.));
#3899 = PCURVE('',#1854,#3900);
#3900 = DEFINITIONAL_REPRESENTATION('',(#3901),#3905);
#3901 = LINE('',#3902,#3903);
#3902 = CARTESIAN_POINT('',(0.,3.1));
#3903 = VECTOR('',#3904,1.);
#3904 = DIRECTION('',(0.,-1.));
#3905 = ( GEOMETRIC_REPRESENTATION_CONTEXT(2) 
PARAMETRIC_REPRESENTATION_CONTEXT() REPRESENTATION_CONTEXT('2D SPACE',''
  ) );
#3906 = PCURVE('',#3352,#3907);
#3907 = DEFINITIONAL_REPRESENTATION('',(#3908),#3912);
#3908 = LINE('',#3909,#3910);
#3909 = CARTESIAN_POINT('',(0.600498106499,3.1));
#3910 = VECTOR('',#3911,1.);
#3911 = DIRECTION('',(0.,-1.));
#3912 = ( GEOMETRIC_REPRESENTATION_CONTEXT(2) 
PARAMETRIC_REPRESENTATION_CONTEXT() REPRESENTATION_CONTEXT('2D SPACE',''
  ) );
#3913 = ORIENTED_EDGE('',*,*,#3364,.T.);
#3914 = ORIENTED_EDGE('',*,*,#3814,.F.);
#3915 = ORIENTED_EDGE('',*,*,#1944,.F.);
#3916 = ORIENTED_EDGE('',*,*,#3917,.T.);
#3917 = EDGE_CURVE('',#1919,#3918,#3920,.T.);
#3918 = VERTEX_POINT('',#3919);
#3919 = CARTESIAN_POINT('',(205.8295947,-152.620229,6.7));
#3920 = SURFACE_CURVE('',#3921,(#3925,#3931),.PCURVE_S1.);
#3921 = LINE('',#3922,#3923);
#3922 = CARTESIAN_POINT('',(205.8295947,-152.620229,2.65));
#3923 = VECTOR('',#3924,1.);
#3924 = DIRECTION('',(0.,0.,1.));
#3925 = PCURVE('',#1854,#3926);
#3926 = DEFINITIONAL_REPRESENTATION('',(#3927),#3930);
#3927 = B_SPLINE_CURVE_WITH_KNOTS('',1,(#3928,#3929),.UNSPECIFIED.,.F.,
  .F.,(2,2),(-0.15,4.05),.PIECEWISE_BEZIER_KNOTS.);
#3928 = CARTESIAN_POINT('',(21.914684568399,3.1));
#3929 = CARTESIAN_POINT('',(21.914684568399,-1.1));
#3930 = ( GEOMETRIC_REPRESENTATION_CONTEXT(2) 
PARAMETRIC_REPRESENTATION_CONTEXT() REPRESENTATION_CONTEXT('2D SPACE',''
  ) );
#3931 = PCURVE('',#1933,#3932);
#3932 = DEFINITIONAL_REPRESENTATION('',(#3933),#3936);
#3933 = B_SPLINE_CURVE_WITH_KNOTS('',1,(#3934,#3935),.UNSPECIFIED.,.F.,
  .F.,(2,2),(-0.15,4.05),.PIECEWISE_BEZIER_KNOTS.);
#3934 = CARTESIAN_POINT('',(2.8,-5.058608672472));
#3935 = CARTESIAN_POINT('',(7.,-5.058608672472));
#3936 = ( GEOMETRIC_REPRESENTATION_CONTEXT(2) 
PARAMETRIC_REPRESENTATION_CONTEXT() REPRESENTATION_CONTEXT('2D SPACE',''
  ) );
#3937 = ORIENTED_EDGE('',*,*,#3938,.F.);
#3938 = EDGE_CURVE('',#3939,#3918,#3941,.T.);
#3939 = VERTEX_POINT('',#3940);
#3940 = CARTESIAN_POINT('',(217.8295947,-152.620229,6.7));
#3941 = SURFACE_CURVE('',#3942,(#3946,#3952),.PCURVE_S1.);
#3942 = LINE('',#3943,#3944);
#3943 = CARTESIAN_POINT('',(216.7869369842,-152.620229,6.7));
#3944 = VECTOR('',#3945,1.);
#3945 = DIRECTION('',(-1.,0.,0.));
#3946 = PCURVE('',#1854,#3947);
#3947 = DEFINITIONAL_REPRESENTATION('',(#3948),#3951);
#3948 = B_SPLINE_CURVE_WITH_KNOTS('',1,(#3949,#3950),.UNSPECIFIED.,.F.,
  .F.,(2,2),(-1.0426577158,10.9573422842),.PIECEWISE_BEZIER_KNOTS.);
#3949 = CARTESIAN_POINT('',(9.914684568399,-1.1));
#3950 = CARTESIAN_POINT('',(21.914684568399,-1.1));
#3951 = ( GEOMETRIC_REPRESENTATION_CONTEXT(2) 
PARAMETRIC_REPRESENTATION_CONTEXT() REPRESENTATION_CONTEXT('2D SPACE',''
  ) );
#3952 = PCURVE('',#3953,#3958);
#3953 = PLANE('',#3954);
#3954 = AXIS2_PLACEMENT_3D('',#3955,#3956,#3957);
#3955 = CARTESIAN_POINT('',(205.8295947,-157.6788376724,6.7));
#3956 = DIRECTION('',(0.,0.,1.));
#3957 = DIRECTION('',(1.,0.,-0.));
#3958 = DEFINITIONAL_REPRESENTATION('',(#3959),#3962);
#3959 = B_SPLINE_CURVE_WITH_KNOTS('',1,(#3960,#3961),.UNSPECIFIED.,.F.,
  .F.,(2,2),(-1.0426577158,10.9573422842),.PIECEWISE_BEZIER_KNOTS.);
#3960 = CARTESIAN_POINT('',(12.,5.058608672472));
#3961 = CARTESIAN_POINT('',(0.,5.058608672472));
#3962 = ( GEOMETRIC_REPRESENTATION_CONTEXT(2) 
PARAMETRIC_REPRESENTATION_CONTEXT() REPRESENTATION_CONTEXT('2D SPACE',''
  ) );
#3963 = ORIENTED_EDGE('',*,*,#3964,.F.);
#3964 = EDGE_CURVE('',#1839,#3939,#3965,.T.);
#3965 = SURFACE_CURVE('',#3966,(#3970,#3976),.PCURVE_S1.);
#3966 = LINE('',#3967,#3968);
#3967 = CARTESIAN_POINT('',(217.8295947,-152.620229,2.65));
#3968 = VECTOR('',#3969,1.);
#3969 = DIRECTION('',(0.,0.,1.));
#3970 = PCURVE('',#1854,#3971);
#3971 = DEFINITIONAL_REPRESENTATION('',(#3972),#3975);
#3972 = B_SPLINE_CURVE_WITH_KNOTS('',1,(#3973,#3974),.UNSPECIFIED.,.F.,
  .F.,(2,2),(-0.15,4.05),.PIECEWISE_BEZIER_KNOTS.);
#3973 = CARTESIAN_POINT('',(9.914684568399,3.1));
#3974 = CARTESIAN_POINT('',(9.914684568399,-1.1));
#3975 = ( GEOMETRIC_REPRESENTATION_CONTEXT(2) 
PARAMETRIC_REPRESENTATION_CONTEXT() REPRESENTATION_CONTEXT('2D SPACE',''
  ) );
#3976 = PCURVE('',#1881,#3977);
#3977 = DEFINITIONAL_REPRESENTATION('',(#3978),#3981);
#3978 = B_SPLINE_CURVE_WITH_KNOTS('',1,(#3979,#3980),.UNSPECIFIED.,.F.,
  .F.,(2,2),(-0.15,4.05),.PIECEWISE_BEZIER_KNOTS.);
#3979 = CARTESIAN_POINT('',(2.8,-5.058608672472));
#3980 = CARTESIAN_POINT('',(7.,-5.058608672472));
#3981 = ( GEOMETRIC_REPRESENTATION_CONTEXT(2) 
PARAMETRIC_REPRESENTATION_CONTEXT() REPRESENTATION_CONTEXT('2D SPACE',''
  ) );
#3982 = ADVANCED_FACE('',(#3983),#1933,.T.);
#3983 = FACE_BOUND('',#3984,.T.);
#3984 = EDGE_LOOP('',(#3985,#4008,#4009,#4010));
#3985 = ORIENTED_EDGE('',*,*,#3986,.F.);
#3986 = EDGE_CURVE('',#3918,#3987,#3989,.T.);
#3987 = VERTEX_POINT('',#3988);
#3988 = CARTESIAN_POINT('',(205.8295947,-149.6788376724,6.7));
#3989 = SURFACE_CURVE('',#3990,(#3994,#4001),.PCURVE_S1.);
#3990 = LINE('',#3991,#3992);
#3991 = CARTESIAN_POINT('',(205.8295947,-157.6788376724,6.7));
#3992 = VECTOR('',#3993,1.);
#3993 = DIRECTION('',(-0.,1.,0.));
#3994 = PCURVE('',#1933,#3995);
#3995 = DEFINITIONAL_REPRESENTATION('',(#3996),#4000);
#3996 = LINE('',#3997,#3998);
#3997 = CARTESIAN_POINT('',(7.,0.));
#3998 = VECTOR('',#3999,1.);
#3999 = DIRECTION('',(0.,-1.));
#4000 = ( GEOMETRIC_REPRESENTATION_CONTEXT(2) 
PARAMETRIC_REPRESENTATION_CONTEXT() REPRESENTATION_CONTEXT('2D SPACE',''
  ) );
#4001 = PCURVE('',#3953,#4002);
#4002 = DEFINITIONAL_REPRESENTATION('',(#4003),#4007);
#4003 = LINE('',#4004,#4005);
#4004 = CARTESIAN_POINT('',(0.,0.));
#4005 = VECTOR('',#4006,1.);
#4006 = DIRECTION('',(0.,1.));
#4007 = ( GEOMETRIC_REPRESENTATION_CONTEXT(2) 
PARAMETRIC_REPRESENTATION_CONTEXT() REPRESENTATION_CONTEXT('2D SPACE',''
  ) );
#4008 = ORIENTED_EDGE('',*,*,#3917,.F.);
#4009 = ORIENTED_EDGE('',*,*,#1918,.F.);
#4010 = ORIENTED_EDGE('',*,*,#4011,.T.);
#4011 = EDGE_CURVE('',#1893,#3987,#4012,.T.);
#4012 = SURFACE_CURVE('',#4013,(#4017,#4024),.PCURVE_S1.);
#4013 = LINE('',#4014,#4015);
#4014 = CARTESIAN_POINT('',(205.8295947,-149.6788376724,-0.3));
#4015 = VECTOR('',#4016,1.);
#4016 = DIRECTION('',(0.,0.,1.));
#4017 = PCURVE('',#1933,#4018);
#4018 = DEFINITIONAL_REPRESENTATION('',(#4019),#4023);
#4019 = LINE('',#4020,#4021);
#4020 = CARTESIAN_POINT('',(0.,-8.));
#4021 = VECTOR('',#4022,1.);
#4022 = DIRECTION('',(1.,0.));
#4023 = ( GEOMETRIC_REPRESENTATION_CONTEXT(2) 
PARAMETRIC_REPRESENTATION_CONTEXT() REPRESENTATION_CONTEXT('2D SPACE',''
  ) );
#4024 = PCURVE('',#1907,#4025);
#4025 = DEFINITIONAL_REPRESENTATION('',(#4026),#4030);
#4026 = LINE('',#4027,#4028);
#4027 = CARTESIAN_POINT('',(0.,0.));
#4028 = VECTOR('',#4029,1.);
#4029 = DIRECTION('',(1.,0.));
#4030 = ( GEOMETRIC_REPRESENTATION_CONTEXT(2) 
PARAMETRIC_REPRESENTATION_CONTEXT() REPRESENTATION_CONTEXT('2D SPACE',''
  ) );
#4031 = ADVANCED_FACE('',(#4032),#1907,.F.);
#4032 = FACE_BOUND('',#4033,.F.);
#4033 = EDGE_LOOP('',(#4034,#4057,#4058,#4059));
#4034 = ORIENTED_EDGE('',*,*,#4035,.F.);
#4035 = EDGE_CURVE('',#1867,#4036,#4038,.T.);
#4036 = VERTEX_POINT('',#4037);
#4037 = CARTESIAN_POINT('',(217.8295947,-149.6788376724,6.7));
#4038 = SURFACE_CURVE('',#4039,(#4043,#4050),.PCURVE_S1.);
#4039 = LINE('',#4040,#4041);
#4040 = CARTESIAN_POINT('',(217.8295947,-149.6788376724,-0.3));
#4041 = VECTOR('',#4042,1.);
#4042 = DIRECTION('',(0.,0.,1.));
#4043 = PCURVE('',#1907,#4044);
#4044 = DEFINITIONAL_REPRESENTATION('',(#4045),#4049);
#4045 = LINE('',#4046,#4047);
#4046 = CARTESIAN_POINT('',(0.,12.));
#4047 = VECTOR('',#4048,1.);
#4048 = DIRECTION('',(1.,0.));
#4049 = ( GEOMETRIC_REPRESENTATION_CONTEXT(2) 
PARAMETRIC_REPRESENTATION_CONTEXT() REPRESENTATION_CONTEXT('2D SPACE',''
  ) );
#4050 = PCURVE('',#1881,#4051);
#4051 = DEFINITIONAL_REPRESENTATION('',(#4052),#4056);
#4052 = LINE('',#4053,#4054);
#4053 = CARTESIAN_POINT('',(0.,-8.));
#4054 = VECTOR('',#4055,1.);
#4055 = DIRECTION('',(1.,0.));
#4056 = ( GEOMETRIC_REPRESENTATION_CONTEXT(2) 
PARAMETRIC_REPRESENTATION_CONTEXT() REPRESENTATION_CONTEXT('2D SPACE',''
  ) );
#4057 = ORIENTED_EDGE('',*,*,#1892,.F.);
#4058 = ORIENTED_EDGE('',*,*,#4011,.T.);
#4059 = ORIENTED_EDGE('',*,*,#4060,.T.);
#4060 = EDGE_CURVE('',#3987,#4036,#4061,.T.);
#4061 = SURFACE_CURVE('',#4062,(#4066,#4073),.PCURVE_S1.);
#4062 = LINE('',#4063,#4064);
#4063 = CARTESIAN_POINT('',(205.8295947,-149.6788376724,6.7));
#4064 = VECTOR('',#4065,1.);
#4065 = DIRECTION('',(1.,0.,-0.));
#4066 = PCURVE('',#1907,#4067);
#4067 = DEFINITIONAL_REPRESENTATION('',(#4068),#4072);
#4068 = LINE('',#4069,#4070);
#4069 = CARTESIAN_POINT('',(7.,0.));
#4070 = VECTOR('',#4071,1.);
#4071 = DIRECTION('',(0.,1.));
#4072 = ( GEOMETRIC_REPRESENTATION_CONTEXT(2) 
PARAMETRIC_REPRESENTATION_CONTEXT() REPRESENTATION_CONTEXT('2D SPACE',''
  ) );
#4073 = PCURVE('',#3953,#4074);
#4074 = DEFINITIONAL_REPRESENTATION('',(#4075),#4079);
#4075 = LINE('',#4076,#4077);
#4076 = CARTESIAN_POINT('',(0.,8.));
#4077 = VECTOR('',#4078,1.);
#4078 = DIRECTION('',(1.,0.));
#4079 = ( GEOMETRIC_REPRESENTATION_CONTEXT(2) 
PARAMETRIC_REPRESENTATION_CONTEXT() REPRESENTATION_CONTEXT('2D SPACE',''
  ) );
#4080 = ADVANCED_FACE('',(#4081),#1881,.F.);
#4081 = FACE_BOUND('',#4082,.F.);
#4082 = EDGE_LOOP('',(#4083,#4104,#4105,#4106));
#4083 = ORIENTED_EDGE('',*,*,#4084,.F.);
#4084 = EDGE_CURVE('',#3939,#4036,#4085,.T.);
#4085 = SURFACE_CURVE('',#4086,(#4090,#4097),.PCURVE_S1.);
#4086 = LINE('',#4087,#4088);
#4087 = CARTESIAN_POINT('',(217.8295947,-157.6788376724,6.7));
#4088 = VECTOR('',#4089,1.);
#4089 = DIRECTION('',(-0.,1.,0.));
#4090 = PCURVE('',#1881,#4091);
#4091 = DEFINITIONAL_REPRESENTATION('',(#4092),#4096);
#4092 = LINE('',#4093,#4094);
#4093 = CARTESIAN_POINT('',(7.,0.));
#4094 = VECTOR('',#4095,1.);
#4095 = DIRECTION('',(0.,-1.));
#4096 = ( GEOMETRIC_REPRESENTATION_CONTEXT(2) 
PARAMETRIC_REPRESENTATION_CONTEXT() REPRESENTATION_CONTEXT('2D SPACE',''
  ) );
#4097 = PCURVE('',#3953,#4098);
#4098 = DEFINITIONAL_REPRESENTATION('',(#4099),#4103);
#4099 = LINE('',#4100,#4101);
#4100 = CARTESIAN_POINT('',(12.,0.));
#4101 = VECTOR('',#4102,1.);
#4102 = DIRECTION('',(0.,1.));
#4103 = ( GEOMETRIC_REPRESENTATION_CONTEXT(2) 
PARAMETRIC_REPRESENTATION_CONTEXT() REPRESENTATION_CONTEXT('2D SPACE',''
  ) );
#4104 = ORIENTED_EDGE('',*,*,#3964,.F.);
#4105 = ORIENTED_EDGE('',*,*,#1866,.F.);
#4106 = ORIENTED_EDGE('',*,*,#4035,.T.);
#4107 = ADVANCED_FACE('',(#4108),#1827,.T.);
#4108 = FACE_BOUND('',#4109,.T.);
#4109 = EDGE_LOOP('',(#4110,#4133,#4134,#4135));
#4110 = ORIENTED_EDGE('',*,*,#4111,.F.);
#4111 = EDGE_CURVE('',#3843,#4112,#4114,.T.);
#4112 = VERTEX_POINT('',#4113);
#4113 = CARTESIAN_POINT('',(225.40778615295,-152.3441232286,2.5));
#4114 = SURFACE_CURVE('',#4115,(#4119,#4126),.PCURVE_S1.);
#4115 = LINE('',#4116,#4117);
#4116 = CARTESIAN_POINT('',(225.14221515624,-152.620229,2.5));
#4117 = VECTOR('',#4118,1.);
#4118 = DIRECTION('',(0.693223557997,0.720722622538,0.));
#4119 = PCURVE('',#1827,#4120);
#4120 = DEFINITIONAL_REPRESENTATION('',(#4121),#4125);
#4121 = LINE('',#4122,#4123);
#4122 = CARTESIAN_POINT('',(0.,0.));
#4123 = VECTOR('',#4124,1.);
#4124 = DIRECTION('',(1.,0.));
#4125 = ( GEOMETRIC_REPRESENTATION_CONTEXT(2) 
PARAMETRIC_REPRESENTATION_CONTEXT() REPRESENTATION_CONTEXT('2D SPACE',''
  ) );
#4126 = PCURVE('',#3881,#4127);
#4127 = DEFINITIONAL_REPRESENTATION('',(#4128),#4132);
#4128 = LINE('',#4129,#4130);
#4129 = CARTESIAN_POINT('',(-2.78699855001,-38.03587902669));
#4130 = VECTOR('',#4131,1.);
#4131 = DIRECTION('',(-0.693223557997,0.720722622538));
#4132 = ( GEOMETRIC_REPRESENTATION_CONTEXT(2) 
PARAMETRIC_REPRESENTATION_CONTEXT() REPRESENTATION_CONTEXT('2D SPACE',''
  ) );
#4133 = ORIENTED_EDGE('',*,*,#3842,.T.);
#4134 = ORIENTED_EDGE('',*,*,#1812,.T.);
#4135 = ORIENTED_EDGE('',*,*,#4136,.F.);
#4136 = EDGE_CURVE('',#4112,#1787,#4137,.T.);
#4137 = SURFACE_CURVE('',#4138,(#4142,#4149),.PCURVE_S1.);
#4138 = LINE('',#4139,#4140);
#4139 = CARTESIAN_POINT('',(225.40778615295,-152.3441232286,2.5));
#4140 = VECTOR('',#4141,1.);
#4141 = DIRECTION('',(0.,0.,1.));
#4142 = PCURVE('',#1827,#4143);
#4143 = DEFINITIONAL_REPRESENTATION('',(#4144),#4148);
#4144 = LINE('',#4145,#4146);
#4145 = CARTESIAN_POINT('',(0.383095746886,0.));
#4146 = VECTOR('',#4147,1.);
#4147 = DIRECTION('',(0.,-1.));
#4148 = ( GEOMETRIC_REPRESENTATION_CONTEXT(2) 
PARAMETRIC_REPRESENTATION_CONTEXT() REPRESENTATION_CONTEXT('2D SPACE',''
  ) );
#4149 = PCURVE('',#1801,#4150);
#4150 = DEFINITIONAL_REPRESENTATION('',(#4151),#4155);
#4151 = LINE('',#4152,#4153);
#4152 = CARTESIAN_POINT('',(0.,0.));
#4153 = VECTOR('',#4154,1.);
#4154 = DIRECTION('',(0.,-1.));
#4155 = ( GEOMETRIC_REPRESENTATION_CONTEXT(2) 
PARAMETRIC_REPRESENTATION_CONTEXT() REPRESENTATION_CONTEXT('2D SPACE',''
  ) );
#4156 = ADVANCED_FACE('',(#4157),#1801,.T.);
#4157 = FACE_BOUND('',#4158,.T.);
#4158 = EDGE_LOOP('',(#4159,#4182,#4183,#4184));
#4159 = ORIENTED_EDGE('',*,*,#4160,.F.);
#4160 = EDGE_CURVE('',#4112,#4161,#4163,.T.);
#4161 = VERTEX_POINT('',#4162);
#4162 = CARTESIAN_POINT('',(225.58803903048,-152.0670546577,2.5));
#4163 = SURFACE_CURVE('',#4164,(#4168,#4175),.PCURVE_S1.);
#4164 = LINE('',#4165,#4166);
#4165 = CARTESIAN_POINT('',(225.40778615295,-152.3441232286,2.5));
#4166 = VECTOR('',#4167,1.);
#4167 = DIRECTION('',(0.545324988422,0.838224705555,0.));
#4168 = PCURVE('',#1801,#4169);
#4169 = DEFINITIONAL_REPRESENTATION('',(#4170),#4174);
#4170 = LINE('',#4171,#4172);
#4171 = CARTESIAN_POINT('',(0.,0.));
#4172 = VECTOR('',#4173,1.);
#4173 = DIRECTION('',(1.,0.));
#4174 = ( GEOMETRIC_REPRESENTATION_CONTEXT(2) 
PARAMETRIC_REPRESENTATION_CONTEXT() REPRESENTATION_CONTEXT('2D SPACE',''
  ) );
#4175 = PCURVE('',#3881,#4176);
#4176 = DEFINITIONAL_REPRESENTATION('',(#4177),#4181);
#4177 = LINE('',#4178,#4179);
#4178 = CARTESIAN_POINT('',(-3.052569546719,-37.75977325531));
#4179 = VECTOR('',#4180,1.);
#4180 = DIRECTION('',(-0.545324988422,0.838224705555));
#4181 = ( GEOMETRIC_REPRESENTATION_CONTEXT(2) 
PARAMETRIC_REPRESENTATION_CONTEXT() REPRESENTATION_CONTEXT('2D SPACE',''
  ) );
#4182 = ORIENTED_EDGE('',*,*,#4136,.T.);
#4183 = ORIENTED_EDGE('',*,*,#1786,.T.);
#4184 = ORIENTED_EDGE('',*,*,#4185,.F.);
#4185 = EDGE_CURVE('',#4161,#1761,#4186,.T.);
#4186 = SURFACE_CURVE('',#4187,(#4191,#4198),.PCURVE_S1.);
#4187 = LINE('',#4188,#4189);
#4188 = CARTESIAN_POINT('',(225.58803903048,-152.0670546577,2.5));
#4189 = VECTOR('',#4190,1.);
#4190 = DIRECTION('',(0.,0.,1.));
#4191 = PCURVE('',#1801,#4192);
#4192 = DEFINITIONAL_REPRESENTATION('',(#4193),#4197);
#4193 = LINE('',#4194,#4195);
#4194 = CARTESIAN_POINT('',(0.330542119565,0.));
#4195 = VECTOR('',#4196,1.);
#4196 = DIRECTION('',(0.,-1.));
#4197 = ( GEOMETRIC_REPRESENTATION_CONTEXT(2) 
PARAMETRIC_REPRESENTATION_CONTEXT() REPRESENTATION_CONTEXT('2D SPACE',''
  ) );
#4198 = PCURVE('',#1775,#4199);
#4199 = DEFINITIONAL_REPRESENTATION('',(#4200),#4204);
#4200 = LINE('',#4201,#4202);
#4201 = CARTESIAN_POINT('',(0.,0.));
#4202 = VECTOR('',#4203,1.);
#4203 = DIRECTION('',(0.,-1.));
#4204 = ( GEOMETRIC_REPRESENTATION_CONTEXT(2) 
PARAMETRIC_REPRESENTATION_CONTEXT() REPRESENTATION_CONTEXT('2D SPACE',''
  ) );
#4205 = ADVANCED_FACE('',(#4206),#1775,.T.);
#4206 = FACE_BOUND('',#4207,.T.);
#4207 = EDGE_LOOP('',(#4208,#4231,#4232,#4233));
#4208 = ORIENTED_EDGE('',*,*,#4209,.F.);
#4209 = EDGE_CURVE('',#4161,#4210,#4212,.T.);
#4210 = VERTEX_POINT('',#4211);
#4211 = CARTESIAN_POINT('',(225.74121087788,-151.7000951207,2.5));
#4212 = SURFACE_CURVE('',#4213,(#4217,#4224),.PCURVE_S1.);
#4213 = LINE('',#4214,#4215);
#4214 = CARTESIAN_POINT('',(225.58803903048,-152.0670546577,2.5));
#4215 = VECTOR('',#4216,1.);
#4216 = DIRECTION('',(0.385198235244,0.922833852633,0.));
#4217 = PCURVE('',#1775,#4218);
#4218 = DEFINITIONAL_REPRESENTATION('',(#4219),#4223);
#4219 = LINE('',#4220,#4221);
#4220 = CARTESIAN_POINT('',(0.,0.));
#4221 = VECTOR('',#4222,1.);
#4222 = DIRECTION('',(1.,0.));
#4223 = ( GEOMETRIC_REPRESENTATION_CONTEXT(2) 
PARAMETRIC_REPRESENTATION_CONTEXT() REPRESENTATION_CONTEXT('2D SPACE',''
  ) );
#4224 = PCURVE('',#3881,#4225);
#4225 = DEFINITIONAL_REPRESENTATION('',(#4226),#4230);
#4226 = LINE('',#4227,#4228);
#4227 = CARTESIAN_POINT('',(-3.232822424244,-37.48270468447));
#4228 = VECTOR('',#4229,1.);
#4229 = DIRECTION('',(-0.385198235244,0.922833852633));
#4230 = ( GEOMETRIC_REPRESENTATION_CONTEXT(2) 
PARAMETRIC_REPRESENTATION_CONTEXT() REPRESENTATION_CONTEXT('2D SPACE',''
  ) );
#4231 = ORIENTED_EDGE('',*,*,#4185,.T.);
#4232 = ORIENTED_EDGE('',*,*,#1760,.T.);
#4233 = ORIENTED_EDGE('',*,*,#4234,.F.);
#4234 = EDGE_CURVE('',#4210,#1735,#4235,.T.);
#4235 = SURFACE_CURVE('',#4236,(#4240,#4247),.PCURVE_S1.);
#4236 = LINE('',#4237,#4238);
#4237 = CARTESIAN_POINT('',(225.74121087788,-151.7000951207,2.5));
#4238 = VECTOR('',#4239,1.);
#4239 = DIRECTION('',(0.,0.,1.));
#4240 = PCURVE('',#1775,#4241);
#4241 = DEFINITIONAL_REPRESENTATION('',(#4242),#4246);
#4242 = LINE('',#4243,#4244);
#4243 = CARTESIAN_POINT('',(0.397644208589,0.));
#4244 = VECTOR('',#4245,1.);
#4245 = DIRECTION('',(0.,-1.));
#4246 = ( GEOMETRIC_REPRESENTATION_CONTEXT(2) 
PARAMETRIC_REPRESENTATION_CONTEXT() REPRESENTATION_CONTEXT('2D SPACE',''
  ) );
#4247 = PCURVE('',#1749,#4248);
#4248 = DEFINITIONAL_REPRESENTATION('',(#4249),#4253);
#4249 = LINE('',#4250,#4251);
#4250 = CARTESIAN_POINT('',(0.,0.));
#4251 = VECTOR('',#4252,1.);
#4252 = DIRECTION('',(0.,-1.));
#4253 = ( GEOMETRIC_REPRESENTATION_CONTEXT(2) 
PARAMETRIC_REPRESENTATION_CONTEXT() REPRESENTATION_CONTEXT('2D SPACE',''
  ) );
#4254 = ADVANCED_FACE('',(#4255),#1749,.T.);
#4255 = FACE_BOUND('',#4256,.T.);
#4256 = EDGE_LOOP('',(#4257,#4280,#4281,#4282));
#4257 = ORIENTED_EDGE('',*,*,#4258,.F.);
#4258 = EDGE_CURVE('',#4210,#4259,#4261,.T.);
#4259 = VERTEX_POINT('',#4260);
#4260 = CARTESIAN_POINT('',(225.81708965169,-151.3295321074,2.5));
#4261 = SURFACE_CURVE('',#4262,(#4266,#4273),.PCURVE_S1.);
#4262 = LINE('',#4263,#4264);
#4263 = CARTESIAN_POINT('',(225.74121087788,-151.7000951207,2.5));
#4264 = VECTOR('',#4265,1.);
#4265 = DIRECTION('',(0.20060378929,0.979672455325,0.));
#4266 = PCURVE('',#1749,#4267);
#4267 = DEFINITIONAL_REPRESENTATION('',(#4268),#4272);
#4268 = LINE('',#4269,#4270);
#4269 = CARTESIAN_POINT('',(0.,0.));
#4270 = VECTOR('',#4271,1.);
#4271 = DIRECTION('',(1.,0.));
#4272 = ( GEOMETRIC_REPRESENTATION_CONTEXT(2) 
PARAMETRIC_REPRESENTATION_CONTEXT() REPRESENTATION_CONTEXT('2D SPACE',''
  ) );
#4273 = PCURVE('',#3881,#4274);
#4274 = DEFINITIONAL_REPRESENTATION('',(#4275),#4279);
#4275 = LINE('',#4276,#4277);
#4276 = CARTESIAN_POINT('',(-3.385994271648,-37.11574514748));
#4277 = VECTOR('',#4278,1.);
#4278 = DIRECTION('',(-0.20060378929,0.979672455325));
#4279 = ( GEOMETRIC_REPRESENTATION_CONTEXT(2) 
PARAMETRIC_REPRESENTATION_CONTEXT() REPRESENTATION_CONTEXT('2D SPACE',''
  ) );
#4280 = ORIENTED_EDGE('',*,*,#4234,.T.);
#4281 = ORIENTED_EDGE('',*,*,#1734,.T.);
#4282 = ORIENTED_EDGE('',*,*,#4283,.F.);
#4283 = EDGE_CURVE('',#4259,#1709,#4284,.T.);
#4284 = SURFACE_CURVE('',#4285,(#4289,#4296),.PCURVE_S1.);
#4285 = LINE('',#4286,#4287);
#4286 = CARTESIAN_POINT('',(225.81708965169,-151.3295321074,2.5));
#4287 = VECTOR('',#4288,1.);
#4288 = DIRECTION('',(0.,0.,1.));
#4289 = PCURVE('',#1749,#4290);
#4290 = DEFINITIONAL_REPRESENTATION('',(#4291),#4295);
#4291 = LINE('',#4292,#4293);
#4292 = CARTESIAN_POINT('',(0.378251946685,0.));
#4293 = VECTOR('',#4294,1.);
#4294 = DIRECTION('',(0.,-1.));
#4295 = ( GEOMETRIC_REPRESENTATION_CONTEXT(2) 
PARAMETRIC_REPRESENTATION_CONTEXT() REPRESENTATION_CONTEXT('2D SPACE',''
  ) );
#4296 = PCURVE('',#1723,#4297);
#4297 = DEFINITIONAL_REPRESENTATION('',(#4298),#4302);
#4298 = LINE('',#4299,#4300);
#4299 = CARTESIAN_POINT('',(0.,0.));
#4300 = VECTOR('',#4301,1.);
#4301 = DIRECTION('',(0.,-1.));
#4302 = ( GEOMETRIC_REPRESENTATION_CONTEXT(2) 
PARAMETRIC_REPRESENTATION_CONTEXT() REPRESENTATION_CONTEXT('2D SPACE',''
  ) );
#4303 = ADVANCED_FACE('',(#4304),#1723,.T.);
#4304 = FACE_BOUND('',#4305,.T.);
#4305 = EDGE_LOOP('',(#4306,#4329,#4330,#4331));
#4306 = ORIENTED_EDGE('',*,*,#4307,.F.);
#4307 = EDGE_CURVE('',#4259,#4308,#4310,.T.);
#4308 = VERTEX_POINT('',#4309);
#4309 = CARTESIAN_POINT('',(225.8295947,-151.0742090988,2.5));
#4310 = SURFACE_CURVE('',#4311,(#4315,#4322),.PCURVE_S1.);
#4311 = LINE('',#4312,#4313);
#4312 = CARTESIAN_POINT('',(225.81708965169,-151.3295321074,2.5));
#4313 = VECTOR('',#4314,1.);
#4314 = DIRECTION('',(4.891872791142E-02,0.998802762341,0.));
#4315 = PCURVE('',#1723,#4316);
#4316 = DEFINITIONAL_REPRESENTATION('',(#4317),#4321);
#4317 = LINE('',#4318,#4319);
#4318 = CARTESIAN_POINT('',(0.,0.));
#4319 = VECTOR('',#4320,1.);
#4320 = DIRECTION('',(1.,0.));
#4321 = ( GEOMETRIC_REPRESENTATION_CONTEXT(2) 
PARAMETRIC_REPRESENTATION_CONTEXT() REPRESENTATION_CONTEXT('2D SPACE',''
  ) );
#4322 = PCURVE('',#3881,#4323);
#4323 = DEFINITIONAL_REPRESENTATION('',(#4324),#4328);
#4324 = LINE('',#4325,#4326);
#4325 = CARTESIAN_POINT('',(-3.461873045459,-36.74518213414));
#4326 = VECTOR('',#4327,1.);
#4327 = DIRECTION('',(-4.891872791142E-02,0.998802762341));
#4328 = ( GEOMETRIC_REPRESENTATION_CONTEXT(2) 
PARAMETRIC_REPRESENTATION_CONTEXT() REPRESENTATION_CONTEXT('2D SPACE',''
  ) );
#4329 = ORIENTED_EDGE('',*,*,#4283,.T.);
#4330 = ORIENTED_EDGE('',*,*,#1708,.T.);
#4331 = ORIENTED_EDGE('',*,*,#4332,.F.);
#4332 = EDGE_CURVE('',#4308,#1683,#4333,.T.);
#4333 = SURFACE_CURVE('',#4334,(#4338,#4345),.PCURVE_S1.);
#4334 = LINE('',#4335,#4336);
#4335 = CARTESIAN_POINT('',(225.8295947,-151.0742090988,2.5));
#4336 = VECTOR('',#4337,1.);
#4337 = DIRECTION('',(0.,0.,1.));
#4338 = PCURVE('',#1723,#4339);
#4339 = DEFINITIONAL_REPRESENTATION('',(#4340),#4344);
#4340 = LINE('',#4341,#4342);
#4341 = CARTESIAN_POINT('',(0.255629057362,0.));
#4342 = VECTOR('',#4343,1.);
#4343 = DIRECTION('',(0.,-1.));
#4344 = ( GEOMETRIC_REPRESENTATION_CONTEXT(2) 
PARAMETRIC_REPRESENTATION_CONTEXT() REPRESENTATION_CONTEXT('2D SPACE',''
  ) );
#4345 = PCURVE('',#1697,#4346);
#4346 = DEFINITIONAL_REPRESENTATION('',(#4347),#4351);
#4347 = LINE('',#4348,#4349);
#4348 = CARTESIAN_POINT('',(0.,0.));
#4349 = VECTOR('',#4350,1.);
#4350 = DIRECTION('',(0.,-1.));
#4351 = ( GEOMETRIC_REPRESENTATION_CONTEXT(2) 
PARAMETRIC_REPRESENTATION_CONTEXT() REPRESENTATION_CONTEXT('2D SPACE',''
  ) );
#4352 = ADVANCED_FACE('',(#4353),#1697,.T.);
#4353 = FACE_BOUND('',#4354,.T.);
#4354 = EDGE_LOOP('',(#4355,#4378,#4379,#4380));
#4355 = ORIENTED_EDGE('',*,*,#4356,.F.);
#4356 = EDGE_CURVE('',#4308,#4357,#4359,.T.);
#4357 = VERTEX_POINT('',#4358);
#4358 = CARTESIAN_POINT('',(225.8295947,-140.2509102532,2.5));
#4359 = SURFACE_CURVE('',#4360,(#4364,#4371),.PCURVE_S1.);
#4360 = LINE('',#4361,#4362);
#4361 = CARTESIAN_POINT('',(225.8295947,-151.0742090988,2.5));
#4362 = VECTOR('',#4363,1.);
#4363 = DIRECTION('',(0.,1.,0.));
#4364 = PCURVE('',#1697,#4365);
#4365 = DEFINITIONAL_REPRESENTATION('',(#4366),#4370);
#4366 = LINE('',#4367,#4368);
#4367 = CARTESIAN_POINT('',(0.,0.));
#4368 = VECTOR('',#4369,1.);
#4369 = DIRECTION('',(1.,0.));
#4370 = ( GEOMETRIC_REPRESENTATION_CONTEXT(2) 
PARAMETRIC_REPRESENTATION_CONTEXT() REPRESENTATION_CONTEXT('2D SPACE',''
  ) );
#4371 = PCURVE('',#3881,#4372);
#4372 = DEFINITIONAL_REPRESENTATION('',(#4373),#4377);
#4373 = LINE('',#4374,#4375);
#4374 = CARTESIAN_POINT('',(-3.474378093763,-36.48985912551));
#4375 = VECTOR('',#4376,1.);
#4376 = DIRECTION('',(0.,1.));
#4377 = ( GEOMETRIC_REPRESENTATION_CONTEXT(2) 
PARAMETRIC_REPRESENTATION_CONTEXT() REPRESENTATION_CONTEXT('2D SPACE',''
  ) );
#4378 = ORIENTED_EDGE('',*,*,#4332,.T.);
#4379 = ORIENTED_EDGE('',*,*,#1682,.T.);
#4380 = ORIENTED_EDGE('',*,*,#4381,.F.);
#4381 = EDGE_CURVE('',#4357,#1657,#4382,.T.);
#4382 = SURFACE_CURVE('',#4383,(#4387,#4394),.PCURVE_S1.);
#4383 = LINE('',#4384,#4385);
#4384 = CARTESIAN_POINT('',(225.8295947,-140.2509102532,2.5));
#4385 = VECTOR('',#4386,1.);
#4386 = DIRECTION('',(0.,0.,1.));
#4387 = PCURVE('',#1697,#4388);
#4388 = DEFINITIONAL_REPRESENTATION('',(#4389),#4393);
#4389 = LINE('',#4390,#4391);
#4390 = CARTESIAN_POINT('',(10.823298845544,0.));
#4391 = VECTOR('',#4392,1.);
#4392 = DIRECTION('',(0.,-1.));
#4393 = ( GEOMETRIC_REPRESENTATION_CONTEXT(2) 
PARAMETRIC_REPRESENTATION_CONTEXT() REPRESENTATION_CONTEXT('2D SPACE',''
  ) );
#4394 = PCURVE('',#1671,#4395);
#4395 = DEFINITIONAL_REPRESENTATION('',(#4396),#4400);
#4396 = LINE('',#4397,#4398);
#4397 = CARTESIAN_POINT('',(0.,0.));
#4398 = VECTOR('',#4399,1.);
#4399 = DIRECTION('',(0.,-1.));
#4400 = ( GEOMETRIC_REPRESENTATION_CONTEXT(2) 
PARAMETRIC_REPRESENTATION_CONTEXT() REPRESENTATION_CONTEXT('2D SPACE',''
  ) );
#4401 = ADVANCED_FACE('',(#4402),#1671,.T.);
#4402 = FACE_BOUND('',#4403,.T.);
#4403 = EDGE_LOOP('',(#4404,#4427,#4428,#4429));
#4404 = ORIENTED_EDGE('',*,*,#4405,.F.);
#4405 = EDGE_CURVE('',#4357,#4406,#4408,.T.);
#4406 = VERTEX_POINT('',#4407);
#4407 = CARTESIAN_POINT('',(225.84783936633,-139.7428519338,2.5));
#4408 = SURFACE_CURVE('',#4409,(#4413,#4420),.PCURVE_S1.);
#4409 = LINE('',#4410,#4411);
#4410 = CARTESIAN_POINT('',(225.8295947,-140.2509102532,2.5));
#4411 = VECTOR('',#4412,1.);
#4412 = DIRECTION('',(3.588744267797E-02,0.999355838257,0.));
#4413 = PCURVE('',#1671,#4414);
#4414 = DEFINITIONAL_REPRESENTATION('',(#4415),#4419);
#4415 = LINE('',#4416,#4417);
#4416 = CARTESIAN_POINT('',(0.,0.));
#4417 = VECTOR('',#4418,1.);
#4418 = DIRECTION('',(1.,0.));
#4419 = ( GEOMETRIC_REPRESENTATION_CONTEXT(2) 
PARAMETRIC_REPRESENTATION_CONTEXT() REPRESENTATION_CONTEXT('2D SPACE',''
  ) );
#4420 = PCURVE('',#3881,#4421);
#4421 = DEFINITIONAL_REPRESENTATION('',(#4422),#4426);
#4422 = LINE('',#4423,#4424);
#4423 = CARTESIAN_POINT('',(-3.474378093763,-25.66656027997));
#4424 = VECTOR('',#4425,1.);
#4425 = DIRECTION('',(-3.588744267797E-02,0.999355838257));
#4426 = ( GEOMETRIC_REPRESENTATION_CONTEXT(2) 
PARAMETRIC_REPRESENTATION_CONTEXT() REPRESENTATION_CONTEXT('2D SPACE',''
  ) );
#4427 = ORIENTED_EDGE('',*,*,#4381,.T.);
#4428 = ORIENTED_EDGE('',*,*,#1656,.T.);
#4429 = ORIENTED_EDGE('',*,*,#4430,.F.);
#4430 = EDGE_CURVE('',#4406,#1631,#4431,.T.);
#4431 = SURFACE_CURVE('',#4432,(#4436,#4443),.PCURVE_S1.);
#4432 = LINE('',#4433,#4434);
#4433 = CARTESIAN_POINT('',(225.84783936633,-139.7428519338,2.5));
#4434 = VECTOR('',#4435,1.);
#4435 = DIRECTION('',(0.,0.,1.));
#4436 = PCURVE('',#1671,#4437);
#4437 = DEFINITIONAL_REPRESENTATION('',(#4438),#4442);
#4438 = LINE('',#4439,#4440);
#4439 = CARTESIAN_POINT('',(0.508385802133,0.));
#4440 = VECTOR('',#4441,1.);
#4441 = DIRECTION('',(0.,-1.));
#4442 = ( GEOMETRIC_REPRESENTATION_CONTEXT(2) 
PARAMETRIC_REPRESENTATION_CONTEXT() REPRESENTATION_CONTEXT('2D SPACE',''
  ) );
#4443 = PCURVE('',#1645,#4444);
#4444 = DEFINITIONAL_REPRESENTATION('',(#4445),#4449);
#4445 = LINE('',#4446,#4447);
#4446 = CARTESIAN_POINT('',(0.,0.));
#4447 = VECTOR('',#4448,1.);
#4448 = DIRECTION('',(0.,-1.));
#4449 = ( GEOMETRIC_REPRESENTATION_CONTEXT(2) 
PARAMETRIC_REPRESENTATION_CONTEXT() REPRESENTATION_CONTEXT('2D SPACE',''
  ) );
#4450 = ADVANCED_FACE('',(#4451),#1645,.T.);
#4451 = FACE_BOUND('',#4452,.T.);
#4452 = EDGE_LOOP('',(#4453,#4476,#4477,#4478));
#4453 = ORIENTED_EDGE('',*,*,#4454,.F.);
#4454 = EDGE_CURVE('',#4406,#4455,#4457,.T.);
#4455 = VERTEX_POINT('',#4456);
#4456 = CARTESIAN_POINT('',(225.92813986684,-139.0749321773,2.5));
#4457 = SURFACE_CURVE('',#4458,(#4462,#4469),.PCURVE_S1.);
#4458 = LINE('',#4459,#4460);
#4459 = CARTESIAN_POINT('',(225.84783936633,-139.7428519338,2.5));
#4460 = VECTOR('',#4461,1.);
#4461 = DIRECTION('',(0.119365214811,0.99285041446,0.));
#4462 = PCURVE('',#1645,#4463);
#4463 = DEFINITIONAL_REPRESENTATION('',(#4464),#4468);
#4464 = LINE('',#4465,#4466);
#4465 = CARTESIAN_POINT('',(0.,0.));
#4466 = VECTOR('',#4467,1.);
#4467 = DIRECTION('',(1.,0.));
#4468 = ( GEOMETRIC_REPRESENTATION_CONTEXT(2) 
PARAMETRIC_REPRESENTATION_CONTEXT() REPRESENTATION_CONTEXT('2D SPACE',''
  ) );
#4469 = PCURVE('',#3881,#4470);
#4470 = DEFINITIONAL_REPRESENTATION('',(#4471),#4475);
#4471 = LINE('',#4472,#4473);
#4472 = CARTESIAN_POINT('',(-3.492622760095,-25.15850196052));
#4473 = VECTOR('',#4474,1.);
#4474 = DIRECTION('',(-0.119365214811,0.99285041446));
#4475 = ( GEOMETRIC_REPRESENTATION_CONTEXT(2) 
PARAMETRIC_REPRESENTATION_CONTEXT() REPRESENTATION_CONTEXT('2D SPACE',''
  ) );
#4476 = ORIENTED_EDGE('',*,*,#4430,.T.);
#4477 = ORIENTED_EDGE('',*,*,#1630,.T.);
#4478 = ORIENTED_EDGE('',*,*,#4479,.F.);
#4479 = EDGE_CURVE('',#4455,#1605,#4480,.T.);
#4480 = SURFACE_CURVE('',#4481,(#4485,#4492),.PCURVE_S1.);
#4481 = LINE('',#4482,#4483);
#4482 = CARTESIAN_POINT('',(225.92813986684,-139.0749321773,2.5));
#4483 = VECTOR('',#4484,1.);
#4484 = DIRECTION('',(0.,0.,1.));
#4485 = PCURVE('',#1645,#4486);
#4486 = DEFINITIONAL_REPRESENTATION('',(#4487),#4491);
#4487 = LINE('',#4488,#4489);
#4488 = CARTESIAN_POINT('',(0.672729493585,0.));
#4489 = VECTOR('',#4490,1.);
#4490 = DIRECTION('',(0.,-1.));
#4491 = ( GEOMETRIC_REPRESENTATION_CONTEXT(2) 
PARAMETRIC_REPRESENTATION_CONTEXT() REPRESENTATION_CONTEXT('2D SPACE',''
  ) );
#4492 = PCURVE('',#1619,#4493);
#4493 = DEFINITIONAL_REPRESENTATION('',(#4494),#4498);
#4494 = LINE('',#4495,#4496);
#4495 = CARTESIAN_POINT('',(0.,0.));
#4496 = VECTOR('',#4497,1.);
#4497 = DIRECTION('',(0.,-1.));
#4498 = ( GEOMETRIC_REPRESENTATION_CONTEXT(2) 
PARAMETRIC_REPRESENTATION_CONTEXT() REPRESENTATION_CONTEXT('2D SPACE',''
  ) );
#4499 = ADVANCED_FACE('',(#4500),#1619,.T.);
#4500 = FACE_BOUND('',#4501,.T.);
#4501 = EDGE_LOOP('',(#4502,#4525,#4526,#4527));
#4502 = ORIENTED_EDGE('',*,*,#4503,.F.);
#4503 = EDGE_CURVE('',#4455,#4504,#4506,.T.);
#4504 = VERTEX_POINT('',#4505);
#4505 = CARTESIAN_POINT('',(226.07190873671,-138.4177446214,2.5));
#4506 = SURFACE_CURVE('',#4507,(#4511,#4518),.PCURVE_S1.);
#4507 = LINE('',#4508,#4509);
#4508 = CARTESIAN_POINT('',(225.92813986684,-139.0749321773,2.5));
#4509 = VECTOR('',#4510,1.);
#4510 = DIRECTION('',(0.213709776721,0.976897195888,0.));
#4511 = PCURVE('',#1619,#4512);
#4512 = DEFINITIONAL_REPRESENTATION('',(#4513),#4517);
#4513 = LINE('',#4514,#4515);
#4514 = CARTESIAN_POINT('',(0.,0.));
#4515 = VECTOR('',#4516,1.);
#4516 = DIRECTION('',(1.,0.));
#4517 = ( GEOMETRIC_REPRESENTATION_CONTEXT(2) 
PARAMETRIC_REPRESENTATION_CONTEXT() REPRESENTATION_CONTEXT('2D SPACE',''
  ) );
#4518 = PCURVE('',#3881,#4519);
#4519 = DEFINITIONAL_REPRESENTATION('',(#4520),#4524);
#4520 = LINE('',#4521,#4522);
#4521 = CARTESIAN_POINT('',(-3.572923260606,-24.49058220399));
#4522 = VECTOR('',#4523,1.);
#4523 = DIRECTION('',(-0.213709776721,0.976897195888));
#4524 = ( GEOMETRIC_REPRESENTATION_CONTEXT(2) 
PARAMETRIC_REPRESENTATION_CONTEXT() REPRESENTATION_CONTEXT('2D SPACE',''
  ) );
#4525 = ORIENTED_EDGE('',*,*,#4479,.T.);
#4526 = ORIENTED_EDGE('',*,*,#1604,.T.);
#4527 = ORIENTED_EDGE('',*,*,#4528,.F.);
#4528 = EDGE_CURVE('',#4504,#1579,#4529,.T.);
#4529 = SURFACE_CURVE('',#4530,(#4534,#4541),.PCURVE_S1.);
#4530 = LINE('',#4531,#4532);
#4531 = CARTESIAN_POINT('',(226.07190873671,-138.4177446214,2.5));
#4532 = VECTOR('',#4533,1.);
#4533 = DIRECTION('',(0.,0.,1.));
#4534 = PCURVE('',#1619,#4535);
#4535 = DEFINITIONAL_REPRESENTATION('',(#4536),#4540);
#4536 = LINE('',#4537,#4538);
#4537 = CARTESIAN_POINT('',(0.672729493585,0.));
#4538 = VECTOR('',#4539,1.);
#4539 = DIRECTION('',(0.,-1.));
#4540 = ( GEOMETRIC_REPRESENTATION_CONTEXT(2) 
PARAMETRIC_REPRESENTATION_CONTEXT() REPRESENTATION_CONTEXT('2D SPACE',''
  ) );
#4541 = PCURVE('',#1593,#4542);
#4542 = DEFINITIONAL_REPRESENTATION('',(#4543),#4547);
#4543 = LINE('',#4544,#4545);
#4544 = CARTESIAN_POINT('',(0.,0.));
#4545 = VECTOR('',#4546,1.);
#4546 = DIRECTION('',(0.,-1.));
#4547 = ( GEOMETRIC_REPRESENTATION_CONTEXT(2) 
PARAMETRIC_REPRESENTATION_CONTEXT() REPRESENTATION_CONTEXT('2D SPACE',''
  ) );
#4548 = ADVANCED_FACE('',(#4549),#1593,.T.);
#4549 = FACE_BOUND('',#4550,.T.);
#4550 = EDGE_LOOP('',(#4551,#4574,#4575,#4576));
#4551 = ORIENTED_EDGE('',*,*,#4552,.F.);
#4552 = EDGE_CURVE('',#4504,#4553,#4555,.T.);
#4553 = VERTEX_POINT('',#4554);
#4554 = CARTESIAN_POINT('',(226.21995860237,-137.9376542397,2.5));
#4555 = SURFACE_CURVE('',#4556,(#4560,#4567),.PCURVE_S1.);
#4556 = LINE('',#4557,#4558);
#4557 = CARTESIAN_POINT('',(226.07190873671,-138.4177446214,2.5));
#4558 = VECTOR('',#4559,1.);
#4559 = DIRECTION('',(0.294685372181,0.955594334131,0.));
#4560 = PCURVE('',#1593,#4561);
#4561 = DEFINITIONAL_REPRESENTATION('',(#4562),#4566);
#4562 = LINE('',#4563,#4564);
#4563 = CARTESIAN_POINT('',(0.,0.));
#4564 = VECTOR('',#4565,1.);
#4565 = DIRECTION('',(1.,0.));
#4566 = ( GEOMETRIC_REPRESENTATION_CONTEXT(2) 
PARAMETRIC_REPRESENTATION_CONTEXT() REPRESENTATION_CONTEXT('2D SPACE',''
  ) );
#4567 = PCURVE('',#3881,#4568);
#4568 = DEFINITIONAL_REPRESENTATION('',(#4569),#4573);
#4569 = LINE('',#4570,#4571);
#4570 = CARTESIAN_POINT('',(-3.716692130474,-23.83339464812));
#4571 = VECTOR('',#4572,1.);
#4572 = DIRECTION('',(-0.294685372181,0.955594334131));
#4573 = ( GEOMETRIC_REPRESENTATION_CONTEXT(2) 
PARAMETRIC_REPRESENTATION_CONTEXT() REPRESENTATION_CONTEXT('2D SPACE',''
  ) );
#4574 = ORIENTED_EDGE('',*,*,#4528,.T.);
#4575 = ORIENTED_EDGE('',*,*,#1578,.T.);
#4576 = ORIENTED_EDGE('',*,*,#4577,.F.);
#4577 = EDGE_CURVE('',#4553,#1553,#4578,.T.);
#4578 = SURFACE_CURVE('',#4579,(#4583,#4590),.PCURVE_S1.);
#4579 = LINE('',#4580,#4581);
#4580 = CARTESIAN_POINT('',(226.21995860237,-137.9376542397,2.5));
#4581 = VECTOR('',#4582,1.);
#4582 = DIRECTION('',(0.,0.,1.));
#4583 = PCURVE('',#1593,#4584);
#4584 = DEFINITIONAL_REPRESENTATION('',(#4585),#4589);
#4585 = LINE('',#4586,#4587);
#4586 = CARTESIAN_POINT('',(0.502399778323,0.));
#4587 = VECTOR('',#4588,1.);
#4588 = DIRECTION('',(0.,-1.));
#4589 = ( GEOMETRIC_REPRESENTATION_CONTEXT(2) 
PARAMETRIC_REPRESENTATION_CONTEXT() REPRESENTATION_CONTEXT('2D SPACE',''
  ) );
#4590 = PCURVE('',#1567,#4591);
#4591 = DEFINITIONAL_REPRESENTATION('',(#4592),#4596);
#4592 = LINE('',#4593,#4594);
#4593 = CARTESIAN_POINT('',(0.,0.));
#4594 = VECTOR('',#4595,1.);
#4595 = DIRECTION('',(0.,-1.));
#4596 = ( GEOMETRIC_REPRESENTATION_CONTEXT(2) 
PARAMETRIC_REPRESENTATION_CONTEXT() REPRESENTATION_CONTEXT('2D SPACE',''
  ) );
#4597 = ADVANCED_FACE('',(#4598),#1567,.T.);
#4598 = FACE_BOUND('',#4599,.T.);
#4599 = EDGE_LOOP('',(#4600,#4623,#4624,#4625));
#4600 = ORIENTED_EDGE('',*,*,#4601,.F.);
#4601 = EDGE_CURVE('',#4553,#4602,#4604,.T.);
#4602 = VERTEX_POINT('',#4603);
#4603 = CARTESIAN_POINT('',(226.33498086022,-137.6310968481,2.5));
#4604 = SURFACE_CURVE('',#4605,(#4609,#4616),.PCURVE_S1.);
#4605 = LINE('',#4606,#4607);
#4606 = CARTESIAN_POINT('',(226.21995860237,-137.9376542397,2.5));
#4607 = VECTOR('',#4608,1.);
#4608 = DIRECTION('',(0.351292756086,0.93626566717,0.));
#4609 = PCURVE('',#1567,#4610);
#4610 = DEFINITIONAL_REPRESENTATION('',(#4611),#4615);
#4611 = LINE('',#4612,#4613);
#4612 = CARTESIAN_POINT('',(0.,0.));
#4613 = VECTOR('',#4614,1.);
#4614 = DIRECTION('',(1.,0.));
#4615 = ( GEOMETRIC_REPRESENTATION_CONTEXT(2) 
PARAMETRIC_REPRESENTATION_CONTEXT() REPRESENTATION_CONTEXT('2D SPACE',''
  ) );
#4616 = PCURVE('',#3881,#4617);
#4617 = DEFINITIONAL_REPRESENTATION('',(#4618),#4622);
#4618 = LINE('',#4619,#4620);
#4619 = CARTESIAN_POINT('',(-3.864741996133,-23.35330426648));
#4620 = VECTOR('',#4621,1.);
#4621 = DIRECTION('',(-0.351292756086,0.93626566717));
#4622 = ( GEOMETRIC_REPRESENTATION_CONTEXT(2) 
PARAMETRIC_REPRESENTATION_CONTEXT() REPRESENTATION_CONTEXT('2D SPACE',''
  ) );
#4623 = ORIENTED_EDGE('',*,*,#4577,.T.);
#4624 = ORIENTED_EDGE('',*,*,#1552,.T.);
#4625 = ORIENTED_EDGE('',*,*,#4626,.F.);
#4626 = EDGE_CURVE('',#4602,#1527,#4627,.T.);
#4627 = SURFACE_CURVE('',#4628,(#4632,#4639),.PCURVE_S1.);
#4628 = LINE('',#4629,#4630);
#4629 = CARTESIAN_POINT('',(226.33498086022,-137.6310968481,2.5));
#4630 = VECTOR('',#4631,1.);
#4631 = DIRECTION('',(0.,0.,1.));
#4632 = PCURVE('',#1567,#4633);
#4633 = DEFINITIONAL_REPRESENTATION('',(#4634),#4638);
#4634 = LINE('',#4635,#4636);
#4635 = CARTESIAN_POINT('',(0.327425646748,0.));
#4636 = VECTOR('',#4637,1.);
#4637 = DIRECTION('',(0.,-1.));
#4638 = ( GEOMETRIC_REPRESENTATION_CONTEXT(2) 
PARAMETRIC_REPRESENTATION_CONTEXT() REPRESENTATION_CONTEXT('2D SPACE',''
  ) );
#4639 = PCURVE('',#1541,#4640);
#4640 = DEFINITIONAL_REPRESENTATION('',(#4641),#4645);
#4641 = LINE('',#4642,#4643);
#4642 = CARTESIAN_POINT('',(0.,0.));
#4643 = VECTOR('',#4644,1.);
#4644 = DIRECTION('',(0.,-1.));
#4645 = ( GEOMETRIC_REPRESENTATION_CONTEXT(2) 
PARAMETRIC_REPRESENTATION_CONTEXT() REPRESENTATION_CONTEXT('2D SPACE',''
  ) );
#4646 = ADVANCED_FACE('',(#4647),#1541,.T.);
#4647 = FACE_BOUND('',#4648,.T.);
#4648 = EDGE_LOOP('',(#4649,#4672,#4673,#4674));
#4649 = ORIENTED_EDGE('',*,*,#4650,.F.);
#4650 = EDGE_CURVE('',#4602,#4651,#4653,.T.);
#4651 = VERTEX_POINT('',#4652);
#4652 = CARTESIAN_POINT('',(226.7232670666,-136.7587299906,2.5));
#4653 = SURFACE_CURVE('',#4654,(#4658,#4665),.PCURVE_S1.);
#4654 = LINE('',#4655,#4656);
#4655 = CARTESIAN_POINT('',(226.33498086022,-137.6310968481,2.5));
#4656 = VECTOR('',#4657,1.);
#4657 = DIRECTION('',(0.406634781858,0.913590802374,0.));
#4658 = PCURVE('',#1541,#4659);
#4659 = DEFINITIONAL_REPRESENTATION('',(#4660),#4664);
#4660 = LINE('',#4661,#4662);
#4661 = CARTESIAN_POINT('',(0.,0.));
#4662 = VECTOR('',#4663,1.);
#4663 = DIRECTION('',(1.,0.));
#4664 = ( GEOMETRIC_REPRESENTATION_CONTEXT(2) 
PARAMETRIC_REPRESENTATION_CONTEXT() REPRESENTATION_CONTEXT('2D SPACE',''
  ) );
#4665 = PCURVE('',#3881,#4666);
#4666 = DEFINITIONAL_REPRESENTATION('',(#4667),#4671);
#4667 = LINE('',#4668,#4669);
#4668 = CARTESIAN_POINT('',(-3.979764253992,-23.04674687488));
#4669 = VECTOR('',#4670,1.);
#4670 = DIRECTION('',(-0.406634781858,0.913590802374));
#4671 = ( GEOMETRIC_REPRESENTATION_CONTEXT(2) 
PARAMETRIC_REPRESENTATION_CONTEXT() REPRESENTATION_CONTEXT('2D SPACE',''
  ) );
#4672 = ORIENTED_EDGE('',*,*,#4626,.T.);
#4673 = ORIENTED_EDGE('',*,*,#1526,.T.);
#4674 = ORIENTED_EDGE('',*,*,#4675,.F.);
#4675 = EDGE_CURVE('',#4651,#1501,#4676,.T.);
#4676 = SURFACE_CURVE('',#4677,(#4681,#4688),.PCURVE_S1.);
#4677 = LINE('',#4678,#4679);
#4678 = CARTESIAN_POINT('',(226.7232670666,-136.7587299906,2.5));
#4679 = VECTOR('',#4680,1.);
#4680 = DIRECTION('',(0.,0.,1.));
#4681 = PCURVE('',#1541,#4682);
#4682 = DEFINITIONAL_REPRESENTATION('',(#4683),#4687);
#4683 = LINE('',#4684,#4685);
#4684 = CARTESIAN_POINT('',(0.954877014219,0.));
#4685 = VECTOR('',#4686,1.);
#4686 = DIRECTION('',(0.,-1.));
#4687 = ( GEOMETRIC_REPRESENTATION_CONTEXT(2) 
PARAMETRIC_REPRESENTATION_CONTEXT() REPRESENTATION_CONTEXT('2D SPACE',''
  ) );
#4688 = PCURVE('',#1515,#4689);
#4689 = DEFINITIONAL_REPRESENTATION('',(#4690),#4694);
#4690 = LINE('',#4691,#4692);
#4691 = CARTESIAN_POINT('',(0.,0.));
#4692 = VECTOR('',#4693,1.);
#4693 = DIRECTION('',(0.,-1.));
#4694 = ( GEOMETRIC_REPRESENTATION_CONTEXT(2) 
PARAMETRIC_REPRESENTATION_CONTEXT() REPRESENTATION_CONTEXT('2D SPACE',''
  ) );
#4695 = ADVANCED_FACE('',(#4696),#1515,.T.);
#4696 = FACE_BOUND('',#4697,.T.);
#4697 = EDGE_LOOP('',(#4698,#4721,#4722,#4723));
#4698 = ORIENTED_EDGE('',*,*,#4699,.F.);
#4699 = EDGE_CURVE('',#4651,#4700,#4702,.T.);
#4700 = VERTEX_POINT('',#4701);
#4701 = CARTESIAN_POINT('',(226.79717217893,-136.4678655038,2.5));
#4702 = SURFACE_CURVE('',#4703,(#4707,#4714),.PCURVE_S1.);
#4703 = LINE('',#4704,#4705);
#4704 = CARTESIAN_POINT('',(226.7232670666,-136.7587299906,2.5));
#4705 = VECTOR('',#4706,1.);
#4706 = DIRECTION('',(0.246262672234,0.969203124357,0.));
#4707 = PCURVE('',#1515,#4708);
#4708 = DEFINITIONAL_REPRESENTATION('',(#4709),#4713);
#4709 = LINE('',#4710,#4711);
#4710 = CARTESIAN_POINT('',(0.,0.));
#4711 = VECTOR('',#4712,1.);
#4712 = DIRECTION('',(1.,0.));
#4713 = ( GEOMETRIC_REPRESENTATION_CONTEXT(2) 
PARAMETRIC_REPRESENTATION_CONTEXT() REPRESENTATION_CONTEXT('2D SPACE',''
  ) );
#4714 = PCURVE('',#3881,#4715);
#4715 = DEFINITIONAL_REPRESENTATION('',(#4716),#4720);
#4716 = LINE('',#4717,#4718);
#4717 = CARTESIAN_POINT('',(-4.36805046037,-22.17438001729));
#4718 = VECTOR('',#4719,1.);
#4719 = DIRECTION('',(-0.246262672234,0.969203124357));
#4720 = ( GEOMETRIC_REPRESENTATION_CONTEXT(2) 
PARAMETRIC_REPRESENTATION_CONTEXT() REPRESENTATION_CONTEXT('2D SPACE',''
  ) );
#4721 = ORIENTED_EDGE('',*,*,#4675,.T.);
#4722 = ORIENTED_EDGE('',*,*,#1500,.T.);
#4723 = ORIENTED_EDGE('',*,*,#4724,.F.);
#4724 = EDGE_CURVE('',#4700,#1475,#4725,.T.);
#4725 = SURFACE_CURVE('',#4726,(#4730,#4737),.PCURVE_S1.);
#4726 = LINE('',#4727,#4728);
#4727 = CARTESIAN_POINT('',(226.79717217893,-136.4678655038,2.5));
#4728 = VECTOR('',#4729,1.);
#4729 = DIRECTION('',(0.,0.,1.));
#4730 = PCURVE('',#1515,#4731);
#4731 = DEFINITIONAL_REPRESENTATION('',(#4732),#4736);
#4732 = LINE('',#4733,#4734);
#4733 = CARTESIAN_POINT('',(0.30010683982,0.));
#4734 = VECTOR('',#4735,1.);
#4735 = DIRECTION('',(0.,-1.));
#4736 = ( GEOMETRIC_REPRESENTATION_CONTEXT(2) 
PARAMETRIC_REPRESENTATION_CONTEXT() REPRESENTATION_CONTEXT('2D SPACE',''
  ) );
#4737 = PCURVE('',#1489,#4738);
#4738 = DEFINITIONAL_REPRESENTATION('',(#4739),#4743);
#4739 = LINE('',#4740,#4741);
#4740 = CARTESIAN_POINT('',(0.,0.));
#4741 = VECTOR('',#4742,1.);
#4742 = DIRECTION('',(0.,-1.));
#4743 = ( GEOMETRIC_REPRESENTATION_CONTEXT(2) 
PARAMETRIC_REPRESENTATION_CONTEXT() REPRESENTATION_CONTEXT('2D SPACE',''
  ) );
#4744 = ADVANCED_FACE('',(#4745),#1489,.T.);
#4745 = FACE_BOUND('',#4746,.T.);
#4746 = EDGE_LOOP('',(#4747,#4770,#4771,#4772));
#4747 = ORIENTED_EDGE('',*,*,#4748,.F.);
#4748 = EDGE_CURVE('',#4700,#4749,#4751,.T.);
#4749 = VERTEX_POINT('',#4750);
#4750 = CARTESIAN_POINT('',(226.82857831923,-136.157040459,2.5));
#4751 = SURFACE_CURVE('',#4752,(#4756,#4763),.PCURVE_S1.);
#4752 = LINE('',#4753,#4754);
#4753 = CARTESIAN_POINT('',(226.79717217893,-136.4678655038,2.5));
#4754 = VECTOR('',#4755,1.);
#4755 = DIRECTION('',(0.100529350021,0.994934093186,0.));
#4756 = PCURVE('',#1489,#4757);
#4757 = DEFINITIONAL_REPRESENTATION('',(#4758),#4762);
#4758 = LINE('',#4759,#4760);
#4759 = CARTESIAN_POINT('',(0.,0.));
#4760 = VECTOR('',#4761,1.);
#4761 = DIRECTION('',(1.,0.));
#4762 = ( GEOMETRIC_REPRESENTATION_CONTEXT(2) 
PARAMETRIC_REPRESENTATION_CONTEXT() REPRESENTATION_CONTEXT('2D SPACE',''
  ) );
#4763 = PCURVE('',#3881,#4764);
#4764 = DEFINITIONAL_REPRESENTATION('',(#4765),#4769);
#4765 = LINE('',#4766,#4767);
#4766 = CARTESIAN_POINT('',(-4.4419555727,-21.8835155305));
#4767 = VECTOR('',#4768,1.);
#4768 = DIRECTION('',(-0.100529350021,0.994934093186));
#4769 = ( GEOMETRIC_REPRESENTATION_CONTEXT(2) 
PARAMETRIC_REPRESENTATION_CONTEXT() REPRESENTATION_CONTEXT('2D SPACE',''
  ) );
#4770 = ORIENTED_EDGE('',*,*,#4724,.T.);
#4771 = ORIENTED_EDGE('',*,*,#1474,.T.);
#4772 = ORIENTED_EDGE('',*,*,#4773,.F.);
#4773 = EDGE_CURVE('',#4749,#1449,#4774,.T.);
#4774 = SURFACE_CURVE('',#4775,(#4779,#4786),.PCURVE_S1.);
#4775 = LINE('',#4776,#4777);
#4776 = CARTESIAN_POINT('',(226.82857831923,-136.157040459,2.5));
#4777 = VECTOR('',#4778,1.);
#4778 = DIRECTION('',(0.,0.,1.));
#4779 = PCURVE('',#1489,#4780);
#4780 = DEFINITIONAL_REPRESENTATION('',(#4781),#4785);
#4781 = LINE('',#4782,#4783);
#4782 = CARTESIAN_POINT('',(0.31240767287,0.));
#4783 = VECTOR('',#4784,1.);
#4784 = DIRECTION('',(0.,-1.));
#4785 = ( GEOMETRIC_REPRESENTATION_CONTEXT(2) 
PARAMETRIC_REPRESENTATION_CONTEXT() REPRESENTATION_CONTEXT('2D SPACE',''
  ) );
#4786 = PCURVE('',#1463,#4787);
#4787 = DEFINITIONAL_REPRESENTATION('',(#4788),#4792);
#4788 = LINE('',#4789,#4790);
#4789 = CARTESIAN_POINT('',(0.,0.));
#4790 = VECTOR('',#4791,1.);
#4791 = DIRECTION('',(0.,-1.));
#4792 = ( GEOMETRIC_REPRESENTATION_CONTEXT(2) 
PARAMETRIC_REPRESENTATION_CONTEXT() REPRESENTATION_CONTEXT('2D SPACE',''
  ) );
#4793 = ADVANCED_FACE('',(#4794),#1463,.T.);
#4794 = FACE_BOUND('',#4795,.T.);
#4795 = EDGE_LOOP('',(#4796,#4819,#4820,#4821));
#4796 = ORIENTED_EDGE('',*,*,#4797,.F.);
#4797 = EDGE_CURVE('',#4749,#4798,#4800,.T.);
#4798 = VERTEX_POINT('',#4799);
#4799 = CARTESIAN_POINT('',(226.82959469982,-98.16626247785,2.5));
#4800 = SURFACE_CURVE('',#4801,(#4805,#4812),.PCURVE_S1.);
#4801 = LINE('',#4802,#4803);
#4802 = CARTESIAN_POINT('',(226.82857831923,-136.157040459,2.5));
#4803 = VECTOR('',#4804,1.);
#4804 = DIRECTION('',(2.675335020121E-05,0.999999999642,0.));
#4805 = PCURVE('',#1463,#4806);
#4806 = DEFINITIONAL_REPRESENTATION('',(#4807),#4811);
#4807 = LINE('',#4808,#4809);
#4808 = CARTESIAN_POINT('',(0.,0.));
#4809 = VECTOR('',#4810,1.);
#4810 = DIRECTION('',(1.,0.));
#4811 = ( GEOMETRIC_REPRESENTATION_CONTEXT(2) 
PARAMETRIC_REPRESENTATION_CONTEXT() REPRESENTATION_CONTEXT('2D SPACE',''
  ) );
#4812 = PCURVE('',#3881,#4813);
#4813 = DEFINITIONAL_REPRESENTATION('',(#4814),#4818);
#4814 = LINE('',#4815,#4816);
#4815 = CARTESIAN_POINT('',(-4.473361712995,-21.57269048579));
#4816 = VECTOR('',#4817,1.);
#4817 = DIRECTION('',(-2.675335020121E-05,0.999999999642));
#4818 = ( GEOMETRIC_REPRESENTATION_CONTEXT(2) 
PARAMETRIC_REPRESENTATION_CONTEXT() REPRESENTATION_CONTEXT('2D SPACE',''
  ) );
#4819 = ORIENTED_EDGE('',*,*,#4773,.T.);
#4820 = ORIENTED_EDGE('',*,*,#1448,.T.);
#4821 = ORIENTED_EDGE('',*,*,#4822,.F.);
#4822 = EDGE_CURVE('',#4798,#1423,#4823,.T.);
#4823 = SURFACE_CURVE('',#4824,(#4828,#4835),.PCURVE_S1.);
#4824 = LINE('',#4825,#4826);
#4825 = CARTESIAN_POINT('',(226.82959469982,-98.16626247785,2.5));
#4826 = VECTOR('',#4827,1.);
#4827 = DIRECTION('',(0.,0.,1.));
#4828 = PCURVE('',#1463,#4829);
#4829 = DEFINITIONAL_REPRESENTATION('',(#4830),#4834);
#4830 = LINE('',#4831,#4832);
#4831 = CARTESIAN_POINT('',(37.990777994834,0.));
#4832 = VECTOR('',#4833,1.);
#4833 = DIRECTION('',(0.,-1.));
#4834 = ( GEOMETRIC_REPRESENTATION_CONTEXT(2) 
PARAMETRIC_REPRESENTATION_CONTEXT() REPRESENTATION_CONTEXT('2D SPACE',''
  ) );
#4835 = PCURVE('',#1437,#4836);
#4836 = DEFINITIONAL_REPRESENTATION('',(#4837),#4841);
#4837 = LINE('',#4838,#4839);
#4838 = CARTESIAN_POINT('',(0.,0.));
#4839 = VECTOR('',#4840,1.);
#4840 = DIRECTION('',(0.,-1.));
#4841 = ( GEOMETRIC_REPRESENTATION_CONTEXT(2) 
PARAMETRIC_REPRESENTATION_CONTEXT() REPRESENTATION_CONTEXT('2D SPACE',''
  ) );
#4842 = ADVANCED_FACE('',(#4843),#1437,.T.);
#4843 = FACE_BOUND('',#4844,.T.);
#4844 = EDGE_LOOP('',(#4845,#4868,#4869,#4870));
#4845 = ORIENTED_EDGE('',*,*,#4846,.F.);
#4846 = EDGE_CURVE('',#4798,#4847,#4849,.T.);
#4847 = VERTEX_POINT('',#4848);
#4848 = CARTESIAN_POINT('',(226.78043395364,-97.68844395514,2.5));
#4849 = SURFACE_CURVE('',#4850,(#4854,#4861),.PCURVE_S1.);
#4850 = LINE('',#4851,#4852);
#4851 = CARTESIAN_POINT('',(226.82959469982,-98.16626247785,2.5));
#4852 = VECTOR('',#4853,1.);
#4853 = DIRECTION('',(-0.102345547991,0.994748907417,0.));
#4854 = PCURVE('',#1437,#4855);
#4855 = DEFINITIONAL_REPRESENTATION('',(#4856),#4860);
#4856 = LINE('',#4857,#4858);
#4857 = CARTESIAN_POINT('',(0.,0.));
#4858 = VECTOR('',#4859,1.);
#4859 = DIRECTION('',(1.,0.));
#4860 = ( GEOMETRIC_REPRESENTATION_CONTEXT(2) 
PARAMETRIC_REPRESENTATION_CONTEXT() REPRESENTATION_CONTEXT('2D SPACE',''
  ) );
#4861 = PCURVE('',#3881,#4862);
#4862 = DEFINITIONAL_REPRESENTATION('',(#4863),#4867);
#4863 = LINE('',#4864,#4865);
#4864 = CARTESIAN_POINT('',(-4.474378093584,16.418087495446));
#4865 = VECTOR('',#4866,1.);
#4866 = DIRECTION('',(0.102345547991,0.994748907417));
#4867 = ( GEOMETRIC_REPRESENTATION_CONTEXT(2) 
PARAMETRIC_REPRESENTATION_CONTEXT() REPRESENTATION_CONTEXT('2D SPACE',''
  ) );
#4868 = ORIENTED_EDGE('',*,*,#4822,.T.);
#4869 = ORIENTED_EDGE('',*,*,#1422,.T.);
#4870 = ORIENTED_EDGE('',*,*,#4871,.F.);
#4871 = EDGE_CURVE('',#4847,#1397,#4872,.T.);
#4872 = SURFACE_CURVE('',#4873,(#4877,#4884),.PCURVE_S1.);
#4873 = LINE('',#4874,#4875);
#4874 = CARTESIAN_POINT('',(226.78043395364,-97.68844395514,2.5));
#4875 = VECTOR('',#4876,1.);
#4876 = DIRECTION('',(0.,0.,1.));
#4877 = PCURVE('',#1437,#4878);
#4878 = DEFINITIONAL_REPRESENTATION('',(#4879),#4883);
#4879 = LINE('',#4880,#4881);
#4880 = CARTESIAN_POINT('',(0.480340836916,0.));
#4881 = VECTOR('',#4882,1.);
#4882 = DIRECTION('',(0.,-1.));
#4883 = ( GEOMETRIC_REPRESENTATION_CONTEXT(2) 
PARAMETRIC_REPRESENTATION_CONTEXT() REPRESENTATION_CONTEXT('2D SPACE',''
  ) );
#4884 = PCURVE('',#1411,#4885);
#4885 = DEFINITIONAL_REPRESENTATION('',(#4886),#4890);
#4886 = LINE('',#4887,#4888);
#4887 = CARTESIAN_POINT('',(0.,0.));
#4888 = VECTOR('',#4889,1.);
#4889 = DIRECTION('',(0.,-1.));
#4890 = ( GEOMETRIC_REPRESENTATION_CONTEXT(2) 
PARAMETRIC_REPRESENTATION_CONTEXT() REPRESENTATION_CONTEXT('2D SPACE',''
  ) );
#4891 = ADVANCED_FACE('',(#4892),#1411,.T.);
#4892 = FACE_BOUND('',#4893,.T.);
#4893 = EDGE_LOOP('',(#4894,#4917,#4918,#4919));
#4894 = ORIENTED_EDGE('',*,*,#4895,.F.);
#4895 = EDGE_CURVE('',#4847,#4896,#4898,.T.);
#4896 = VERTEX_POINT('',#4897);
#4897 = CARTESIAN_POINT('',(226.6778941966,-97.36128168699,2.5));
#4898 = SURFACE_CURVE('',#4899,(#4903,#4910),.PCURVE_S1.);
#4899 = LINE('',#4900,#4901);
#4900 = CARTESIAN_POINT('',(226.78043395364,-97.68844395514,2.5));
#4901 = VECTOR('',#4902,1.);
#4902 = DIRECTION('',(-0.299076160005,0.954229244216,0.));
#4903 = PCURVE('',#1411,#4904);
#4904 = DEFINITIONAL_REPRESENTATION('',(#4905),#4909);
#4905 = LINE('',#4906,#4907);
#4906 = CARTESIAN_POINT('',(0.,0.));
#4907 = VECTOR('',#4908,1.);
#4908 = DIRECTION('',(1.,0.));
#4909 = ( GEOMETRIC_REPRESENTATION_CONTEXT(2) 
PARAMETRIC_REPRESENTATION_CONTEXT() REPRESENTATION_CONTEXT('2D SPACE',''
  ) );
#4910 = PCURVE('',#3881,#4911);
#4911 = DEFINITIONAL_REPRESENTATION('',(#4912),#4916);
#4912 = LINE('',#4913,#4914);
#4913 = CARTESIAN_POINT('',(-4.425217347407,16.895906018156));
#4914 = VECTOR('',#4915,1.);
#4915 = DIRECTION('',(0.299076160005,0.954229244216));
#4916 = ( GEOMETRIC_REPRESENTATION_CONTEXT(2) 
PARAMETRIC_REPRESENTATION_CONTEXT() REPRESENTATION_CONTEXT('2D SPACE',''
  ) );
#4917 = ORIENTED_EDGE('',*,*,#4871,.T.);
#4918 = ORIENTED_EDGE('',*,*,#1396,.T.);
#4919 = ORIENTED_EDGE('',*,*,#4920,.F.);
#4920 = EDGE_CURVE('',#4896,#1371,#4921,.T.);
#4921 = SURFACE_CURVE('',#4922,(#4926,#4933),.PCURVE_S1.);
#4922 = LINE('',#4923,#4924);
#4923 = CARTESIAN_POINT('',(226.6778941966,-97.36128168699,2.5));
#4924 = VECTOR('',#4925,1.);
#4925 = DIRECTION('',(0.,0.,1.));
#4926 = PCURVE('',#1411,#4927);
#4927 = DEFINITIONAL_REPRESENTATION('',(#4928),#4932);
#4928 = LINE('',#4929,#4930);
#4929 = CARTESIAN_POINT('',(0.342855000662,0.));
#4930 = VECTOR('',#4931,1.);
#4931 = DIRECTION('',(0.,-1.));
#4932 = ( GEOMETRIC_REPRESENTATION_CONTEXT(2) 
PARAMETRIC_REPRESENTATION_CONTEXT() REPRESENTATION_CONTEXT('2D SPACE',''
  ) );
#4933 = PCURVE('',#1385,#4934);
#4934 = DEFINITIONAL_REPRESENTATION('',(#4935),#4939);
#4935 = LINE('',#4936,#4937);
#4936 = CARTESIAN_POINT('',(0.,0.));
#4937 = VECTOR('',#4938,1.);
#4938 = DIRECTION('',(0.,-1.));
#4939 = ( GEOMETRIC_REPRESENTATION_CONTEXT(2) 
PARAMETRIC_REPRESENTATION_CONTEXT() REPRESENTATION_CONTEXT('2D SPACE',''
  ) );
#4940 = ADVANCED_FACE('',(#4941),#1385,.T.);
#4941 = FACE_BOUND('',#4942,.T.);
#4942 = EDGE_LOOP('',(#4943,#4966,#4967,#4968));
#4943 = ORIENTED_EDGE('',*,*,#4944,.F.);
#4944 = EDGE_CURVE('',#4896,#4945,#4947,.T.);
#4945 = VERTEX_POINT('',#4946);
#4946 = CARTESIAN_POINT('',(226.56504042096,-97.13005721873,2.5));
#4947 = SURFACE_CURVE('',#4948,(#4952,#4959),.PCURVE_S1.);
#4948 = LINE('',#4949,#4950);
#4949 = CARTESIAN_POINT('',(226.6778941966,-97.36128168699,2.5));
#4950 = VECTOR('',#4951,1.);
#4951 = DIRECTION('',(-0.438616238539,0.898674465694,0.));
#4952 = PCURVE('',#1385,#4953);
#4953 = DEFINITIONAL_REPRESENTATION('',(#4954),#4958);
#4954 = LINE('',#4955,#4956);
#4955 = CARTESIAN_POINT('',(0.,0.));
#4956 = VECTOR('',#4957,1.);
#4957 = DIRECTION('',(1.,0.));
#4958 = ( GEOMETRIC_REPRESENTATION_CONTEXT(2) 
PARAMETRIC_REPRESENTATION_CONTEXT() REPRESENTATION_CONTEXT('2D SPACE',''
  ) );
#4959 = PCURVE('',#3881,#4960);
#4960 = DEFINITIONAL_REPRESENTATION('',(#4961),#4965);
#4961 = LINE('',#4962,#4963);
#4962 = CARTESIAN_POINT('',(-4.32267759037,17.223068286313));
#4963 = VECTOR('',#4964,1.);
#4964 = DIRECTION('',(0.438616238539,0.898674465694));
#4965 = ( GEOMETRIC_REPRESENTATION_CONTEXT(2) 
PARAMETRIC_REPRESENTATION_CONTEXT() REPRESENTATION_CONTEXT('2D SPACE',''
  ) );
#4966 = ORIENTED_EDGE('',*,*,#4920,.T.);
#4967 = ORIENTED_EDGE('',*,*,#1370,.T.);
#4968 = ORIENTED_EDGE('',*,*,#4969,.F.);
#4969 = EDGE_CURVE('',#4945,#1345,#4970,.T.);
#4970 = SURFACE_CURVE('',#4971,(#4975,#4982),.PCURVE_S1.);
#4971 = LINE('',#4972,#4973);
#4972 = CARTESIAN_POINT('',(226.56504042096,-97.13005721873,2.5));
#4973 = VECTOR('',#4974,1.);
#4974 = DIRECTION('',(0.,0.,1.));
#4975 = PCURVE('',#1385,#4976);
#4976 = DEFINITIONAL_REPRESENTATION('',(#4977),#4981);
#4977 = LINE('',#4978,#4979);
#4978 = CARTESIAN_POINT('',(0.257295024039,0.));
#4979 = VECTOR('',#4980,1.);
#4980 = DIRECTION('',(0.,-1.));
#4981 = ( GEOMETRIC_REPRESENTATION_CONTEXT(2) 
PARAMETRIC_REPRESENTATION_CONTEXT() REPRESENTATION_CONTEXT('2D SPACE',''
  ) );
#4982 = PCURVE('',#1359,#4983);
#4983 = DEFINITIONAL_REPRESENTATION('',(#4984),#4988);
#4984 = LINE('',#4985,#4986);
#4985 = CARTESIAN_POINT('',(0.,0.));
#4986 = VECTOR('',#4987,1.);
#4987 = DIRECTION('',(0.,-1.));
#4988 = ( GEOMETRIC_REPRESENTATION_CONTEXT(2) 
PARAMETRIC_REPRESENTATION_CONTEXT() REPRESENTATION_CONTEXT('2D SPACE',''
  ) );
#4989 = ADVANCED_FACE('',(#4990),#1359,.T.);
#4990 = FACE_BOUND('',#4991,.T.);
#4991 = EDGE_LOOP('',(#4992,#5015,#5016,#5017));
#4992 = ORIENTED_EDGE('',*,*,#4993,.F.);
#4993 = EDGE_CURVE('',#4945,#4994,#4996,.T.);
#4994 = VERTEX_POINT('',#4995);
#4995 = CARTESIAN_POINT('',(226.3185337049,-96.7872853431,2.5));
#4996 = SURFACE_CURVE('',#4997,(#5001,#5008),.PCURVE_S1.);
#4997 = LINE('',#4998,#4999);
#4998 = CARTESIAN_POINT('',(226.56504042096,-97.13005721873,2.5));
#4999 = VECTOR('',#5000,1.);
#5000 = DIRECTION('',(-0.583853778841,0.811858833131,0.));
#5001 = PCURVE('',#1359,#5002);
#5002 = DEFINITIONAL_REPRESENTATION('',(#5003),#5007);
#5003 = LINE('',#5004,#5005);
#5004 = CARTESIAN_POINT('',(0.,0.));
#5005 = VECTOR('',#5006,1.);
#5006 = DIRECTION('',(1.,0.));
#5007 = ( GEOMETRIC_REPRESENTATION_CONTEXT(2) 
PARAMETRIC_REPRESENTATION_CONTEXT() REPRESENTATION_CONTEXT('2D SPACE',''
  ) );
#5008 = PCURVE('',#3881,#5009);
#5009 = DEFINITIONAL_REPRESENTATION('',(#5010),#5014);
#5010 = LINE('',#5011,#5012);
#5011 = CARTESIAN_POINT('',(-4.209823814732,17.454292754566));
#5012 = VECTOR('',#5013,1.);
#5013 = DIRECTION('',(0.583853778841,0.811858833131));
#5014 = ( GEOMETRIC_REPRESENTATION_CONTEXT(2) 
PARAMETRIC_REPRESENTATION_CONTEXT() REPRESENTATION_CONTEXT('2D SPACE',''
  ) );
#5015 = ORIENTED_EDGE('',*,*,#4969,.T.);
#5016 = ORIENTED_EDGE('',*,*,#1344,.T.);
#5017 = ORIENTED_EDGE('',*,*,#5018,.F.);
#5018 = EDGE_CURVE('',#4994,#1319,#5019,.T.);
#5019 = SURFACE_CURVE('',#5020,(#5024,#5031),.PCURVE_S1.);
#5020 = LINE('',#5021,#5022);
#5021 = CARTESIAN_POINT('',(226.3185337049,-96.7872853431,2.5));
#5022 = VECTOR('',#5023,1.);
#5023 = DIRECTION('',(0.,0.,1.));
#5024 = PCURVE('',#1359,#5025);
#5025 = DEFINITIONAL_REPRESENTATION('',(#5026),#5030);
#5026 = LINE('',#5027,#5028);
#5027 = CARTESIAN_POINT('',(0.422206252666,0.));
#5028 = VECTOR('',#5029,1.);
#5029 = DIRECTION('',(0.,-1.));
#5030 = ( GEOMETRIC_REPRESENTATION_CONTEXT(2) 
PARAMETRIC_REPRESENTATION_CONTEXT() REPRESENTATION_CONTEXT('2D SPACE',''
  ) );
#5031 = PCURVE('',#1333,#5032);
#5032 = DEFINITIONAL_REPRESENTATION('',(#5033),#5037);
#5033 = LINE('',#5034,#5035);
#5034 = CARTESIAN_POINT('',(0.,0.));
#5035 = VECTOR('',#5036,1.);
#5036 = DIRECTION('',(0.,-1.));
#5037 = ( GEOMETRIC_REPRESENTATION_CONTEXT(2) 
PARAMETRIC_REPRESENTATION_CONTEXT() REPRESENTATION_CONTEXT('2D SPACE',''
  ) );
#5038 = ADVANCED_FACE('',(#5039),#1333,.T.);
#5039 = FACE_BOUND('',#5040,.T.);
#5040 = EDGE_LOOP('',(#5041,#5064,#5065,#5066));
#5041 = ORIENTED_EDGE('',*,*,#5042,.F.);
#5042 = EDGE_CURVE('',#4994,#5043,#5045,.T.);
#5043 = VERTEX_POINT('',#5044);
#5044 = CARTESIAN_POINT('',(226.10188399502,-96.57961488656,2.5));
#5045 = SURFACE_CURVE('',#5046,(#5050,#5057),.PCURVE_S1.);
#5046 = LINE('',#5047,#5048);
#5047 = CARTESIAN_POINT('',(226.3185337049,-96.7872853431,2.5));
#5048 = VECTOR('',#5049,1.);
#5049 = DIRECTION('',(-0.721908604287,0.691988415406,0.));
#5050 = PCURVE('',#1333,#5051);
#5051 = DEFINITIONAL_REPRESENTATION('',(#5052),#5056);
#5052 = LINE('',#5053,#5054);
#5053 = CARTESIAN_POINT('',(0.,0.));
#5054 = VECTOR('',#5055,1.);
#5055 = DIRECTION('',(1.,0.));
#5056 = ( GEOMETRIC_REPRESENTATION_CONTEXT(2) 
PARAMETRIC_REPRESENTATION_CONTEXT() REPRESENTATION_CONTEXT('2D SPACE',''
  ) );
#5057 = PCURVE('',#3881,#5058);
#5058 = DEFINITIONAL_REPRESENTATION('',(#5059),#5063);
#5059 = LINE('',#5060,#5061);
#5060 = CARTESIAN_POINT('',(-3.963317098662,17.797064630196));
#5061 = VECTOR('',#5062,1.);
#5062 = DIRECTION('',(0.721908604287,0.691988415406));
#5063 = ( GEOMETRIC_REPRESENTATION_CONTEXT(2) 
PARAMETRIC_REPRESENTATION_CONTEXT() REPRESENTATION_CONTEXT('2D SPACE',''
  ) );
#5064 = ORIENTED_EDGE('',*,*,#5018,.T.);
#5065 = ORIENTED_EDGE('',*,*,#1318,.T.);
#5066 = ORIENTED_EDGE('',*,*,#5067,.F.);
#5067 = EDGE_CURVE('',#5043,#1293,#5068,.T.);
#5068 = SURFACE_CURVE('',#5069,(#5073,#5080),.PCURVE_S1.);
#5069 = LINE('',#5070,#5071);
#5070 = CARTESIAN_POINT('',(226.10188399502,-96.57961488656,2.5));
#5071 = VECTOR('',#5072,1.);
#5072 = DIRECTION('',(0.,0.,1.));
#5073 = PCURVE('',#1333,#5074);
#5074 = DEFINITIONAL_REPRESENTATION('',(#5075),#5079);
#5075 = LINE('',#5076,#5077);
#5076 = CARTESIAN_POINT('',(0.300106839821,0.));
#5077 = VECTOR('',#5078,1.);
#5078 = DIRECTION('',(0.,-1.));
#5079 = ( GEOMETRIC_REPRESENTATION_CONTEXT(2) 
PARAMETRIC_REPRESENTATION_CONTEXT() REPRESENTATION_CONTEXT('2D SPACE',''
  ) );
#5080 = PCURVE('',#1307,#5081);
#5081 = DEFINITIONAL_REPRESENTATION('',(#5082),#5086);
#5082 = LINE('',#5083,#5084);
#5083 = CARTESIAN_POINT('',(0.,0.));
#5084 = VECTOR('',#5085,1.);
#5085 = DIRECTION('',(0.,-1.));
#5086 = ( GEOMETRIC_REPRESENTATION_CONTEXT(2) 
PARAMETRIC_REPRESENTATION_CONTEXT() REPRESENTATION_CONTEXT('2D SPACE',''
  ) );
#5087 = ADVANCED_FACE('',(#5088),#1307,.T.);
#5088 = FACE_BOUND('',#5089,.T.);
#5089 = EDGE_LOOP('',(#5090,#5113,#5114,#5115));
#5090 = ORIENTED_EDGE('',*,*,#5091,.F.);
#5091 = EDGE_CURVE('',#5043,#5092,#5094,.T.);
#5092 = VERTEX_POINT('',#5093);
#5093 = CARTESIAN_POINT('',(225.89335739072,-96.42889201275,2.5));
#5094 = SURFACE_CURVE('',#5095,(#5099,#5106),.PCURVE_S1.);
#5095 = LINE('',#5096,#5097);
#5096 = CARTESIAN_POINT('',(226.10188399502,-96.57961488656,2.5));
#5097 = VECTOR('',#5098,1.);
#5098 = DIRECTION('',(-0.810457198253,0.585797857456,0.));
#5099 = PCURVE('',#1307,#5100);
#5100 = DEFINITIONAL_REPRESENTATION('',(#5101),#5105);
#5101 = LINE('',#5102,#5103);
#5102 = CARTESIAN_POINT('',(0.,0.));
#5103 = VECTOR('',#5104,1.);
#5104 = DIRECTION('',(1.,0.));
#5105 = ( GEOMETRIC_REPRESENTATION_CONTEXT(2) 
PARAMETRIC_REPRESENTATION_CONTEXT() REPRESENTATION_CONTEXT('2D SPACE',''
  ) );
#5106 = PCURVE('',#3881,#5107);
#5107 = DEFINITIONAL_REPRESENTATION('',(#5108),#5112);
#5108 = LINE('',#5109,#5110);
#5109 = CARTESIAN_POINT('',(-3.74666738879,18.004735086736));
#5110 = VECTOR('',#5111,1.);
#5111 = DIRECTION('',(0.810457198253,0.585797857456));
#5112 = ( GEOMETRIC_REPRESENTATION_CONTEXT(2) 
PARAMETRIC_REPRESENTATION_CONTEXT() REPRESENTATION_CONTEXT('2D SPACE',''
  ) );
#5113 = ORIENTED_EDGE('',*,*,#5067,.T.);
#5114 = ORIENTED_EDGE('',*,*,#1292,.T.);
#5115 = ORIENTED_EDGE('',*,*,#5116,.F.);
#5116 = EDGE_CURVE('',#5092,#1267,#5117,.T.);
#5117 = SURFACE_CURVE('',#5118,(#5122,#5129),.PCURVE_S1.);
#5118 = LINE('',#5119,#5120);
#5119 = CARTESIAN_POINT('',(225.89335739072,-96.42889201275,2.5));
#5120 = VECTOR('',#5121,1.);
#5121 = DIRECTION('',(0.,0.,1.));
#5122 = PCURVE('',#1307,#5123);
#5123 = DEFINITIONAL_REPRESENTATION('',(#5124),#5128);
#5124 = LINE('',#5125,#5126);
#5125 = CARTESIAN_POINT('',(0.257295024038,0.));
#5126 = VECTOR('',#5127,1.);
#5127 = DIRECTION('',(0.,-1.));
#5128 = ( GEOMETRIC_REPRESENTATION_CONTEXT(2) 
PARAMETRIC_REPRESENTATION_CONTEXT() REPRESENTATION_CONTEXT('2D SPACE',''
  ) );
#5129 = PCURVE('',#1281,#5130);
#5130 = DEFINITIONAL_REPRESENTATION('',(#5131),#5135);
#5131 = LINE('',#5132,#5133);
#5132 = CARTESIAN_POINT('',(0.,0.));
#5133 = VECTOR('',#5134,1.);
#5134 = DIRECTION('',(0.,-1.));
#5135 = ( GEOMETRIC_REPRESENTATION_CONTEXT(2) 
PARAMETRIC_REPRESENTATION_CONTEXT() REPRESENTATION_CONTEXT('2D SPACE',''
  ) );
#5136 = ADVANCED_FACE('',(#5137),#1281,.T.);
#5137 = FACE_BOUND('',#5138,.T.);
#5138 = EDGE_LOOP('',(#5139,#5162,#5163,#5164));
#5139 = ORIENTED_EDGE('',*,*,#5140,.F.);
#5140 = EDGE_CURVE('',#5092,#5141,#5143,.T.);
#5141 = VERTEX_POINT('',#5142);
#5142 = CARTESIAN_POINT('',(225.51437633236,-96.24279666837,2.5));
#5143 = SURFACE_CURVE('',#5144,(#5148,#5155),.PCURVE_S1.);
#5144 = LINE('',#5145,#5146);
#5145 = CARTESIAN_POINT('',(225.89335739072,-96.42889201275,2.5));
#5146 = VECTOR('',#5147,1.);
#5147 = DIRECTION('',(-0.897620667531,0.440768802458,0.));
#5148 = PCURVE('',#1281,#5149);
#5149 = DEFINITIONAL_REPRESENTATION('',(#5150),#5154);
#5150 = LINE('',#5151,#5152);
#5151 = CARTESIAN_POINT('',(0.,0.));
#5152 = VECTOR('',#5153,1.);
#5153 = DIRECTION('',(1.,0.));
#5154 = ( GEOMETRIC_REPRESENTATION_CONTEXT(2) 
PARAMETRIC_REPRESENTATION_CONTEXT() REPRESENTATION_CONTEXT('2D SPACE',''
  ) );
#5155 = PCURVE('',#3881,#5156);
#5156 = DEFINITIONAL_REPRESENTATION('',(#5157),#5161);
#5157 = LINE('',#5158,#5159);
#5158 = CARTESIAN_POINT('',(-3.538140784484,18.155457960552));
#5159 = VECTOR('',#5160,1.);
#5160 = DIRECTION('',(0.897620667531,0.440768802458));
#5161 = ( GEOMETRIC_REPRESENTATION_CONTEXT(2) 
PARAMETRIC_REPRESENTATION_CONTEXT() REPRESENTATION_CONTEXT('2D SPACE',''
  ) );
#5162 = ORIENTED_EDGE('',*,*,#5116,.T.);
#5163 = ORIENTED_EDGE('',*,*,#1266,.T.);
#5164 = ORIENTED_EDGE('',*,*,#5165,.F.);
#5165 = EDGE_CURVE('',#5141,#1241,#5166,.T.);
#5166 = SURFACE_CURVE('',#5167,(#5171,#5178),.PCURVE_S1.);
#5167 = LINE('',#5168,#5169);
#5168 = CARTESIAN_POINT('',(225.51437633236,-96.24279666837,2.5));
#5169 = VECTOR('',#5170,1.);
#5170 = DIRECTION('',(0.,0.,1.));
#5171 = PCURVE('',#1281,#5172);
#5172 = DEFINITIONAL_REPRESENTATION('',(#5173),#5177);
#5173 = LINE('',#5174,#5175);
#5174 = CARTESIAN_POINT('',(0.422206252667,0.));
#5175 = VECTOR('',#5176,1.);
#5176 = DIRECTION('',(0.,-1.));
#5177 = ( GEOMETRIC_REPRESENTATION_CONTEXT(2) 
PARAMETRIC_REPRESENTATION_CONTEXT() REPRESENTATION_CONTEXT('2D SPACE',''
  ) );
#5178 = PCURVE('',#1255,#5179);
#5179 = DEFINITIONAL_REPRESENTATION('',(#5180),#5184);
#5180 = LINE('',#5181,#5182);
#5181 = CARTESIAN_POINT('',(0.,0.));
#5182 = VECTOR('',#5183,1.);
#5183 = DIRECTION('',(0.,-1.));
#5184 = ( GEOMETRIC_REPRESENTATION_CONTEXT(2) 
PARAMETRIC_REPRESENTATION_CONTEXT() REPRESENTATION_CONTEXT('2D SPACE',''
  ) );
#5185 = ADVANCED_FACE('',(#5186),#1255,.T.);
#5186 = FACE_BOUND('',#5187,.T.);
#5187 = EDGE_LOOP('',(#5188,#5211,#5212,#5213));
#5188 = ORIENTED_EDGE('',*,*,#5189,.F.);
#5189 = EDGE_CURVE('',#5141,#5190,#5192,.T.);
#5190 = VERTEX_POINT('',#5191);
#5191 = CARTESIAN_POINT('',(225.22541317076,-96.16177564304,2.5));
#5192 = SURFACE_CURVE('',#5193,(#5197,#5204),.PCURVE_S1.);
#5193 = LINE('',#5194,#5195);
#5194 = CARTESIAN_POINT('',(225.51437633236,-96.24279666837,2.5));
#5195 = VECTOR('',#5196,1.);
#5196 = DIRECTION('',(-0.962867629981,0.269973937881,0.));
#5197 = PCURVE('',#1255,#5198);
#5198 = DEFINITIONAL_REPRESENTATION('',(#5199),#5203);
#5199 = LINE('',#5200,#5201);
#5200 = CARTESIAN_POINT('',(0.,0.));
#5201 = VECTOR('',#5202,1.);
#5202 = DIRECTION('',(1.,0.));
#5203 = ( GEOMETRIC_REPRESENTATION_CONTEXT(2) 
PARAMETRIC_REPRESENTATION_CONTEXT() REPRESENTATION_CONTEXT('2D SPACE',''
  ) );
#5204 = PCURVE('',#3881,#5205);
#5205 = DEFINITIONAL_REPRESENTATION('',(#5206),#5210);
#5206 = LINE('',#5207,#5208);
#5207 = CARTESIAN_POINT('',(-3.159159726129,18.341553304931));
#5208 = VECTOR('',#5209,1.);
#5209 = DIRECTION('',(0.962867629981,0.269973937881));
#5210 = ( GEOMETRIC_REPRESENTATION_CONTEXT(2) 
PARAMETRIC_REPRESENTATION_CONTEXT() REPRESENTATION_CONTEXT('2D SPACE',''
  ) );
#5211 = ORIENTED_EDGE('',*,*,#5165,.T.);
#5212 = ORIENTED_EDGE('',*,*,#1240,.T.);
#5213 = ORIENTED_EDGE('',*,*,#5214,.F.);
#5214 = EDGE_CURVE('',#5190,#1215,#5215,.T.);
#5215 = SURFACE_CURVE('',#5216,(#5220,#5227),.PCURVE_S1.);
#5216 = LINE('',#5217,#5218);
#5217 = CARTESIAN_POINT('',(225.22541317076,-96.16177564304,2.5));
#5218 = VECTOR('',#5219,1.);
#5219 = DIRECTION('',(0.,0.,1.));
#5220 = PCURVE('',#1255,#5221);
#5221 = DEFINITIONAL_REPRESENTATION('',(#5222),#5226);
#5222 = LINE('',#5223,#5224);
#5223 = CARTESIAN_POINT('',(0.30010683982,0.));
#5224 = VECTOR('',#5225,1.);
#5225 = DIRECTION('',(0.,-1.));
#5226 = ( GEOMETRIC_REPRESENTATION_CONTEXT(2) 
PARAMETRIC_REPRESENTATION_CONTEXT() REPRESENTATION_CONTEXT('2D SPACE',''
  ) );
#5227 = PCURVE('',#1229,#5228);
#5228 = DEFINITIONAL_REPRESENTATION('',(#5229),#5233);
#5229 = LINE('',#5230,#5231);
#5230 = CARTESIAN_POINT('',(0.,0.));
#5231 = VECTOR('',#5232,1.);
#5232 = DIRECTION('',(0.,-1.));
#5233 = ( GEOMETRIC_REPRESENTATION_CONTEXT(2) 
PARAMETRIC_REPRESENTATION_CONTEXT() REPRESENTATION_CONTEXT('2D SPACE',''
  ) );
#5234 = ADVANCED_FACE('',(#5235),#1229,.T.);
#5235 = FACE_BOUND('',#5236,.T.);
#5236 = EDGE_LOOP('',(#5237,#5260,#5261,#5262));
#5237 = ORIENTED_EDGE('',*,*,#5238,.F.);
#5238 = EDGE_CURVE('',#5190,#5239,#5241,.T.);
#5239 = VERTEX_POINT('',#5240);
#5240 = CARTESIAN_POINT('',(224.90319443772,-96.12260001479,2.5));
#5241 = SURFACE_CURVE('',#5242,(#5246,#5253),.PCURVE_S1.);
#5242 = LINE('',#5243,#5244);
#5243 = CARTESIAN_POINT('',(225.22541317076,-96.16177564304,2.5));
#5244 = VECTOR('',#5245,1.);
#5245 = DIRECTION('',(-0.992689990946,0.120692095332,0.));
#5246 = PCURVE('',#1229,#5247);
#5247 = DEFINITIONAL_REPRESENTATION('',(#5248),#5252);
#5248 = LINE('',#5249,#5250);
#5249 = CARTESIAN_POINT('',(0.,0.));
#5250 = VECTOR('',#5251,1.);
#5251 = DIRECTION('',(1.,0.));
#5252 = ( GEOMETRIC_REPRESENTATION_CONTEXT(2) 
PARAMETRIC_REPRESENTATION_CONTEXT() REPRESENTATION_CONTEXT('2D SPACE',''
  ) );
#5253 = PCURVE('',#3881,#5254);
#5254 = DEFINITIONAL_REPRESENTATION('',(#5255),#5259);
#5255 = LINE('',#5256,#5257);
#5256 = CARTESIAN_POINT('',(-2.87019656453,18.422574330262));
#5257 = VECTOR('',#5258,1.);
#5258 = DIRECTION('',(0.992689990946,0.120692095332));
#5259 = ( GEOMETRIC_REPRESENTATION_CONTEXT(2) 
PARAMETRIC_REPRESENTATION_CONTEXT() REPRESENTATION_CONTEXT('2D SPACE',''
  ) );
#5260 = ORIENTED_EDGE('',*,*,#5214,.T.);
#5261 = ORIENTED_EDGE('',*,*,#1214,.T.);
#5262 = ORIENTED_EDGE('',*,*,#5263,.F.);
#5263 = EDGE_CURVE('',#5239,#1189,#5264,.T.);
#5264 = SURFACE_CURVE('',#5265,(#5269,#5276),.PCURVE_S1.);
#5265 = LINE('',#5266,#5267);
#5266 = CARTESIAN_POINT('',(224.90319443772,-96.12260001479,2.5));
#5267 = VECTOR('',#5268,1.);
#5268 = DIRECTION('',(0.,0.,1.));
#5269 = PCURVE('',#1229,#5270);
#5270 = DEFINITIONAL_REPRESENTATION('',(#5271),#5275);
#5271 = LINE('',#5272,#5273);
#5272 = CARTESIAN_POINT('',(0.324591499848,0.));
#5273 = VECTOR('',#5274,1.);
#5274 = DIRECTION('',(0.,-1.));
#5275 = ( GEOMETRIC_REPRESENTATION_CONTEXT(2) 
PARAMETRIC_REPRESENTATION_CONTEXT() REPRESENTATION_CONTEXT('2D SPACE',''
  ) );
#5276 = PCURVE('',#1203,#5277);
#5277 = DEFINITIONAL_REPRESENTATION('',(#5278),#5282);
#5278 = LINE('',#5279,#5280);
#5279 = CARTESIAN_POINT('',(0.,0.));
#5280 = VECTOR('',#5281,1.);
#5281 = DIRECTION('',(0.,-1.));
#5282 = ( GEOMETRIC_REPRESENTATION_CONTEXT(2) 
PARAMETRIC_REPRESENTATION_CONTEXT() REPRESENTATION_CONTEXT('2D SPACE',''
  ) );
#5283 = ADVANCED_FACE('',(#5284),#1203,.T.);
#5284 = FACE_BOUND('',#5285,.T.);
#5285 = EDGE_LOOP('',(#5286,#5309,#5310,#5311,#5334,#5362,#5388,#5414));
#5286 = ORIENTED_EDGE('',*,*,#5287,.F.);
#5287 = EDGE_CURVE('',#5239,#5288,#5290,.T.);
#5288 = VERTEX_POINT('',#5289);
#5289 = CARTESIAN_POINT('',(224.629595,-96.12258582121,2.5));
#5290 = SURFACE_CURVE('',#5291,(#5295,#5302),.PCURVE_S1.);
#5291 = LINE('',#5292,#5293);
#5292 = CARTESIAN_POINT('',(224.90319443772,-96.12260001479,2.5));
#5293 = VECTOR('',#5294,1.);
#5294 = DIRECTION('',(-0.999999998654,5.187722128786E-05,0.));
#5295 = PCURVE('',#1203,#5296);
#5296 = DEFINITIONAL_REPRESENTATION('',(#5297),#5301);
#5297 = LINE('',#5298,#5299);
#5298 = CARTESIAN_POINT('',(0.,0.));
#5299 = VECTOR('',#5300,1.);
#5300 = DIRECTION('',(1.,0.));
#5301 = ( GEOMETRIC_REPRESENTATION_CONTEXT(2) 
PARAMETRIC_REPRESENTATION_CONTEXT() REPRESENTATION_CONTEXT('2D SPACE',''
  ) );
#5302 = PCURVE('',#3881,#5303);
#5303 = DEFINITIONAL_REPRESENTATION('',(#5304),#5308);
#5304 = LINE('',#5305,#5306);
#5305 = CARTESIAN_POINT('',(-2.547977831486,18.461749958506));
#5306 = VECTOR('',#5307,1.);
#5307 = DIRECTION('',(0.999999998654,5.187722128786E-05));
#5308 = ( GEOMETRIC_REPRESENTATION_CONTEXT(2) 
PARAMETRIC_REPRESENTATION_CONTEXT() REPRESENTATION_CONTEXT('2D SPACE',''
  ) );
#5309 = ORIENTED_EDGE('',*,*,#5263,.T.);
#5310 = ORIENTED_EDGE('',*,*,#1188,.T.);
#5311 = ORIENTED_EDGE('',*,*,#5312,.F.);
#5312 = EDGE_CURVE('',#5313,#1163,#5315,.T.);
#5313 = VERTEX_POINT('',#5314);
#5314 = CARTESIAN_POINT('',(198.79282265619,-96.12124548126,2.5));
#5315 = SURFACE_CURVE('',#5316,(#5320,#5327),.PCURVE_S1.);
#5316 = LINE('',#5317,#5318);
#5317 = CARTESIAN_POINT('',(198.79282265619,-96.12124548126,2.5));
#5318 = VECTOR('',#5319,1.);
#5319 = DIRECTION('',(0.,0.,1.));
#5320 = PCURVE('',#1203,#5321);
#5321 = DEFINITIONAL_REPRESENTATION('',(#5322),#5326);
#5322 = LINE('',#5323,#5324);
#5323 = CARTESIAN_POINT('',(26.110371816667,0.));
#5324 = VECTOR('',#5325,1.);
#5325 = DIRECTION('',(0.,-1.));
#5326 = ( GEOMETRIC_REPRESENTATION_CONTEXT(2) 
PARAMETRIC_REPRESENTATION_CONTEXT() REPRESENTATION_CONTEXT('2D SPACE',''
  ) );
#5327 = PCURVE('',#1177,#5328);
#5328 = DEFINITIONAL_REPRESENTATION('',(#5329),#5333);
#5329 = LINE('',#5330,#5331);
#5330 = CARTESIAN_POINT('',(0.,0.));
#5331 = VECTOR('',#5332,1.);
#5332 = DIRECTION('',(0.,-1.));
#5333 = ( GEOMETRIC_REPRESENTATION_CONTEXT(2) 
PARAMETRIC_REPRESENTATION_CONTEXT() REPRESENTATION_CONTEXT('2D SPACE',''
  ) );
#5334 = ORIENTED_EDGE('',*,*,#5335,.F.);
#5335 = EDGE_CURVE('',#5336,#5313,#5338,.T.);
#5336 = VERTEX_POINT('',#5337);
#5337 = CARTESIAN_POINT('',(216.629595,-96.12217080344,2.5));
#5338 = SURFACE_CURVE('',#5339,(#5343,#5350),.PCURVE_S1.);
#5339 = LINE('',#5340,#5341);
#5340 = CARTESIAN_POINT('',(224.90319443772,-96.12260001479,2.5));
#5341 = VECTOR('',#5342,1.);
#5342 = DIRECTION('',(-0.999999998654,5.187722128786E-05,0.));
#5343 = PCURVE('',#1203,#5344);
#5344 = DEFINITIONAL_REPRESENTATION('',(#5345),#5349);
#5345 = LINE('',#5346,#5347);
#5346 = CARTESIAN_POINT('',(0.,0.));
#5347 = VECTOR('',#5348,1.);
#5348 = DIRECTION('',(1.,0.));
#5349 = ( GEOMETRIC_REPRESENTATION_CONTEXT(2) 
PARAMETRIC_REPRESENTATION_CONTEXT() REPRESENTATION_CONTEXT('2D SPACE',''
  ) );
#5350 = PCURVE('',#5351,#5356);
#5351 = PLANE('',#5352);
#5352 = AXIS2_PLACEMENT_3D('',#5353,#5354,#5355);
#5353 = CARTESIAN_POINT('',(222.35521660623,-114.5843499733,2.5));
#5354 = DIRECTION('',(-0.,-0.,-1.));
#5355 = DIRECTION('',(-1.,0.,0.));
#5356 = DEFINITIONAL_REPRESENTATION('',(#5357),#5361);
#5357 = LINE('',#5358,#5359);
#5358 = CARTESIAN_POINT('',(-2.547977831486,18.461749958506));
#5359 = VECTOR('',#5360,1.);
#5360 = DIRECTION('',(0.999999998654,5.187722128786E-05));
#5361 = ( GEOMETRIC_REPRESENTATION_CONTEXT(2) 
PARAMETRIC_REPRESENTATION_CONTEXT() REPRESENTATION_CONTEXT('2D SPACE',''
  ) );
#5362 = ORIENTED_EDGE('',*,*,#5363,.T.);
#5363 = EDGE_CURVE('',#5336,#5364,#5366,.T.);
#5364 = VERTEX_POINT('',#5365);
#5365 = CARTESIAN_POINT('',(216.629595,-96.12217080344,2.9));
#5366 = SURFACE_CURVE('',#5367,(#5371,#5377),.PCURVE_S1.);
#5367 = LINE('',#5368,#5369);
#5368 = CARTESIAN_POINT('',(216.629595,-96.12217080344,0.7));
#5369 = VECTOR('',#5370,1.);
#5370 = DIRECTION('',(0.,0.,1.));
#5371 = PCURVE('',#1203,#5372);
#5372 = DEFINITIONAL_REPRESENTATION('',(#5373),#5376);
#5373 = B_SPLINE_CURVE_WITH_KNOTS('',1,(#5374,#5375),.UNSPECIFIED.,.F.,
  .F.,(2,2),(1.8,2.2),.PIECEWISE_BEZIER_KNOTS.);
#5374 = CARTESIAN_POINT('',(8.273599448856,0.));
#5375 = CARTESIAN_POINT('',(8.273599448856,-0.4));
#5376 = ( GEOMETRIC_REPRESENTATION_CONTEXT(2) 
PARAMETRIC_REPRESENTATION_CONTEXT() REPRESENTATION_CONTEXT('2D SPACE',''
  ) );
#5377 = PCURVE('',#5378,#5383);
#5378 = PLANE('',#5379);
#5379 = AXIS2_PLACEMENT_3D('',#5380,#5381,#5382);
#5380 = CARTESIAN_POINT('',(216.629595,-99.62260001412,-1.1));
#5381 = DIRECTION('',(1.,0.,-0.));
#5382 = DIRECTION('',(0.,0.,1.));
#5383 = DEFINITIONAL_REPRESENTATION('',(#5384),#5387);
#5384 = B_SPLINE_CURVE_WITH_KNOTS('',1,(#5385,#5386),.UNSPECIFIED.,.F.,
  .F.,(2,2),(1.8,2.2),.PIECEWISE_BEZIER_KNOTS.);
#5385 = CARTESIAN_POINT('',(3.6,-3.500429210677));
#5386 = CARTESIAN_POINT('',(4.,-3.500429210677));
#5387 = ( GEOMETRIC_REPRESENTATION_CONTEXT(2) 
PARAMETRIC_REPRESENTATION_CONTEXT() REPRESENTATION_CONTEXT('2D SPACE',''
  ) );
#5388 = ORIENTED_EDGE('',*,*,#5389,.F.);
#5389 = EDGE_CURVE('',#5390,#5364,#5392,.T.);
#5390 = VERTEX_POINT('',#5391);
#5391 = CARTESIAN_POINT('',(224.629595,-96.12258582121,2.9));
#5392 = SURFACE_CURVE('',#5393,(#5397,#5403),.PCURVE_S1.);
#5393 = LINE('',#5394,#5395);
#5394 = CARTESIAN_POINT('',(220.76648551513,-96.12238541383,2.9));
#5395 = VECTOR('',#5396,1.);
#5396 = DIRECTION('',(-0.999999998654,5.187722128786E-05,0.));
#5397 = PCURVE('',#1203,#5398);
#5398 = DEFINITIONAL_REPRESENTATION('',(#5399),#5402);
#5399 = B_SPLINE_CURVE_WITH_KNOTS('',1,(#5400,#5401),.UNSPECIFIED.,.F.,
  .F.,(2,2),(-3.863109490067,4.136890520698),.PIECEWISE_BEZIER_KNOTS.);
#5400 = CARTESIAN_POINT('',(0.273599438091,-0.4));
#5401 = CARTESIAN_POINT('',(8.273599448856,-0.4));
#5402 = ( GEOMETRIC_REPRESENTATION_CONTEXT(2) 
PARAMETRIC_REPRESENTATION_CONTEXT() REPRESENTATION_CONTEXT('2D SPACE',''
  ) );
#5403 = PCURVE('',#5404,#5409);
#5404 = PLANE('',#5405);
#5405 = AXIS2_PLACEMENT_3D('',#5406,#5407,#5408);
#5406 = CARTESIAN_POINT('',(216.629595,-99.62260001412,2.9));
#5407 = DIRECTION('',(0.,0.,1.));
#5408 = DIRECTION('',(1.,0.,-0.));
#5409 = DEFINITIONAL_REPRESENTATION('',(#5410),#5413);
#5410 = B_SPLINE_CURVE_WITH_KNOTS('',1,(#5411,#5412),.UNSPECIFIED.,.F.,
  .F.,(2,2),(-3.863109490067,4.136890520698),.PIECEWISE_BEZIER_KNOTS.);
#5411 = CARTESIAN_POINT('',(8.,3.500014192906));
#5412 = CARTESIAN_POINT('',(8.881784197001E-16,3.500429210677));
#5413 = ( GEOMETRIC_REPRESENTATION_CONTEXT(2) 
PARAMETRIC_REPRESENTATION_CONTEXT() REPRESENTATION_CONTEXT('2D SPACE',''
  ) );
#5414 = ORIENTED_EDGE('',*,*,#5415,.F.);
#5415 = EDGE_CURVE('',#5288,#5390,#5416,.T.);
#5416 = SURFACE_CURVE('',#5417,(#5421,#5427),.PCURVE_S1.);
#5417 = LINE('',#5418,#5419);
#5418 = CARTESIAN_POINT('',(224.629595,-96.12258582121,0.7));
#5419 = VECTOR('',#5420,1.);
#5420 = DIRECTION('',(0.,0.,1.));
#5421 = PCURVE('',#1203,#5422);
#5422 = DEFINITIONAL_REPRESENTATION('',(#5423),#5426);
#5423 = B_SPLINE_CURVE_WITH_KNOTS('',1,(#5424,#5425),.UNSPECIFIED.,.F.,
  .F.,(2,2),(1.8,2.2),.PIECEWISE_BEZIER_KNOTS.);
#5424 = CARTESIAN_POINT('',(0.273599438091,0.));
#5425 = CARTESIAN_POINT('',(0.273599438091,-0.4));
#5426 = ( GEOMETRIC_REPRESENTATION_CONTEXT(2) 
PARAMETRIC_REPRESENTATION_CONTEXT() REPRESENTATION_CONTEXT('2D SPACE',''
  ) );
#5427 = PCURVE('',#5428,#5433);
#5428 = PLANE('',#5429);
#5429 = AXIS2_PLACEMENT_3D('',#5430,#5431,#5432);
#5430 = CARTESIAN_POINT('',(224.629595,-99.62260001412,-1.1));
#5431 = DIRECTION('',(1.,0.,-0.));
#5432 = DIRECTION('',(0.,0.,1.));
#5433 = DEFINITIONAL_REPRESENTATION('',(#5434),#5437);
#5434 = B_SPLINE_CURVE_WITH_KNOTS('',1,(#5435,#5436),.UNSPECIFIED.,.F.,
  .F.,(2,2),(1.8,2.2),.PIECEWISE_BEZIER_KNOTS.);
#5435 = CARTESIAN_POINT('',(3.6,-3.500014192906));
#5436 = CARTESIAN_POINT('',(4.,-3.500014192906));
#5437 = ( GEOMETRIC_REPRESENTATION_CONTEXT(2) 
PARAMETRIC_REPRESENTATION_CONTEXT() REPRESENTATION_CONTEXT('2D SPACE',''
  ) );
#5438 = ADVANCED_FACE('',(#5439),#1177,.T.);
#5439 = FACE_BOUND('',#5440,.T.);
#5440 = EDGE_LOOP('',(#5441,#5464,#5465,#5466));
#5441 = ORIENTED_EDGE('',*,*,#5442,.F.);
#5442 = EDGE_CURVE('',#5313,#5443,#5445,.T.);
#5443 = VERTEX_POINT('',#5444);
#5444 = CARTESIAN_POINT('',(198.31425868552,-96.18907705305,2.5));
#5445 = SURFACE_CURVE('',#5446,(#5450,#5457),.PCURVE_S1.);
#5446 = LINE('',#5447,#5448);
#5447 = CARTESIAN_POINT('',(198.79282265619,-96.12124548126,2.5));
#5448 = VECTOR('',#5449,1.);
#5449 = DIRECTION('',(-0.990103776985,-0.140337132645,0.));
#5450 = PCURVE('',#1177,#5451);
#5451 = DEFINITIONAL_REPRESENTATION('',(#5452),#5456);
#5452 = LINE('',#5453,#5454);
#5453 = CARTESIAN_POINT('',(0.,0.));
#5454 = VECTOR('',#5455,1.);
#5455 = DIRECTION('',(1.,0.));
#5456 = ( GEOMETRIC_REPRESENTATION_CONTEXT(2) 
PARAMETRIC_REPRESENTATION_CONTEXT() REPRESENTATION_CONTEXT('2D SPACE',''
  ) );
#5457 = PCURVE('',#5351,#5458);
#5458 = DEFINITIONAL_REPRESENTATION('',(#5459),#5463);
#5459 = LINE('',#5460,#5461);
#5460 = CARTESIAN_POINT('',(23.562393950047,18.463104492042));
#5461 = VECTOR('',#5462,1.);
#5462 = DIRECTION('',(0.990103776985,-0.140337132645));
#5463 = ( GEOMETRIC_REPRESENTATION_CONTEXT(2) 
PARAMETRIC_REPRESENTATION_CONTEXT() REPRESENTATION_CONTEXT('2D SPACE',''
  ) );
#5464 = ORIENTED_EDGE('',*,*,#5312,.T.);
#5465 = ORIENTED_EDGE('',*,*,#1162,.T.);
#5466 = ORIENTED_EDGE('',*,*,#5467,.F.);
#5467 = EDGE_CURVE('',#5443,#1137,#5468,.T.);
#5468 = SURFACE_CURVE('',#5469,(#5473,#5480),.PCURVE_S1.);
#5469 = LINE('',#5470,#5471);
#5470 = CARTESIAN_POINT('',(198.31425868552,-96.18907705305,2.5));
#5471 = VECTOR('',#5472,1.);
#5472 = DIRECTION('',(0.,0.,1.));
#5473 = PCURVE('',#1177,#5474);
#5474 = DEFINITIONAL_REPRESENTATION('',(#5475),#5479);
#5475 = LINE('',#5476,#5477);
#5476 = CARTESIAN_POINT('',(0.483347283175,0.));
#5477 = VECTOR('',#5478,1.);
#5478 = DIRECTION('',(0.,-1.));
#5479 = ( GEOMETRIC_REPRESENTATION_CONTEXT(2) 
PARAMETRIC_REPRESENTATION_CONTEXT() REPRESENTATION_CONTEXT('2D SPACE',''
  ) );
#5480 = PCURVE('',#1151,#5481);
#5481 = DEFINITIONAL_REPRESENTATION('',(#5482),#5486);
#5482 = LINE('',#5483,#5484);
#5483 = CARTESIAN_POINT('',(0.,0.));
#5484 = VECTOR('',#5485,1.);
#5485 = DIRECTION('',(0.,-1.));
#5486 = ( GEOMETRIC_REPRESENTATION_CONTEXT(2) 
PARAMETRIC_REPRESENTATION_CONTEXT() REPRESENTATION_CONTEXT('2D SPACE',''
  ) );
#5487 = ADVANCED_FACE('',(#5488),#1151,.T.);
#5488 = FACE_BOUND('',#5489,.T.);
#5489 = EDGE_LOOP('',(#5490,#5513,#5514,#5515));
#5490 = ORIENTED_EDGE('',*,*,#5491,.F.);
#5491 = EDGE_CURVE('',#5443,#5492,#5494,.T.);
#5492 = VERTEX_POINT('',#5493);
#5493 = CARTESIAN_POINT('',(198.08174062621,-96.26668284469,2.5));
#5494 = SURFACE_CURVE('',#5495,(#5499,#5506),.PCURVE_S1.);
#5495 = LINE('',#5496,#5497);
#5496 = CARTESIAN_POINT('',(198.31425868552,-96.18907705305,2.5));
#5497 = VECTOR('',#5498,1.);
#5498 = DIRECTION('',(-0.948561121048,-0.316594061278,0.));
#5499 = PCURVE('',#1151,#5500);
#5500 = DEFINITIONAL_REPRESENTATION('',(#5501),#5505);
#5501 = LINE('',#5502,#5503);
#5502 = CARTESIAN_POINT('',(0.,0.));
#5503 = VECTOR('',#5504,1.);
#5504 = DIRECTION('',(1.,0.));
#5505 = ( GEOMETRIC_REPRESENTATION_CONTEXT(2) 
PARAMETRIC_REPRESENTATION_CONTEXT() REPRESENTATION_CONTEXT('2D SPACE',''
  ) );
#5506 = PCURVE('',#5351,#5507);
#5507 = DEFINITIONAL_REPRESENTATION('',(#5508),#5512);
#5508 = LINE('',#5509,#5510);
#5509 = CARTESIAN_POINT('',(24.040957920714,18.39527292025));
#5510 = VECTOR('',#5511,1.);
#5511 = DIRECTION('',(0.948561121048,-0.316594061278));
#5512 = ( GEOMETRIC_REPRESENTATION_CONTEXT(2) 
PARAMETRIC_REPRESENTATION_CONTEXT() REPRESENTATION_CONTEXT('2D SPACE',''
  ) );
#5513 = ORIENTED_EDGE('',*,*,#5467,.T.);
#5514 = ORIENTED_EDGE('',*,*,#1136,.T.);
#5515 = ORIENTED_EDGE('',*,*,#5516,.F.);
#5516 = EDGE_CURVE('',#5492,#1111,#5517,.T.);
#5517 = SURFACE_CURVE('',#5518,(#5522,#5529),.PCURVE_S1.);
#5518 = LINE('',#5519,#5520);
#5519 = CARTESIAN_POINT('',(198.08174062621,-96.26668284469,2.5));
#5520 = VECTOR('',#5521,1.);
#5521 = DIRECTION('',(0.,0.,1.));
#5522 = PCURVE('',#1151,#5523);
#5523 = DEFINITIONAL_REPRESENTATION('',(#5524),#5528);
#5524 = LINE('',#5525,#5526);
#5525 = CARTESIAN_POINT('',(0.245127123759,0.));
#5526 = VECTOR('',#5527,1.);
#5527 = DIRECTION('',(0.,-1.));
#5528 = ( GEOMETRIC_REPRESENTATION_CONTEXT(2) 
PARAMETRIC_REPRESENTATION_CONTEXT() REPRESENTATION_CONTEXT('2D SPACE',''
  ) );
#5529 = PCURVE('',#1125,#5530);
#5530 = DEFINITIONAL_REPRESENTATION('',(#5531),#5535);
#5531 = LINE('',#5532,#5533);
#5532 = CARTESIAN_POINT('',(0.,0.));
#5533 = VECTOR('',#5534,1.);
#5534 = DIRECTION('',(0.,-1.));
#5535 = ( GEOMETRIC_REPRESENTATION_CONTEXT(2) 
PARAMETRIC_REPRESENTATION_CONTEXT() REPRESENTATION_CONTEXT('2D SPACE',''
  ) );
#5536 = ADVANCED_FACE('',(#5537),#1125,.T.);
#5537 = FACE_BOUND('',#5538,.T.);
#5538 = EDGE_LOOP('',(#5539,#5562,#5563,#5564));
#5539 = ORIENTED_EDGE('',*,*,#5540,.F.);
#5540 = EDGE_CURVE('',#5492,#5541,#5543,.T.);
#5541 = VERTEX_POINT('',#5542);
#5542 = CARTESIAN_POINT('',(197.91455104956,-96.3432613023,2.5));
#5543 = SURFACE_CURVE('',#5544,(#5548,#5555),.PCURVE_S1.);
#5544 = LINE('',#5545,#5546);
#5545 = CARTESIAN_POINT('',(198.08174062621,-96.26668284469,2.5));
#5546 = VECTOR('',#5547,1.);
#5547 = DIRECTION('',(-0.909167983091,-0.416429560098,0.));
#5548 = PCURVE('',#1125,#5549);
#5549 = DEFINITIONAL_REPRESENTATION('',(#5550),#5554);
#5550 = LINE('',#5551,#5552);
#5551 = CARTESIAN_POINT('',(0.,0.));
#5552 = VECTOR('',#5553,1.);
#5553 = DIRECTION('',(1.,0.));
#5554 = ( GEOMETRIC_REPRESENTATION_CONTEXT(2) 
PARAMETRIC_REPRESENTATION_CONTEXT() REPRESENTATION_CONTEXT('2D SPACE',''
  ) );
#5555 = PCURVE('',#5351,#5556);
#5556 = DEFINITIONAL_REPRESENTATION('',(#5557),#5561);
#5557 = LINE('',#5558,#5559);
#5558 = CARTESIAN_POINT('',(24.273475980026,18.31766712861));
#5559 = VECTOR('',#5560,1.);
#5560 = DIRECTION('',(0.909167983091,-0.416429560098));
#5561 = ( GEOMETRIC_REPRESENTATION_CONTEXT(2) 
PARAMETRIC_REPRESENTATION_CONTEXT() REPRESENTATION_CONTEXT('2D SPACE',''
  ) );
#5562 = ORIENTED_EDGE('',*,*,#5516,.T.);
#5563 = ORIENTED_EDGE('',*,*,#1110,.T.);
#5564 = ORIENTED_EDGE('',*,*,#5565,.F.);
#5565 = EDGE_CURVE('',#5541,#1085,#5566,.T.);
#5566 = SURFACE_CURVE('',#5567,(#5571,#5578),.PCURVE_S1.);
#5567 = LINE('',#5568,#5569);
#5568 = CARTESIAN_POINT('',(197.91455104956,-96.3432613023,2.5));
#5569 = VECTOR('',#5570,1.);
#5570 = DIRECTION('',(0.,0.,1.));
#5571 = PCURVE('',#1125,#5572);
#5572 = DEFINITIONAL_REPRESENTATION('',(#5573),#5577);
#5573 = LINE('',#5574,#5575);
#5574 = CARTESIAN_POINT('',(0.183892943611,0.));
#5575 = VECTOR('',#5576,1.);
#5576 = DIRECTION('',(0.,-1.));
#5577 = ( GEOMETRIC_REPRESENTATION_CONTEXT(2) 
PARAMETRIC_REPRESENTATION_CONTEXT() REPRESENTATION_CONTEXT('2D SPACE',''
  ) );
#5578 = PCURVE('',#1099,#5579);
#5579 = DEFINITIONAL_REPRESENTATION('',(#5580),#5584);
#5580 = LINE('',#5581,#5582);
#5581 = CARTESIAN_POINT('',(0.,0.));
#5582 = VECTOR('',#5583,1.);
#5583 = DIRECTION('',(0.,-1.));
#5584 = ( GEOMETRIC_REPRESENTATION_CONTEXT(2) 
PARAMETRIC_REPRESENTATION_CONTEXT() REPRESENTATION_CONTEXT('2D SPACE',''
  ) );
#5585 = ADVANCED_FACE('',(#5586),#1099,.T.);
#5586 = FACE_BOUND('',#5587,.T.);
#5587 = EDGE_LOOP('',(#5588,#5611,#5612,#5613));
#5588 = ORIENTED_EDGE('',*,*,#5589,.F.);
#5589 = EDGE_CURVE('',#5541,#5590,#5592,.T.);
#5590 = VERTEX_POINT('',#5591);
#5591 = CARTESIAN_POINT('',(197.66730219793,-96.49349503442,2.5));
#5592 = SURFACE_CURVE('',#5593,(#5597,#5604),.PCURVE_S1.);
#5593 = LINE('',#5594,#5595);
#5594 = CARTESIAN_POINT('',(197.91455104956,-96.3432613023,2.5));
#5595 = VECTOR('',#5596,1.);
#5596 = DIRECTION('',(-0.854605979862,-0.519277015845,0.));
#5597 = PCURVE('',#1099,#5598);
#5598 = DEFINITIONAL_REPRESENTATION('',(#5599),#5603);
#5599 = LINE('',#5600,#5601);
#5600 = CARTESIAN_POINT('',(0.,0.));
#5601 = VECTOR('',#5602,1.);
#5602 = DIRECTION('',(1.,0.));
#5603 = ( GEOMETRIC_REPRESENTATION_CONTEXT(2) 
PARAMETRIC_REPRESENTATION_CONTEXT() REPRESENTATION_CONTEXT('2D SPACE',''
  ) );
#5604 = PCURVE('',#5351,#5605);
#5605 = DEFINITIONAL_REPRESENTATION('',(#5606),#5610);
#5606 = LINE('',#5607,#5608);
#5607 = CARTESIAN_POINT('',(24.440665556673,18.241088670997));
#5608 = VECTOR('',#5609,1.);
#5609 = DIRECTION('',(0.854605979862,-0.519277015845));
#5610 = ( GEOMETRIC_REPRESENTATION_CONTEXT(2) 
PARAMETRIC_REPRESENTATION_CONTEXT() REPRESENTATION_CONTEXT('2D SPACE',''
  ) );
#5611 = ORIENTED_EDGE('',*,*,#5565,.T.);
#5612 = ORIENTED_EDGE('',*,*,#1084,.T.);
#5613 = ORIENTED_EDGE('',*,*,#5614,.F.);
#5614 = EDGE_CURVE('',#5590,#1059,#5615,.T.);
#5615 = SURFACE_CURVE('',#5616,(#5620,#5627),.PCURVE_S1.);
#5616 = LINE('',#5617,#5618);
#5617 = CARTESIAN_POINT('',(197.66730219793,-96.49349503442,2.5));
#5618 = VECTOR('',#5619,1.);
#5619 = DIRECTION('',(0.,0.,1.));
#5620 = PCURVE('',#1099,#5621);
#5621 = DEFINITIONAL_REPRESENTATION('',(#5622),#5626);
#5622 = LINE('',#5623,#5624);
#5623 = CARTESIAN_POINT('',(0.289313271214,0.));
#5624 = VECTOR('',#5625,1.);
#5625 = DIRECTION('',(0.,-1.));
#5626 = ( GEOMETRIC_REPRESENTATION_CONTEXT(2) 
PARAMETRIC_REPRESENTATION_CONTEXT() REPRESENTATION_CONTEXT('2D SPACE',''
  ) );
#5627 = PCURVE('',#1073,#5628);
#5628 = DEFINITIONAL_REPRESENTATION('',(#5629),#5633);
#5629 = LINE('',#5630,#5631);
#5630 = CARTESIAN_POINT('',(0.,0.));
#5631 = VECTOR('',#5632,1.);
#5632 = DIRECTION('',(0.,-1.));
#5633 = ( GEOMETRIC_REPRESENTATION_CONTEXT(2) 
PARAMETRIC_REPRESENTATION_CONTEXT() REPRESENTATION_CONTEXT('2D SPACE',''
  ) );
#5634 = ADVANCED_FACE('',(#5635),#1073,.T.);
#5635 = FACE_BOUND('',#5636,.T.);
#5636 = EDGE_LOOP('',(#5637,#5660,#5661,#5662));
#5637 = ORIENTED_EDGE('',*,*,#5638,.F.);
#5638 = EDGE_CURVE('',#5590,#5639,#5641,.T.);
#5639 = VERTEX_POINT('',#5640);
#5640 = CARTESIAN_POINT('',(197.12250436223,-96.89977115357,2.5));
#5641 = SURFACE_CURVE('',#5642,(#5646,#5653),.PCURVE_S1.);
#5642 = LINE('',#5643,#5644);
#5643 = CARTESIAN_POINT('',(197.66730219793,-96.49349503442,2.5));
#5644 = VECTOR('',#5645,1.);
#5645 = DIRECTION('',(-0.801637200722,-0.597810838325,0.));
#5646 = PCURVE('',#1073,#5647);
#5647 = DEFINITIONAL_REPRESENTATION('',(#5648),#5652);
#5648 = LINE('',#5649,#5650);
#5649 = CARTESIAN_POINT('',(0.,0.));
#5650 = VECTOR('',#5651,1.);
#5651 = DIRECTION('',(1.,0.));
#5652 = ( GEOMETRIC_REPRESENTATION_CONTEXT(2) 
PARAMETRIC_REPRESENTATION_CONTEXT() REPRESENTATION_CONTEXT('2D SPACE',''
  ) );
#5653 = PCURVE('',#5351,#5654);
#5654 = DEFINITIONAL_REPRESENTATION('',(#5655),#5659);
#5655 = LINE('',#5656,#5657);
#5656 = CARTESIAN_POINT('',(24.687914408306,18.090854938876));
#5657 = VECTOR('',#5658,1.);
#5658 = DIRECTION('',(0.801637200722,-0.597810838325));
#5659 = ( GEOMETRIC_REPRESENTATION_CONTEXT(2) 
PARAMETRIC_REPRESENTATION_CONTEXT() REPRESENTATION_CONTEXT('2D SPACE',''
  ) );
#5660 = ORIENTED_EDGE('',*,*,#5614,.T.);
#5661 = ORIENTED_EDGE('',*,*,#1058,.T.);
#5662 = ORIENTED_EDGE('',*,*,#5663,.F.);
#5663 = EDGE_CURVE('',#5639,#1033,#5664,.T.);
#5664 = SURFACE_CURVE('',#5665,(#5669,#5676),.PCURVE_S1.);
#5665 = LINE('',#5666,#5667);
#5666 = CARTESIAN_POINT('',(197.12250436223,-96.89977115357,2.5));
#5667 = VECTOR('',#5668,1.);
#5668 = DIRECTION('',(0.,0.,1.));
#5669 = PCURVE('',#1073,#5670);
#5670 = DEFINITIONAL_REPRESENTATION('',(#5671),#5675);
#5671 = LINE('',#5672,#5673);
#5672 = CARTESIAN_POINT('',(0.679606479347,0.));
#5673 = VECTOR('',#5674,1.);
#5674 = DIRECTION('',(0.,-1.));
#5675 = ( GEOMETRIC_REPRESENTATION_CONTEXT(2) 
PARAMETRIC_REPRESENTATION_CONTEXT() REPRESENTATION_CONTEXT('2D SPACE',''
  ) );
#5676 = PCURVE('',#1047,#5677);
#5677 = DEFINITIONAL_REPRESENTATION('',(#5678),#5682);
#5678 = LINE('',#5679,#5680);
#5679 = CARTESIAN_POINT('',(0.,0.));
#5680 = VECTOR('',#5681,1.);
#5681 = DIRECTION('',(0.,-1.));
#5682 = ( GEOMETRIC_REPRESENTATION_CONTEXT(2) 
PARAMETRIC_REPRESENTATION_CONTEXT() REPRESENTATION_CONTEXT('2D SPACE',''
  ) );
#5683 = ADVANCED_FACE('',(#5684),#1047,.T.);
#5684 = FACE_BOUND('',#5685,.T.);
#5685 = EDGE_LOOP('',(#5686,#5709,#5710,#5711));
#5686 = ORIENTED_EDGE('',*,*,#5687,.F.);
#5687 = EDGE_CURVE('',#5639,#5688,#5690,.T.);
#5688 = VERTEX_POINT('',#5689);
#5689 = CARTESIAN_POINT('',(196.8295947,-97.08912981821,2.5));
#5690 = SURFACE_CURVE('',#5691,(#5695,#5702),.PCURVE_S1.);
#5691 = LINE('',#5692,#5693);
#5692 = CARTESIAN_POINT('',(197.12250436223,-96.89977115357,2.5));
#5693 = VECTOR('',#5694,1.);
#5694 = DIRECTION('',(-0.83979384952,-0.542905415619,0.));
#5695 = PCURVE('',#1047,#5696);
#5696 = DEFINITIONAL_REPRESENTATION('',(#5697),#5701);
#5697 = LINE('',#5698,#5699);
#5698 = CARTESIAN_POINT('',(0.,0.));
#5699 = VECTOR('',#5700,1.);
#5700 = DIRECTION('',(1.,0.));
#5701 = ( GEOMETRIC_REPRESENTATION_CONTEXT(2) 
PARAMETRIC_REPRESENTATION_CONTEXT() REPRESENTATION_CONTEXT('2D SPACE',''
  ) );
#5702 = PCURVE('',#5351,#5703);
#5703 = DEFINITIONAL_REPRESENTATION('',(#5704),#5708);
#5704 = LINE('',#5705,#5706);
#5705 = CARTESIAN_POINT('',(25.232712244002,17.684578819727));
#5706 = VECTOR('',#5707,1.);
#5707 = DIRECTION('',(0.83979384952,-0.542905415619));
#5708 = ( GEOMETRIC_REPRESENTATION_CONTEXT(2) 
PARAMETRIC_REPRESENTATION_CONTEXT() REPRESENTATION_CONTEXT('2D SPACE',''
  ) );
#5709 = ORIENTED_EDGE('',*,*,#5663,.T.);
#5710 = ORIENTED_EDGE('',*,*,#1032,.T.);
#5711 = ORIENTED_EDGE('',*,*,#5712,.F.);
#5712 = EDGE_CURVE('',#5688,#1005,#5713,.T.);
#5713 = SURFACE_CURVE('',#5714,(#5718,#5725),.PCURVE_S1.);
#5714 = LINE('',#5715,#5716);
#5715 = CARTESIAN_POINT('',(196.8295947,-97.08912981821,2.5));
#5716 = VECTOR('',#5717,1.);
#5717 = DIRECTION('',(0.,0.,1.));
#5718 = PCURVE('',#1047,#5719);
#5719 = DEFINITIONAL_REPRESENTATION('',(#5720),#5724);
#5720 = LINE('',#5721,#5722);
#5721 = CARTESIAN_POINT('',(0.348787577336,0.));
#5722 = VECTOR('',#5723,1.);
#5723 = DIRECTION('',(0.,-1.));
#5724 = ( GEOMETRIC_REPRESENTATION_CONTEXT(2) 
PARAMETRIC_REPRESENTATION_CONTEXT() REPRESENTATION_CONTEXT('2D SPACE',''
  ) );
#5725 = PCURVE('',#1020,#5726);
#5726 = DEFINITIONAL_REPRESENTATION('',(#5727),#5731);
#5727 = LINE('',#5728,#5729);
#5728 = CARTESIAN_POINT('',(3.081099281787,3.1));
#5729 = VECTOR('',#5730,1.);
#5730 = DIRECTION('',(0.,-1.));
#5731 = ( GEOMETRIC_REPRESENTATION_CONTEXT(2) 
PARAMETRIC_REPRESENTATION_CONTEXT() REPRESENTATION_CONTEXT('2D SPACE',''
  ) );
#5732 = ADVANCED_FACE('',(#5733),#1020,.T.);
#5733 = FACE_BOUND('',#5734,.T.);
#5734 = EDGE_LOOP('',(#5735,#5736,#5757,#5758,#5781,#5802));
#5735 = ORIENTED_EDGE('',*,*,#1004,.F.);
#5736 = ORIENTED_EDGE('',*,*,#5737,.T.);
#5737 = EDGE_CURVE('',#977,#2815,#5738,.T.);
#5738 = SURFACE_CURVE('',#5739,(#5743,#5750),.PCURVE_S1.);
#5739 = LINE('',#5740,#5741);
#5740 = CARTESIAN_POINT('',(196.8295947,-100.1702291,5.6));
#5741 = VECTOR('',#5742,1.);
#5742 = DIRECTION('',(0.,0.,1.));
#5743 = PCURVE('',#1020,#5744);
#5744 = DEFINITIONAL_REPRESENTATION('',(#5745),#5749);
#5745 = LINE('',#5746,#5747);
#5746 = CARTESIAN_POINT('',(0.,0.));
#5747 = VECTOR('',#5748,1.);
#5748 = DIRECTION('',(0.,-1.));
#5749 = ( GEOMETRIC_REPRESENTATION_CONTEXT(2) 
PARAMETRIC_REPRESENTATION_CONTEXT() REPRESENTATION_CONTEXT('2D SPACE',''
  ) );
#5750 = PCURVE('',#992,#5751);
#5751 = DEFINITIONAL_REPRESENTATION('',(#5752),#5756);
#5752 = LINE('',#5753,#5754);
#5753 = CARTESIAN_POINT('',(1.75,0.));
#5754 = VECTOR('',#5755,1.);
#5755 = DIRECTION('',(0.,-1.));
#5756 = ( GEOMETRIC_REPRESENTATION_CONTEXT(2) 
PARAMETRIC_REPRESENTATION_CONTEXT() REPRESENTATION_CONTEXT('2D SPACE',''
  ) );
#5757 = ORIENTED_EDGE('',*,*,#2837,.T.);
#5758 = ORIENTED_EDGE('',*,*,#5759,.T.);
#5759 = EDGE_CURVE('',#2838,#5760,#5762,.T.);
#5760 = VERTEX_POINT('',#5761);
#5761 = CARTESIAN_POINT('',(196.8295947,-95.1202291,2.5));
#5762 = SURFACE_CURVE('',#5763,(#5767,#5774),.PCURVE_S1.);
#5763 = LINE('',#5764,#5765);
#5764 = CARTESIAN_POINT('',(196.8295947,-95.1202291,7.2));
#5765 = VECTOR('',#5766,1.);
#5766 = DIRECTION('',(0.,0.,-1.));
#5767 = PCURVE('',#1020,#5768);
#5768 = DEFINITIONAL_REPRESENTATION('',(#5769),#5773);
#5769 = LINE('',#5770,#5771);
#5770 = CARTESIAN_POINT('',(5.05,-1.6));
#5771 = VECTOR('',#5772,1.);
#5772 = DIRECTION('',(0.,1.));
#5773 = ( GEOMETRIC_REPRESENTATION_CONTEXT(2) 
PARAMETRIC_REPRESENTATION_CONTEXT() REPRESENTATION_CONTEXT('2D SPACE',''
  ) );
#5774 = PCURVE('',#2876,#5775);
#5775 = DEFINITIONAL_REPRESENTATION('',(#5776),#5780);
#5776 = LINE('',#5777,#5778);
#5777 = CARTESIAN_POINT('',(0.,-1.6));
#5778 = VECTOR('',#5779,1.);
#5779 = DIRECTION('',(0.,1.));
#5780 = ( GEOMETRIC_REPRESENTATION_CONTEXT(2) 
PARAMETRIC_REPRESENTATION_CONTEXT() REPRESENTATION_CONTEXT('2D SPACE',''
  ) );
#5781 = ORIENTED_EDGE('',*,*,#5782,.F.);
#5782 = EDGE_CURVE('',#5688,#5760,#5783,.T.);
#5783 = SURFACE_CURVE('',#5784,(#5788,#5795),.PCURVE_S1.);
#5784 = LINE('',#5785,#5786);
#5785 = CARTESIAN_POINT('',(196.8295947,-97.08912981821,2.5));
#5786 = VECTOR('',#5787,1.);
#5787 = DIRECTION('',(0.,1.,0.));
#5788 = PCURVE('',#1020,#5789);
#5789 = DEFINITIONAL_REPRESENTATION('',(#5790),#5794);
#5790 = LINE('',#5791,#5792);
#5791 = CARTESIAN_POINT('',(3.081099281787,3.1));
#5792 = VECTOR('',#5793,1.);
#5793 = DIRECTION('',(1.,0.));
#5794 = ( GEOMETRIC_REPRESENTATION_CONTEXT(2) 
PARAMETRIC_REPRESENTATION_CONTEXT() REPRESENTATION_CONTEXT('2D SPACE',''
  ) );
#5795 = PCURVE('',#5351,#5796);
#5796 = DEFINITIONAL_REPRESENTATION('',(#5797),#5801);
#5797 = LINE('',#5798,#5799);
#5798 = CARTESIAN_POINT('',(25.525621906237,17.495220155091));
#5799 = VECTOR('',#5800,1.);
#5800 = DIRECTION('',(0.,1.));
#5801 = ( GEOMETRIC_REPRESENTATION_CONTEXT(2) 
PARAMETRIC_REPRESENTATION_CONTEXT() REPRESENTATION_CONTEXT('2D SPACE',''
  ) );
#5802 = ORIENTED_EDGE('',*,*,#5712,.T.);
#5803 = ADVANCED_FACE('',(#5804),#992,.T.);
#5804 = FACE_BOUND('',#5805,.T.);
#5805 = EDGE_LOOP('',(#5806,#5827,#5828,#5829));
#5806 = ORIENTED_EDGE('',*,*,#5807,.T.);
#5807 = EDGE_CURVE('',#949,#2792,#5808,.T.);
#5808 = SURFACE_CURVE('',#5809,(#5813,#5820),.PCURVE_S1.);
#5809 = LINE('',#5810,#5811);
#5810 = CARTESIAN_POINT('',(198.5795947,-100.1702291,5.6));
#5811 = VECTOR('',#5812,1.);
#5812 = DIRECTION('',(0.,0.,1.));
#5813 = PCURVE('',#992,#5814);
#5814 = DEFINITIONAL_REPRESENTATION('',(#5815),#5819);
#5815 = LINE('',#5816,#5817);
#5816 = CARTESIAN_POINT('',(0.,-0.));
#5817 = VECTOR('',#5818,1.);
#5818 = DIRECTION('',(0.,-1.));
#5819 = ( GEOMETRIC_REPRESENTATION_CONTEXT(2) 
PARAMETRIC_REPRESENTATION_CONTEXT() REPRESENTATION_CONTEXT('2D SPACE',''
  ) );
#5820 = PCURVE('',#964,#5821);
#5821 = DEFINITIONAL_REPRESENTATION('',(#5822),#5826);
#5822 = LINE('',#5823,#5824);
#5823 = CARTESIAN_POINT('',(0.205422664238,0.));
#5824 = VECTOR('',#5825,1.);
#5825 = DIRECTION('',(0.,-1.));
#5826 = ( GEOMETRIC_REPRESENTATION_CONTEXT(2) 
PARAMETRIC_REPRESENTATION_CONTEXT() REPRESENTATION_CONTEXT('2D SPACE',''
  ) );
#5827 = ORIENTED_EDGE('',*,*,#2814,.T.);
#5828 = ORIENTED_EDGE('',*,*,#5737,.F.);
#5829 = ORIENTED_EDGE('',*,*,#976,.F.);
#5830 = ADVANCED_FACE('',(#5831),#964,.T.);
#5831 = FACE_BOUND('',#5832,.T.);
#5832 = EDGE_LOOP('',(#5833,#5854,#5855,#5856));
#5833 = ORIENTED_EDGE('',*,*,#5834,.T.);
#5834 = EDGE_CURVE('',#921,#2769,#5835,.T.);
#5835 = SURFACE_CURVE('',#5836,(#5840,#5847),.PCURVE_S1.);
#5836 = LINE('',#5837,#5838);
#5837 = CARTESIAN_POINT('',(198.78279397407,-100.2003708649,5.6));
#5838 = VECTOR('',#5839,1.);
#5839 = DIRECTION('',(0.,0.,1.));
#5840 = PCURVE('',#964,#5841);
#5841 = DEFINITIONAL_REPRESENTATION('',(#5842),#5846);
#5842 = LINE('',#5843,#5844);
#5843 = CARTESIAN_POINT('',(0.,0.));
#5844 = VECTOR('',#5845,1.);
#5845 = DIRECTION('',(0.,-1.));
#5846 = ( GEOMETRIC_REPRESENTATION_CONTEXT(2) 
PARAMETRIC_REPRESENTATION_CONTEXT() REPRESENTATION_CONTEXT('2D SPACE',''
  ) );
#5847 = PCURVE('',#936,#5848);
#5848 = DEFINITIONAL_REPRESENTATION('',(#5849),#5853);
#5849 = LINE('',#5850,#5851);
#5850 = CARTESIAN_POINT('',(0.137223996461,0.));
#5851 = VECTOR('',#5852,1.);
#5852 = DIRECTION('',(0.,-1.));
#5853 = ( GEOMETRIC_REPRESENTATION_CONTEXT(2) 
PARAMETRIC_REPRESENTATION_CONTEXT() REPRESENTATION_CONTEXT('2D SPACE',''
  ) );
#5854 = ORIENTED_EDGE('',*,*,#2791,.T.);
#5855 = ORIENTED_EDGE('',*,*,#5807,.F.);
#5856 = ORIENTED_EDGE('',*,*,#948,.F.);
#5857 = ADVANCED_FACE('',(#5858),#936,.T.);
#5858 = FACE_BOUND('',#5859,.T.);
#5859 = EDGE_LOOP('',(#5860,#5881,#5882,#5883));
#5860 = ORIENTED_EDGE('',*,*,#5861,.T.);
#5861 = EDGE_CURVE('',#893,#2746,#5862,.T.);
#5862 = SURFACE_CURVE('',#5863,(#5867,#5874),.PCURVE_S1.);
#5863 = LINE('',#5864,#5865);
#5864 = CARTESIAN_POINT('',(198.90957241577,-100.2528842149,5.6));
#5865 = VECTOR('',#5866,1.);
#5866 = DIRECTION('',(0.,0.,1.));
#5867 = PCURVE('',#936,#5868);
#5868 = DEFINITIONAL_REPRESENTATION('',(#5869),#5873);
#5869 = LINE('',#5870,#5871);
#5870 = CARTESIAN_POINT('',(0.,0.));
#5871 = VECTOR('',#5872,1.);
#5872 = DIRECTION('',(0.,-1.));
#5873 = ( GEOMETRIC_REPRESENTATION_CONTEXT(2) 
PARAMETRIC_REPRESENTATION_CONTEXT() REPRESENTATION_CONTEXT('2D SPACE',''
  ) );
#5874 = PCURVE('',#908,#5875);
#5875 = DEFINITIONAL_REPRESENTATION('',(#5876),#5880);
#5876 = LINE('',#5877,#5878);
#5877 = CARTESIAN_POINT('',(0.137223996461,0.));
#5878 = VECTOR('',#5879,1.);
#5879 = DIRECTION('',(0.,-1.));
#5880 = ( GEOMETRIC_REPRESENTATION_CONTEXT(2) 
PARAMETRIC_REPRESENTATION_CONTEXT() REPRESENTATION_CONTEXT('2D SPACE',''
  ) );
#5881 = ORIENTED_EDGE('',*,*,#2768,.T.);
#5882 = ORIENTED_EDGE('',*,*,#5834,.F.);
#5883 = ORIENTED_EDGE('',*,*,#920,.F.);
#5884 = ADVANCED_FACE('',(#5885),#908,.T.);
#5885 = FACE_BOUND('',#5886,.T.);
#5886 = EDGE_LOOP('',(#5887,#5908,#5909,#5910));
#5887 = ORIENTED_EDGE('',*,*,#5888,.T.);
#5888 = EDGE_CURVE('',#865,#2723,#5889,.T.);
#5889 = SURFACE_CURVE('',#5890,(#5894,#5901),.PCURVE_S1.);
#5890 = LINE('',#5891,#5892);
#5891 = CARTESIAN_POINT('',(199.02366999891,-100.3291217826,5.6));
#5892 = VECTOR('',#5893,1.);
#5893 = DIRECTION('',(0.,0.,1.));
#5894 = PCURVE('',#908,#5895);
#5895 = DEFINITIONAL_REPRESENTATION('',(#5896),#5900);
#5896 = LINE('',#5897,#5898);
#5897 = CARTESIAN_POINT('',(0.,0.));
#5898 = VECTOR('',#5899,1.);
#5899 = DIRECTION('',(0.,-1.));
#5900 = ( GEOMETRIC_REPRESENTATION_CONTEXT(2) 
PARAMETRIC_REPRESENTATION_CONTEXT() REPRESENTATION_CONTEXT('2D SPACE',''
  ) );
#5901 = PCURVE('',#880,#5902);
#5902 = DEFINITIONAL_REPRESENTATION('',(#5903),#5907);
#5903 = LINE('',#5904,#5905);
#5904 = CARTESIAN_POINT('',(0.205422664238,0.));
#5905 = VECTOR('',#5906,1.);
#5906 = DIRECTION('',(0.,-1.));
#5907 = ( GEOMETRIC_REPRESENTATION_CONTEXT(2) 
PARAMETRIC_REPRESENTATION_CONTEXT() REPRESENTATION_CONTEXT('2D SPACE',''
  ) );
#5908 = ORIENTED_EDGE('',*,*,#2745,.T.);
#5909 = ORIENTED_EDGE('',*,*,#5861,.F.);
#5910 = ORIENTED_EDGE('',*,*,#892,.F.);
#5911 = ADVANCED_FACE('',(#5912),#880,.T.);
#5912 = FACE_BOUND('',#5913,.T.);
#5913 = EDGE_LOOP('',(#5914,#5935,#5936,#5937));
#5914 = ORIENTED_EDGE('',*,*,#5915,.T.);
#5915 = EDGE_CURVE('',#837,#2700,#5916,.T.);
#5916 = SURFACE_CURVE('',#5917,(#5921,#5928),.PCURVE_S1.);
#5917 = LINE('',#5918,#5919);
#5918 = CARTESIAN_POINT('',(199.16162342861,-100.4813299368,5.6));
#5919 = VECTOR('',#5920,1.);
#5920 = DIRECTION('',(0.,0.,1.));
#5921 = PCURVE('',#880,#5922);
#5922 = DEFINITIONAL_REPRESENTATION('',(#5923),#5927);
#5923 = LINE('',#5924,#5925);
#5924 = CARTESIAN_POINT('',(0.,0.));
#5925 = VECTOR('',#5926,1.);
#5926 = DIRECTION('',(0.,-1.));
#5927 = ( GEOMETRIC_REPRESENTATION_CONTEXT(2) 
PARAMETRIC_REPRESENTATION_CONTEXT() REPRESENTATION_CONTEXT('2D SPACE',''
  ) );
#5928 = PCURVE('',#852,#5929);
#5929 = DEFINITIONAL_REPRESENTATION('',(#5930),#5934);
#5930 = LINE('',#5931,#5932);
#5931 = CARTESIAN_POINT('',(0.205422664237,0.));
#5932 = VECTOR('',#5933,1.);
#5933 = DIRECTION('',(0.,-1.));
#5934 = ( GEOMETRIC_REPRESENTATION_CONTEXT(2) 
PARAMETRIC_REPRESENTATION_CONTEXT() REPRESENTATION_CONTEXT('2D SPACE',''
  ) );
#5935 = ORIENTED_EDGE('',*,*,#2722,.T.);
#5936 = ORIENTED_EDGE('',*,*,#5888,.F.);
#5937 = ORIENTED_EDGE('',*,*,#864,.F.);
#5938 = ADVANCED_FACE('',(#5939),#852,.T.);
#5939 = FACE_BOUND('',#5940,.T.);
#5940 = EDGE_LOOP('',(#5941,#5962,#5963,#5964));
#5941 = ORIENTED_EDGE('',*,*,#5942,.T.);
#5942 = EDGE_CURVE('',#809,#2677,#5943,.T.);
#5943 = SURFACE_CURVE('',#5944,(#5948,#5955),.PCURVE_S1.);
#5944 = LINE('',#5945,#5946);
#5945 = CARTESIAN_POINT('',(199.24945293501,-100.6670298259,5.6));
#5946 = VECTOR('',#5947,1.);
#5947 = DIRECTION('',(0.,0.,1.));
#5948 = PCURVE('',#852,#5949);
#5949 = DEFINITIONAL_REPRESENTATION('',(#5950),#5954);
#5950 = LINE('',#5951,#5952);
#5951 = CARTESIAN_POINT('',(0.,0.));
#5952 = VECTOR('',#5953,1.);
#5953 = DIRECTION('',(0.,-1.));
#5954 = ( GEOMETRIC_REPRESENTATION_CONTEXT(2) 
PARAMETRIC_REPRESENTATION_CONTEXT() REPRESENTATION_CONTEXT('2D SPACE',''
  ) );
#5955 = PCURVE('',#824,#5956);
#5956 = DEFINITIONAL_REPRESENTATION('',(#5957),#5961);
#5957 = LINE('',#5958,#5959);
#5958 = CARTESIAN_POINT('',(0.205422664238,0.));
#5959 = VECTOR('',#5960,1.);
#5960 = DIRECTION('',(0.,-1.));
#5961 = ( GEOMETRIC_REPRESENTATION_CONTEXT(2) 
PARAMETRIC_REPRESENTATION_CONTEXT() REPRESENTATION_CONTEXT('2D SPACE',''
  ) );
#5962 = ORIENTED_EDGE('',*,*,#2699,.T.);
#5963 = ORIENTED_EDGE('',*,*,#5915,.F.);
#5964 = ORIENTED_EDGE('',*,*,#836,.F.);
#5965 = ADVANCED_FACE('',(#5966),#824,.T.);
#5966 = FACE_BOUND('',#5967,.T.);
#5967 = EDGE_LOOP('',(#5968,#5989,#5990,#5991));
#5968 = ORIENTED_EDGE('',*,*,#5969,.T.);
#5969 = EDGE_CURVE('',#781,#2654,#5970,.T.);
#5970 = SURFACE_CURVE('',#5971,(#5975,#5982),.PCURVE_S1.);
#5971 = LINE('',#5972,#5973);
#5972 = CARTESIAN_POINT('',(199.2795947,-100.8702291,5.6));
#5973 = VECTOR('',#5974,1.);
#5974 = DIRECTION('',(0.,0.,1.));
#5975 = PCURVE('',#824,#5976);
#5976 = DEFINITIONAL_REPRESENTATION('',(#5977),#5981);
#5977 = LINE('',#5978,#5979);
#5978 = CARTESIAN_POINT('',(0.,0.));
#5979 = VECTOR('',#5980,1.);
#5980 = DIRECTION('',(0.,-1.));
#5981 = ( GEOMETRIC_REPRESENTATION_CONTEXT(2) 
PARAMETRIC_REPRESENTATION_CONTEXT() REPRESENTATION_CONTEXT('2D SPACE',''
  ) );
#5982 = PCURVE('',#796,#5983);
#5983 = DEFINITIONAL_REPRESENTATION('',(#5984),#5988);
#5984 = LINE('',#5985,#5986);
#5985 = CARTESIAN_POINT('',(16.5,0.));
#5986 = VECTOR('',#5987,1.);
#5987 = DIRECTION('',(0.,-1.));
#5988 = ( GEOMETRIC_REPRESENTATION_CONTEXT(2) 
PARAMETRIC_REPRESENTATION_CONTEXT() REPRESENTATION_CONTEXT('2D SPACE',''
  ) );
#5989 = ORIENTED_EDGE('',*,*,#2676,.T.);
#5990 = ORIENTED_EDGE('',*,*,#5942,.F.);
#5991 = ORIENTED_EDGE('',*,*,#808,.F.);
#5992 = ADVANCED_FACE('',(#5993),#796,.T.);
#5993 = FACE_BOUND('',#5994,.T.);
#5994 = EDGE_LOOP('',(#5995,#6016,#6017,#6018));
#5995 = ORIENTED_EDGE('',*,*,#5996,.T.);
#5996 = EDGE_CURVE('',#753,#2631,#5997,.T.);
#5997 = SURFACE_CURVE('',#5998,(#6002,#6009),.PCURVE_S1.);
#5998 = LINE('',#5999,#6000);
#5999 = CARTESIAN_POINT('',(199.2795947,-117.3702291,5.6));
#6000 = VECTOR('',#6001,1.);
#6001 = DIRECTION('',(0.,0.,1.));
#6002 = PCURVE('',#796,#6003);
#6003 = DEFINITIONAL_REPRESENTATION('',(#6004),#6008);
#6004 = LINE('',#6005,#6006);
#6005 = CARTESIAN_POINT('',(0.,0.));
#6006 = VECTOR('',#6007,1.);
#6007 = DIRECTION('',(0.,-1.));
#6008 = ( GEOMETRIC_REPRESENTATION_CONTEXT(2) 
PARAMETRIC_REPRESENTATION_CONTEXT() REPRESENTATION_CONTEXT('2D SPACE',''
  ) );
#6009 = PCURVE('',#768,#6010);
#6010 = DEFINITIONAL_REPRESENTATION('',(#6011),#6015);
#6011 = LINE('',#6012,#6013);
#6012 = CARTESIAN_POINT('',(0.137223996461,0.));
#6013 = VECTOR('',#6014,1.);
#6014 = DIRECTION('',(0.,-1.));
#6015 = ( GEOMETRIC_REPRESENTATION_CONTEXT(2) 
PARAMETRIC_REPRESENTATION_CONTEXT() REPRESENTATION_CONTEXT('2D SPACE',''
  ) );
#6016 = ORIENTED_EDGE('',*,*,#2653,.T.);
#6017 = ORIENTED_EDGE('',*,*,#5969,.F.);
#6018 = ORIENTED_EDGE('',*,*,#780,.F.);
#6019 = ADVANCED_FACE('',(#6020),#768,.T.);
#6020 = FACE_BOUND('',#6021,.T.);
#6021 = EDGE_LOOP('',(#6022,#6043,#6044,#6045));
#6022 = ORIENTED_EDGE('',*,*,#6023,.T.);
#6023 = EDGE_CURVE('',#725,#2608,#6024,.T.);
#6024 = SURFACE_CURVE('',#6025,(#6029,#6036),.PCURVE_S1.);
#6025 = LINE('',#6026,#6027);
#6026 = CARTESIAN_POINT('',(199.26614439628,-117.5067923254,5.6));
#6027 = VECTOR('',#6028,1.);
#6028 = DIRECTION('',(0.,0.,1.));
#6029 = PCURVE('',#768,#6030);
#6030 = DEFINITIONAL_REPRESENTATION('',(#6031),#6035);
#6031 = LINE('',#6032,#6033);
#6032 = CARTESIAN_POINT('',(0.,0.));
#6033 = VECTOR('',#6034,1.);
#6034 = DIRECTION('',(0.,-1.));
#6035 = ( GEOMETRIC_REPRESENTATION_CONTEXT(2) 
PARAMETRIC_REPRESENTATION_CONTEXT() REPRESENTATION_CONTEXT('2D SPACE',''
  ) );
#6036 = PCURVE('',#740,#6037);
#6037 = DEFINITIONAL_REPRESENTATION('',(#6038),#6042);
#6038 = LINE('',#6039,#6040);
#6039 = CARTESIAN_POINT('',(0.118262152533,0.));
#6040 = VECTOR('',#6041,1.);
#6041 = DIRECTION('',(0.,-1.));
#6042 = ( GEOMETRIC_REPRESENTATION_CONTEXT(2) 
PARAMETRIC_REPRESENTATION_CONTEXT() REPRESENTATION_CONTEXT('2D SPACE',''
  ) );
#6043 = ORIENTED_EDGE('',*,*,#2630,.T.);
#6044 = ORIENTED_EDGE('',*,*,#5996,.F.);
#6045 = ORIENTED_EDGE('',*,*,#752,.F.);
#6046 = ADVANCED_FACE('',(#6047),#740,.T.);
#6047 = FACE_BOUND('',#6048,.T.);
#6048 = EDGE_LOOP('',(#6049,#6070,#6071,#6072));
#6049 = ORIENTED_EDGE('',*,*,#6050,.T.);
#6050 = EDGE_CURVE('',#697,#2585,#6051,.T.);
#6051 = SURFACE_CURVE('',#6052,(#6056,#6063),.PCURVE_S1.);
#6052 = LINE('',#6053,#6054);
#6053 = CARTESIAN_POINT('',(199.23270736751,-117.6202291,5.6));
#6054 = VECTOR('',#6055,1.);
#6055 = DIRECTION('',(0.,0.,1.));
#6056 = PCURVE('',#740,#6057);
#6057 = DEFINITIONAL_REPRESENTATION('',(#6058),#6062);
#6058 = LINE('',#6059,#6060);
#6059 = CARTESIAN_POINT('',(0.,0.));
#6060 = VECTOR('',#6061,1.);
#6061 = DIRECTION('',(0.,-1.));
#6062 = ( GEOMETRIC_REPRESENTATION_CONTEXT(2) 
PARAMETRIC_REPRESENTATION_CONTEXT() REPRESENTATION_CONTEXT('2D SPACE',''
  ) );
#6063 = PCURVE('',#712,#6064);
#6064 = DEFINITIONAL_REPRESENTATION('',(#6065),#6069);
#6065 = LINE('',#6066,#6067);
#6066 = CARTESIAN_POINT('',(0.118262152533,0.));
#6067 = VECTOR('',#6068,1.);
#6068 = DIRECTION('',(0.,-1.));
#6069 = ( GEOMETRIC_REPRESENTATION_CONTEXT(2) 
PARAMETRIC_REPRESENTATION_CONTEXT() REPRESENTATION_CONTEXT('2D SPACE',''
  ) );
#6070 = ORIENTED_EDGE('',*,*,#2607,.T.);
#6071 = ORIENTED_EDGE('',*,*,#6023,.F.);
#6072 = ORIENTED_EDGE('',*,*,#724,.F.);
#6073 = ADVANCED_FACE('',(#6074),#712,.T.);
#6074 = FACE_BOUND('',#6075,.T.);
#6075 = EDGE_LOOP('',(#6076,#6097,#6098,#6099));
#6076 = ORIENTED_EDGE('',*,*,#6077,.T.);
#6077 = EDGE_CURVE('',#669,#2562,#6078,.T.);
#6078 = SURFACE_CURVE('',#6079,(#6083,#6090),.PCURVE_S1.);
#6079 = LINE('',#6080,#6081);
#6080 = CARTESIAN_POINT('',(199.26614439628,-117.7336658745,5.6));
#6081 = VECTOR('',#6082,1.);
#6082 = DIRECTION('',(0.,0.,1.));
#6083 = PCURVE('',#712,#6084);
#6084 = DEFINITIONAL_REPRESENTATION('',(#6085),#6089);
#6085 = LINE('',#6086,#6087);
#6086 = CARTESIAN_POINT('',(0.,0.));
#6087 = VECTOR('',#6088,1.);
#6088 = DIRECTION('',(0.,-1.));
#6089 = ( GEOMETRIC_REPRESENTATION_CONTEXT(2) 
PARAMETRIC_REPRESENTATION_CONTEXT() REPRESENTATION_CONTEXT('2D SPACE',''
  ) );
#6090 = PCURVE('',#684,#6091);
#6091 = DEFINITIONAL_REPRESENTATION('',(#6092),#6096);
#6092 = LINE('',#6093,#6094);
#6093 = CARTESIAN_POINT('',(0.137223996461,0.));
#6094 = VECTOR('',#6095,1.);
#6095 = DIRECTION('',(0.,-1.));
#6096 = ( GEOMETRIC_REPRESENTATION_CONTEXT(2) 
PARAMETRIC_REPRESENTATION_CONTEXT() REPRESENTATION_CONTEXT('2D SPACE',''
  ) );
#6097 = ORIENTED_EDGE('',*,*,#2584,.T.);
#6098 = ORIENTED_EDGE('',*,*,#6050,.F.);
#6099 = ORIENTED_EDGE('',*,*,#696,.F.);
#6100 = ADVANCED_FACE('',(#6101),#684,.T.);
#6101 = FACE_BOUND('',#6102,.T.);
#6102 = EDGE_LOOP('',(#6103,#6124,#6125,#6126));
#6103 = ORIENTED_EDGE('',*,*,#6104,.T.);
#6104 = EDGE_CURVE('',#641,#2539,#6105,.T.);
#6105 = SURFACE_CURVE('',#6106,(#6110,#6117),.PCURVE_S1.);
#6106 = LINE('',#6107,#6108);
#6107 = CARTESIAN_POINT('',(199.2795947,-117.8702291,5.6));
#6108 = VECTOR('',#6109,1.);
#6109 = DIRECTION('',(0.,0.,1.));
#6110 = PCURVE('',#684,#6111);
#6111 = DEFINITIONAL_REPRESENTATION('',(#6112),#6116);
#6112 = LINE('',#6113,#6114);
#6113 = CARTESIAN_POINT('',(0.,0.));
#6114 = VECTOR('',#6115,1.);
#6115 = DIRECTION('',(0.,-1.));
#6116 = ( GEOMETRIC_REPRESENTATION_CONTEXT(2) 
PARAMETRIC_REPRESENTATION_CONTEXT() REPRESENTATION_CONTEXT('2D SPACE',''
  ) );
#6117 = PCURVE('',#656,#6118);
#6118 = DEFINITIONAL_REPRESENTATION('',(#6119),#6123);
#6119 = LINE('',#6120,#6121);
#6120 = CARTESIAN_POINT('',(16.5,0.));
#6121 = VECTOR('',#6122,1.);
#6122 = DIRECTION('',(0.,-1.));
#6123 = ( GEOMETRIC_REPRESENTATION_CONTEXT(2) 
PARAMETRIC_REPRESENTATION_CONTEXT() REPRESENTATION_CONTEXT('2D SPACE',''
  ) );
#6124 = ORIENTED_EDGE('',*,*,#2561,.T.);
#6125 = ORIENTED_EDGE('',*,*,#6077,.F.);
#6126 = ORIENTED_EDGE('',*,*,#668,.F.);
#6127 = ADVANCED_FACE('',(#6128),#656,.T.);
#6128 = FACE_BOUND('',#6129,.T.);
#6129 = EDGE_LOOP('',(#6130,#6151,#6152,#6153));
#6130 = ORIENTED_EDGE('',*,*,#6131,.T.);
#6131 = EDGE_CURVE('',#613,#2516,#6132,.T.);
#6132 = SURFACE_CURVE('',#6133,(#6137,#6144),.PCURVE_S1.);
#6133 = LINE('',#6134,#6135);
#6134 = CARTESIAN_POINT('',(199.2795947,-134.3702291,5.6));
#6135 = VECTOR('',#6136,1.);
#6136 = DIRECTION('',(0.,0.,1.));
#6137 = PCURVE('',#656,#6138);
#6138 = DEFINITIONAL_REPRESENTATION('',(#6139),#6143);
#6139 = LINE('',#6140,#6141);
#6140 = CARTESIAN_POINT('',(0.,0.));
#6141 = VECTOR('',#6142,1.);
#6142 = DIRECTION('',(0.,-1.));
#6143 = ( GEOMETRIC_REPRESENTATION_CONTEXT(2) 
PARAMETRIC_REPRESENTATION_CONTEXT() REPRESENTATION_CONTEXT('2D SPACE',''
  ) );
#6144 = PCURVE('',#628,#6145);
#6145 = DEFINITIONAL_REPRESENTATION('',(#6146),#6150);
#6146 = LINE('',#6147,#6148);
#6147 = CARTESIAN_POINT('',(0.137223996461,0.));
#6148 = VECTOR('',#6149,1.);
#6149 = DIRECTION('',(0.,-1.));
#6150 = ( GEOMETRIC_REPRESENTATION_CONTEXT(2) 
PARAMETRIC_REPRESENTATION_CONTEXT() REPRESENTATION_CONTEXT('2D SPACE',''
  ) );
#6151 = ORIENTED_EDGE('',*,*,#2538,.T.);
#6152 = ORIENTED_EDGE('',*,*,#6104,.F.);
#6153 = ORIENTED_EDGE('',*,*,#640,.F.);
#6154 = ADVANCED_FACE('',(#6155),#628,.T.);
#6155 = FACE_BOUND('',#6156,.T.);
#6156 = EDGE_LOOP('',(#6157,#6178,#6179,#6180));
#6157 = ORIENTED_EDGE('',*,*,#6158,.T.);
#6158 = EDGE_CURVE('',#585,#2493,#6159,.T.);
#6159 = SURFACE_CURVE('',#6160,(#6164,#6171),.PCURVE_S1.);
#6160 = LINE('',#6161,#6162);
#6161 = CARTESIAN_POINT('',(199.26614439628,-134.5067923254,5.6));
#6162 = VECTOR('',#6163,1.);
#6163 = DIRECTION('',(0.,0.,1.));
#6164 = PCURVE('',#628,#6165);
#6165 = DEFINITIONAL_REPRESENTATION('',(#6166),#6170);
#6166 = LINE('',#6167,#6168);
#6167 = CARTESIAN_POINT('',(0.,0.));
#6168 = VECTOR('',#6169,1.);
#6169 = DIRECTION('',(0.,-1.));
#6170 = ( GEOMETRIC_REPRESENTATION_CONTEXT(2) 
PARAMETRIC_REPRESENTATION_CONTEXT() REPRESENTATION_CONTEXT('2D SPACE',''
  ) );
#6171 = PCURVE('',#600,#6172);
#6172 = DEFINITIONAL_REPRESENTATION('',(#6173),#6177);
#6173 = LINE('',#6174,#6175);
#6174 = CARTESIAN_POINT('',(0.118262152533,0.));
#6175 = VECTOR('',#6176,1.);
#6176 = DIRECTION('',(0.,-1.));
#6177 = ( GEOMETRIC_REPRESENTATION_CONTEXT(2) 
PARAMETRIC_REPRESENTATION_CONTEXT() REPRESENTATION_CONTEXT('2D SPACE',''
  ) );
#6178 = ORIENTED_EDGE('',*,*,#2515,.T.);
#6179 = ORIENTED_EDGE('',*,*,#6131,.F.);
#6180 = ORIENTED_EDGE('',*,*,#612,.F.);
#6181 = ADVANCED_FACE('',(#6182),#600,.T.);
#6182 = FACE_BOUND('',#6183,.T.);
#6183 = EDGE_LOOP('',(#6184,#6205,#6206,#6207));
#6184 = ORIENTED_EDGE('',*,*,#6185,.T.);
#6185 = EDGE_CURVE('',#557,#2470,#6186,.T.);
#6186 = SURFACE_CURVE('',#6187,(#6191,#6198),.PCURVE_S1.);
#6187 = LINE('',#6188,#6189);
#6188 = CARTESIAN_POINT('',(199.23270736751,-134.6202291,5.6));
#6189 = VECTOR('',#6190,1.);
#6190 = DIRECTION('',(0.,0.,1.));
#6191 = PCURVE('',#600,#6192);
#6192 = DEFINITIONAL_REPRESENTATION('',(#6193),#6197);
#6193 = LINE('',#6194,#6195);
#6194 = CARTESIAN_POINT('',(0.,0.));
#6195 = VECTOR('',#6196,1.);
#6196 = DIRECTION('',(0.,-1.));
#6197 = ( GEOMETRIC_REPRESENTATION_CONTEXT(2) 
PARAMETRIC_REPRESENTATION_CONTEXT() REPRESENTATION_CONTEXT('2D SPACE',''
  ) );
#6198 = PCURVE('',#572,#6199);
#6199 = DEFINITIONAL_REPRESENTATION('',(#6200),#6204);
#6200 = LINE('',#6201,#6202);
#6201 = CARTESIAN_POINT('',(0.118262152533,0.));
#6202 = VECTOR('',#6203,1.);
#6203 = DIRECTION('',(0.,-1.));
#6204 = ( GEOMETRIC_REPRESENTATION_CONTEXT(2) 
PARAMETRIC_REPRESENTATION_CONTEXT() REPRESENTATION_CONTEXT('2D SPACE',''
  ) );
#6205 = ORIENTED_EDGE('',*,*,#2492,.T.);
#6206 = ORIENTED_EDGE('',*,*,#6158,.F.);
#6207 = ORIENTED_EDGE('',*,*,#584,.F.);
#6208 = ADVANCED_FACE('',(#6209),#572,.T.);
#6209 = FACE_BOUND('',#6210,.T.);
#6210 = EDGE_LOOP('',(#6211,#6232,#6233,#6234));
#6211 = ORIENTED_EDGE('',*,*,#6212,.T.);
#6212 = EDGE_CURVE('',#529,#2447,#6213,.T.);
#6213 = SURFACE_CURVE('',#6214,(#6218,#6225),.PCURVE_S1.);
#6214 = LINE('',#6215,#6216);
#6215 = CARTESIAN_POINT('',(199.26614439628,-134.7336658745,5.6));
#6216 = VECTOR('',#6217,1.);
#6217 = DIRECTION('',(0.,0.,1.));
#6218 = PCURVE('',#572,#6219);
#6219 = DEFINITIONAL_REPRESENTATION('',(#6220),#6224);
#6220 = LINE('',#6221,#6222);
#6221 = CARTESIAN_POINT('',(0.,0.));
#6222 = VECTOR('',#6223,1.);
#6223 = DIRECTION('',(0.,-1.));
#6224 = ( GEOMETRIC_REPRESENTATION_CONTEXT(2) 
PARAMETRIC_REPRESENTATION_CONTEXT() REPRESENTATION_CONTEXT('2D SPACE',''
  ) );
#6225 = PCURVE('',#544,#6226);
#6226 = DEFINITIONAL_REPRESENTATION('',(#6227),#6231);
#6227 = LINE('',#6228,#6229);
#6228 = CARTESIAN_POINT('',(0.137223996461,0.));
#6229 = VECTOR('',#6230,1.);
#6230 = DIRECTION('',(0.,-1.));
#6231 = ( GEOMETRIC_REPRESENTATION_CONTEXT(2) 
PARAMETRIC_REPRESENTATION_CONTEXT() REPRESENTATION_CONTEXT('2D SPACE',''
  ) );
#6232 = ORIENTED_EDGE('',*,*,#2469,.T.);
#6233 = ORIENTED_EDGE('',*,*,#6185,.F.);
#6234 = ORIENTED_EDGE('',*,*,#556,.F.);
#6235 = ADVANCED_FACE('',(#6236),#544,.T.);
#6236 = FACE_BOUND('',#6237,.T.);
#6237 = EDGE_LOOP('',(#6238,#6259,#6260,#6261));
#6238 = ORIENTED_EDGE('',*,*,#6239,.T.);
#6239 = EDGE_CURVE('',#501,#2424,#6240,.T.);
#6240 = SURFACE_CURVE('',#6241,(#6245,#6252),.PCURVE_S1.);
#6241 = LINE('',#6242,#6243);
#6242 = CARTESIAN_POINT('',(199.2795947,-134.8702291,5.6));
#6243 = VECTOR('',#6244,1.);
#6244 = DIRECTION('',(0.,0.,1.));
#6245 = PCURVE('',#544,#6246);
#6246 = DEFINITIONAL_REPRESENTATION('',(#6247),#6251);
#6247 = LINE('',#6248,#6249);
#6248 = CARTESIAN_POINT('',(0.,0.));
#6249 = VECTOR('',#6250,1.);
#6250 = DIRECTION('',(0.,-1.));
#6251 = ( GEOMETRIC_REPRESENTATION_CONTEXT(2) 
PARAMETRIC_REPRESENTATION_CONTEXT() REPRESENTATION_CONTEXT('2D SPACE',''
  ) );
#6252 = PCURVE('',#516,#6253);
#6253 = DEFINITIONAL_REPRESENTATION('',(#6254),#6258);
#6254 = LINE('',#6255,#6256);
#6255 = CARTESIAN_POINT('',(16.5,0.));
#6256 = VECTOR('',#6257,1.);
#6257 = DIRECTION('',(0.,-1.));
#6258 = ( GEOMETRIC_REPRESENTATION_CONTEXT(2) 
PARAMETRIC_REPRESENTATION_CONTEXT() REPRESENTATION_CONTEXT('2D SPACE',''
  ) );
#6259 = ORIENTED_EDGE('',*,*,#2446,.T.);
#6260 = ORIENTED_EDGE('',*,*,#6212,.F.);
#6261 = ORIENTED_EDGE('',*,*,#528,.F.);
#6262 = ADVANCED_FACE('',(#6263),#516,.T.);
#6263 = FACE_BOUND('',#6264,.T.);
#6264 = EDGE_LOOP('',(#6265,#6286,#6287,#6288));
#6265 = ORIENTED_EDGE('',*,*,#6266,.T.);
#6266 = EDGE_CURVE('',#473,#2401,#6267,.T.);
#6267 = SURFACE_CURVE('',#6268,(#6272,#6279),.PCURVE_S1.);
#6268 = LINE('',#6269,#6270);
#6269 = CARTESIAN_POINT('',(199.2795947,-151.3702291,5.6));
#6270 = VECTOR('',#6271,1.);
#6271 = DIRECTION('',(0.,0.,1.));
#6272 = PCURVE('',#516,#6273);
#6273 = DEFINITIONAL_REPRESENTATION('',(#6274),#6278);
#6274 = LINE('',#6275,#6276);
#6275 = CARTESIAN_POINT('',(0.,0.));
#6276 = VECTOR('',#6277,1.);
#6277 = DIRECTION('',(0.,-1.));
#6278 = ( GEOMETRIC_REPRESENTATION_CONTEXT(2) 
PARAMETRIC_REPRESENTATION_CONTEXT() REPRESENTATION_CONTEXT('2D SPACE',''
  ) );
#6279 = PCURVE('',#488,#6280);
#6280 = DEFINITIONAL_REPRESENTATION('',(#6281),#6285);
#6281 = LINE('',#6282,#6283);
#6282 = CARTESIAN_POINT('',(0.137223996461,0.));
#6283 = VECTOR('',#6284,1.);
#6284 = DIRECTION('',(0.,-1.));
#6285 = ( GEOMETRIC_REPRESENTATION_CONTEXT(2) 
PARAMETRIC_REPRESENTATION_CONTEXT() REPRESENTATION_CONTEXT('2D SPACE',''
  ) );
#6286 = ORIENTED_EDGE('',*,*,#2423,.T.);
#6287 = ORIENTED_EDGE('',*,*,#6239,.F.);
#6288 = ORIENTED_EDGE('',*,*,#500,.F.);
#6289 = ADVANCED_FACE('',(#6290),#488,.T.);
#6290 = FACE_BOUND('',#6291,.T.);
#6291 = EDGE_LOOP('',(#6292,#6313,#6314,#6315));
#6292 = ORIENTED_EDGE('',*,*,#6293,.T.);
#6293 = EDGE_CURVE('',#445,#2378,#6294,.T.);
#6294 = SURFACE_CURVE('',#6295,(#6299,#6306),.PCURVE_S1.);
#6295 = LINE('',#6296,#6297);
#6296 = CARTESIAN_POINT('',(199.26614439628,-151.5067923254,5.6));
#6297 = VECTOR('',#6298,1.);
#6298 = DIRECTION('',(0.,0.,1.));
#6299 = PCURVE('',#488,#6300);
#6300 = DEFINITIONAL_REPRESENTATION('',(#6301),#6305);
#6301 = LINE('',#6302,#6303);
#6302 = CARTESIAN_POINT('',(0.,0.));
#6303 = VECTOR('',#6304,1.);
#6304 = DIRECTION('',(0.,-1.));
#6305 = ( GEOMETRIC_REPRESENTATION_CONTEXT(2) 
PARAMETRIC_REPRESENTATION_CONTEXT() REPRESENTATION_CONTEXT('2D SPACE',''
  ) );
#6306 = PCURVE('',#460,#6307);
#6307 = DEFINITIONAL_REPRESENTATION('',(#6308),#6312);
#6308 = LINE('',#6309,#6310);
#6309 = CARTESIAN_POINT('',(0.137223996461,0.));
#6310 = VECTOR('',#6311,1.);
#6311 = DIRECTION('',(0.,-1.));
#6312 = ( GEOMETRIC_REPRESENTATION_CONTEXT(2) 
PARAMETRIC_REPRESENTATION_CONTEXT() REPRESENTATION_CONTEXT('2D SPACE',''
  ) );
#6313 = ORIENTED_EDGE('',*,*,#2400,.T.);
#6314 = ORIENTED_EDGE('',*,*,#6266,.F.);
#6315 = ORIENTED_EDGE('',*,*,#472,.F.);
#6316 = ADVANCED_FACE('',(#6317),#460,.T.);
#6317 = FACE_BOUND('',#6318,.T.);
#6318 = EDGE_LOOP('',(#6319,#6340,#6341,#6342));
#6319 = ORIENTED_EDGE('',*,*,#6320,.T.);
#6320 = EDGE_CURVE('',#417,#2355,#6321,.T.);
#6321 = SURFACE_CURVE('',#6322,(#6326,#6333),.PCURVE_S1.);
#6322 = LINE('',#6323,#6324);
#6323 = CARTESIAN_POINT('',(199.22631037275,-151.6381075026,5.6));
#6324 = VECTOR('',#6325,1.);
#6325 = DIRECTION('',(0.,0.,1.));
#6326 = PCURVE('',#460,#6327);
#6327 = DEFINITIONAL_REPRESENTATION('',(#6328),#6332);
#6328 = LINE('',#6329,#6330);
#6329 = CARTESIAN_POINT('',(0.,0.));
#6330 = VECTOR('',#6331,1.);
#6331 = DIRECTION('',(0.,-1.));
#6332 = ( GEOMETRIC_REPRESENTATION_CONTEXT(2) 
PARAMETRIC_REPRESENTATION_CONTEXT() REPRESENTATION_CONTEXT('2D SPACE',''
  ) );
#6333 = PCURVE('',#432,#6334);
#6334 = DEFINITIONAL_REPRESENTATION('',(#6335),#6339);
#6335 = LINE('',#6336,#6337);
#6336 = CARTESIAN_POINT('',(0.137223996461,0.));
#6337 = VECTOR('',#6338,1.);
#6338 = DIRECTION('',(0.,-1.));
#6339 = ( GEOMETRIC_REPRESENTATION_CONTEXT(2) 
PARAMETRIC_REPRESENTATION_CONTEXT() REPRESENTATION_CONTEXT('2D SPACE',''
  ) );
#6340 = ORIENTED_EDGE('',*,*,#2377,.T.);
#6341 = ORIENTED_EDGE('',*,*,#6293,.F.);
#6342 = ORIENTED_EDGE('',*,*,#444,.F.);
#6343 = ADVANCED_FACE('',(#6344),#432,.T.);
#6344 = FACE_BOUND('',#6345,.T.);
#6345 = EDGE_LOOP('',(#6346,#6367,#6368,#6369));
#6346 = ORIENTED_EDGE('',*,*,#6347,.T.);
#6347 = EDGE_CURVE('',#389,#2332,#6348,.T.);
#6348 = SURFACE_CURVE('',#6349,(#6353,#6360),.PCURVE_S1.);
#6349 = LINE('',#6350,#6351);
#6350 = CARTESIAN_POINT('',(199.16162342861,-151.7591282631,5.6));
#6351 = VECTOR('',#6352,1.);
#6352 = DIRECTION('',(0.,0.,1.));
#6353 = PCURVE('',#432,#6354);
#6354 = DEFINITIONAL_REPRESENTATION('',(#6355),#6359);
#6355 = LINE('',#6356,#6357);
#6356 = CARTESIAN_POINT('',(0.,0.));
#6357 = VECTOR('',#6358,1.);
#6358 = DIRECTION('',(0.,-1.));
#6359 = ( GEOMETRIC_REPRESENTATION_CONTEXT(2) 
PARAMETRIC_REPRESENTATION_CONTEXT() REPRESENTATION_CONTEXT('2D SPACE',''
  ) );
#6360 = PCURVE('',#404,#6361);
#6361 = DEFINITIONAL_REPRESENTATION('',(#6362),#6366);
#6362 = LINE('',#6363,#6364);
#6363 = CARTESIAN_POINT('',(0.137223996461,0.));
#6364 = VECTOR('',#6365,1.);
#6365 = DIRECTION('',(0.,-1.));
#6366 = ( GEOMETRIC_REPRESENTATION_CONTEXT(2) 
PARAMETRIC_REPRESENTATION_CONTEXT() REPRESENTATION_CONTEXT('2D SPACE',''
  ) );
#6367 = ORIENTED_EDGE('',*,*,#2354,.T.);
#6368 = ORIENTED_EDGE('',*,*,#6320,.F.);
#6369 = ORIENTED_EDGE('',*,*,#416,.F.);
#6370 = ADVANCED_FACE('',(#6371),#404,.T.);
#6371 = FACE_BOUND('',#6372,.T.);
#6372 = EDGE_LOOP('',(#6373,#6394,#6395,#6396));
#6373 = ORIENTED_EDGE('',*,*,#6374,.T.);
#6374 = EDGE_CURVE('',#361,#2309,#6375,.T.);
#6375 = SURFACE_CURVE('',#6376,(#6380,#6387),.PCURVE_S1.);
#6376 = LINE('',#6377,#6378);
#6377 = CARTESIAN_POINT('',(199.07456944683,-151.8652038468,5.6));
#6378 = VECTOR('',#6379,1.);
#6379 = DIRECTION('',(0.,0.,1.));
#6380 = PCURVE('',#404,#6381);
#6381 = DEFINITIONAL_REPRESENTATION('',(#6382),#6386);
#6382 = LINE('',#6383,#6384);
#6383 = CARTESIAN_POINT('',(0.,0.));
#6384 = VECTOR('',#6385,1.);
#6385 = DIRECTION('',(0.,-1.));
#6386 = ( GEOMETRIC_REPRESENTATION_CONTEXT(2) 
PARAMETRIC_REPRESENTATION_CONTEXT() REPRESENTATION_CONTEXT('2D SPACE',''
  ) );
#6387 = PCURVE('',#376,#6388);
#6388 = DEFINITIONAL_REPRESENTATION('',(#6389),#6393);
#6389 = LINE('',#6390,#6391);
#6390 = CARTESIAN_POINT('',(0.137223996461,0.));
#6391 = VECTOR('',#6392,1.);
#6392 = DIRECTION('',(0.,-1.));
#6393 = ( GEOMETRIC_REPRESENTATION_CONTEXT(2) 
PARAMETRIC_REPRESENTATION_CONTEXT() REPRESENTATION_CONTEXT('2D SPACE',''
  ) );
#6394 = ORIENTED_EDGE('',*,*,#2331,.T.);
#6395 = ORIENTED_EDGE('',*,*,#6347,.F.);
#6396 = ORIENTED_EDGE('',*,*,#388,.F.);
#6397 = ADVANCED_FACE('',(#6398),#376,.T.);
#6398 = FACE_BOUND('',#6399,.T.);
#6399 = EDGE_LOOP('',(#6400,#6401,#6402,#6403));
#6400 = ORIENTED_EDGE('',*,*,#3681,.T.);
#6401 = ORIENTED_EDGE('',*,*,#2308,.T.);
#6402 = ORIENTED_EDGE('',*,*,#6374,.F.);
#6403 = ORIENTED_EDGE('',*,*,#360,.F.);
#6404 = ADVANCED_FACE('',(#6405),#2128,.F.);
#6405 = FACE_BOUND('',#6406,.F.);
#6406 = EDGE_LOOP('',(#6407,#6408,#6429,#6430));
#6407 = ORIENTED_EDGE('',*,*,#3526,.F.);
#6408 = ORIENTED_EDGE('',*,*,#6409,.F.);
#6409 = EDGE_CURVE('',#2108,#3527,#6410,.T.);
#6410 = SEAM_CURVE('',#6411,(#6415,#6422),.PCURVE_S1.);
#6411 = LINE('',#6412,#6413);
#6412 = CARTESIAN_POINT('',(222.229595,-148.120229,4.6));
#6413 = VECTOR('',#6414,1.);
#6414 = DIRECTION('',(0.,0.,1.));
#6415 = PCURVE('',#2128,#6416);
#6416 = DEFINITIONAL_REPRESENTATION('',(#6417),#6421);
#6417 = LINE('',#6418,#6419);
#6418 = CARTESIAN_POINT('',(6.28318530718,-0.));
#6419 = VECTOR('',#6420,1.);
#6420 = DIRECTION('',(0.,1.));
#6421 = ( GEOMETRIC_REPRESENTATION_CONTEXT(2) 
PARAMETRIC_REPRESENTATION_CONTEXT() REPRESENTATION_CONTEXT('2D SPACE',''
  ) );
#6422 = PCURVE('',#2128,#6423);
#6423 = DEFINITIONAL_REPRESENTATION('',(#6424),#6428);
#6424 = LINE('',#6425,#6426);
#6425 = CARTESIAN_POINT('',(0.,-0.));
#6426 = VECTOR('',#6427,1.);
#6427 = DIRECTION('',(0.,1.));
#6428 = ( GEOMETRIC_REPRESENTATION_CONTEXT(2) 
PARAMETRIC_REPRESENTATION_CONTEXT() REPRESENTATION_CONTEXT('2D SPACE',''
  ) );
#6429 = ORIENTED_EDGE('',*,*,#2107,.T.);
#6430 = ORIENTED_EDGE('',*,*,#6409,.T.);
#6431 = ADVANCED_FACE('',(#6432),#2163,.T.);
#6432 = FACE_BOUND('',#6433,.T.);
#6433 = EDGE_LOOP('',(#6434,#6435,#6458,#6485));
#6434 = ORIENTED_EDGE('',*,*,#2142,.F.);
#6435 = ORIENTED_EDGE('',*,*,#6436,.F.);
#6436 = EDGE_CURVE('',#6437,#2143,#6439,.T.);
#6437 = VERTEX_POINT('',#6438);
#6438 = CARTESIAN_POINT('',(224.450699,-140.5476,0.));
#6439 = SEAM_CURVE('',#6440,(#6444,#6451),.PCURVE_S1.);
#6440 = LINE('',#6441,#6442);
#6441 = CARTESIAN_POINT('',(224.450699,-140.5476,0.));
#6442 = VECTOR('',#6443,1.);
#6443 = DIRECTION('',(0.,0.,1.));
#6444 = PCURVE('',#2163,#6445);
#6445 = DEFINITIONAL_REPRESENTATION('',(#6446),#6450);
#6446 = LINE('',#6447,#6448);
#6447 = CARTESIAN_POINT('',(6.28318530718,-0.));
#6448 = VECTOR('',#6449,1.);
#6449 = DIRECTION('',(0.,1.));
#6450 = ( GEOMETRIC_REPRESENTATION_CONTEXT(2) 
PARAMETRIC_REPRESENTATION_CONTEXT() REPRESENTATION_CONTEXT('2D SPACE',''
  ) );
#6451 = PCURVE('',#2163,#6452);
#6452 = DEFINITIONAL_REPRESENTATION('',(#6453),#6457);
#6453 = LINE('',#6454,#6455);
#6454 = CARTESIAN_POINT('',(0.,-0.));
#6455 = VECTOR('',#6456,1.);
#6456 = DIRECTION('',(0.,1.));
#6457 = ( GEOMETRIC_REPRESENTATION_CONTEXT(2) 
PARAMETRIC_REPRESENTATION_CONTEXT() REPRESENTATION_CONTEXT('2D SPACE',''
  ) );
#6458 = ORIENTED_EDGE('',*,*,#6459,.T.);
#6459 = EDGE_CURVE('',#6437,#6437,#6460,.T.);
#6460 = SURFACE_CURVE('',#6461,(#6466,#6473),.PCURVE_S1.);
#6461 = CIRCLE('',#6462,2.5);
#6462 = AXIS2_PLACEMENT_3D('',#6463,#6464,#6465);
#6463 = CARTESIAN_POINT('',(221.950699,-140.5476,0.));
#6464 = DIRECTION('',(0.,0.,1.));
#6465 = DIRECTION('',(1.,0.,-0.));
#6466 = PCURVE('',#2163,#6467);
#6467 = DEFINITIONAL_REPRESENTATION('',(#6468),#6472);
#6468 = LINE('',#6469,#6470);
#6469 = CARTESIAN_POINT('',(0.,0.));
#6470 = VECTOR('',#6471,1.);
#6471 = DIRECTION('',(1.,0.));
#6472 = ( GEOMETRIC_REPRESENTATION_CONTEXT(2) 
PARAMETRIC_REPRESENTATION_CONTEXT() REPRESENTATION_CONTEXT('2D SPACE',''
  ) );
#6473 = PCURVE('',#6474,#6479);
#6474 = PLANE('',#6475);
#6475 = AXIS2_PLACEMENT_3D('',#6476,#6477,#6478);
#6476 = CARTESIAN_POINT('',(221.950699,-140.5476,0.));
#6477 = DIRECTION('',(0.,0.,1.));
#6478 = DIRECTION('',(1.,0.,-0.));
#6479 = DEFINITIONAL_REPRESENTATION('',(#6480),#6484);
#6480 = CIRCLE('',#6481,2.5);
#6481 = AXIS2_PLACEMENT_2D('',#6482,#6483);
#6482 = CARTESIAN_POINT('',(0.,0.));
#6483 = DIRECTION('',(1.,0.));
#6484 = ( GEOMETRIC_REPRESENTATION_CONTEXT(2) 
PARAMETRIC_REPRESENTATION_CONTEXT() REPRESENTATION_CONTEXT('2D SPACE',''
  ) );
#6485 = ORIENTED_EDGE('',*,*,#6436,.T.);
#6486 = ADVANCED_FACE('',(#6487),#2198,.F.);
#6487 = FACE_BOUND('',#6488,.F.);
#6488 = EDGE_LOOP('',(#6489,#6490,#6511,#6512));
#6489 = ORIENTED_EDGE('',*,*,#3556,.F.);
#6490 = ORIENTED_EDGE('',*,*,#6491,.F.);
#6491 = EDGE_CURVE('',#2178,#3557,#6492,.T.);
#6492 = SEAM_CURVE('',#6493,(#6497,#6504),.PCURVE_S1.);
#6493 = LINE('',#6494,#6495);
#6494 = CARTESIAN_POINT('',(214.629595,-148.120229,4.6));
#6495 = VECTOR('',#6496,1.);
#6496 = DIRECTION('',(0.,0.,1.));
#6497 = PCURVE('',#2198,#6498);
#6498 = DEFINITIONAL_REPRESENTATION('',(#6499),#6503);
#6499 = LINE('',#6500,#6501);
#6500 = CARTESIAN_POINT('',(6.28318530718,-0.));
#6501 = VECTOR('',#6502,1.);
#6502 = DIRECTION('',(0.,1.));
#6503 = ( GEOMETRIC_REPRESENTATION_CONTEXT(2) 
PARAMETRIC_REPRESENTATION_CONTEXT() REPRESENTATION_CONTEXT('2D SPACE',''
  ) );
#6504 = PCURVE('',#2198,#6505);
#6505 = DEFINITIONAL_REPRESENTATION('',(#6506),#6510);
#6506 = LINE('',#6507,#6508);
#6507 = CARTESIAN_POINT('',(0.,-0.));
#6508 = VECTOR('',#6509,1.);
#6509 = DIRECTION('',(0.,1.));
#6510 = ( GEOMETRIC_REPRESENTATION_CONTEXT(2) 
PARAMETRIC_REPRESENTATION_CONTEXT() REPRESENTATION_CONTEXT('2D SPACE',''
  ) );
#6511 = ORIENTED_EDGE('',*,*,#2177,.T.);
#6512 = ORIENTED_EDGE('',*,*,#6491,.T.);
#6513 = ADVANCED_FACE('',(#6514),#2233,.F.);
#6514 = FACE_BOUND('',#6515,.F.);
#6515 = EDGE_LOOP('',(#6516,#6517,#6538,#6539));
#6516 = ORIENTED_EDGE('',*,*,#3586,.F.);
#6517 = ORIENTED_EDGE('',*,*,#6518,.F.);
#6518 = EDGE_CURVE('',#2213,#3587,#6519,.T.);
#6519 = SEAM_CURVE('',#6520,(#6524,#6531),.PCURVE_S1.);
#6520 = LINE('',#6521,#6522);
#6521 = CARTESIAN_POINT('',(207.029595,-148.120229,4.6));
#6522 = VECTOR('',#6523,1.);
#6523 = DIRECTION('',(0.,0.,1.));
#6524 = PCURVE('',#2233,#6525);
#6525 = DEFINITIONAL_REPRESENTATION('',(#6526),#6530);
#6526 = LINE('',#6527,#6528);
#6527 = CARTESIAN_POINT('',(6.28318530718,-0.));
#6528 = VECTOR('',#6529,1.);
#6529 = DIRECTION('',(0.,1.));
#6530 = ( GEOMETRIC_REPRESENTATION_CONTEXT(2) 
PARAMETRIC_REPRESENTATION_CONTEXT() REPRESENTATION_CONTEXT('2D SPACE',''
  ) );
#6531 = PCURVE('',#2233,#6532);
#6532 = DEFINITIONAL_REPRESENTATION('',(#6533),#6537);
#6533 = LINE('',#6534,#6535);
#6534 = CARTESIAN_POINT('',(0.,-0.));
#6535 = VECTOR('',#6536,1.);
#6536 = DIRECTION('',(0.,1.));
#6537 = ( GEOMETRIC_REPRESENTATION_CONTEXT(2) 
PARAMETRIC_REPRESENTATION_CONTEXT() REPRESENTATION_CONTEXT('2D SPACE',''
  ) );
#6538 = ORIENTED_EDGE('',*,*,#2212,.T.);
#6539 = ORIENTED_EDGE('',*,*,#6518,.T.);
#6540 = ADVANCED_FACE('',(#6541),#2268,.T.);
#6541 = FACE_BOUND('',#6542,.T.);
#6542 = EDGE_LOOP('',(#6543,#6544,#6567,#6594));
#6543 = ORIENTED_EDGE('',*,*,#2247,.F.);
#6544 = ORIENTED_EDGE('',*,*,#6545,.F.);
#6545 = EDGE_CURVE('',#6546,#2248,#6548,.T.);
#6546 = VERTEX_POINT('',#6547);
#6547 = CARTESIAN_POINT('',(225.8295947,-104.120229,0.));
#6548 = SEAM_CURVE('',#6549,(#6553,#6560),.PCURVE_S1.);
#6549 = LINE('',#6550,#6551);
#6550 = CARTESIAN_POINT('',(225.8295947,-104.120229,0.));
#6551 = VECTOR('',#6552,1.);
#6552 = DIRECTION('',(0.,0.,1.));
#6553 = PCURVE('',#2268,#6554);
#6554 = DEFINITIONAL_REPRESENTATION('',(#6555),#6559);
#6555 = LINE('',#6556,#6557);
#6556 = CARTESIAN_POINT('',(6.28318530718,-0.));
#6557 = VECTOR('',#6558,1.);
#6558 = DIRECTION('',(0.,1.));
#6559 = ( GEOMETRIC_REPRESENTATION_CONTEXT(2) 
PARAMETRIC_REPRESENTATION_CONTEXT() REPRESENTATION_CONTEXT('2D SPACE',''
  ) );
#6560 = PCURVE('',#2268,#6561);
#6561 = DEFINITIONAL_REPRESENTATION('',(#6562),#6566);
#6562 = LINE('',#6563,#6564);
#6563 = CARTESIAN_POINT('',(0.,-0.));
#6564 = VECTOR('',#6565,1.);
#6565 = DIRECTION('',(0.,1.));
#6566 = ( GEOMETRIC_REPRESENTATION_CONTEXT(2) 
PARAMETRIC_REPRESENTATION_CONTEXT() REPRESENTATION_CONTEXT('2D SPACE',''
  ) );
#6567 = ORIENTED_EDGE('',*,*,#6568,.T.);
#6568 = EDGE_CURVE('',#6546,#6546,#6569,.T.);
#6569 = SURFACE_CURVE('',#6570,(#6575,#6582),.PCURVE_S1.);
#6570 = CIRCLE('',#6571,1.5);
#6571 = AXIS2_PLACEMENT_3D('',#6572,#6573,#6574);
#6572 = CARTESIAN_POINT('',(224.3295947,-104.120229,0.));
#6573 = DIRECTION('',(0.,0.,1.));
#6574 = DIRECTION('',(1.,0.,-0.));
#6575 = PCURVE('',#2268,#6576);
#6576 = DEFINITIONAL_REPRESENTATION('',(#6577),#6581);
#6577 = LINE('',#6578,#6579);
#6578 = CARTESIAN_POINT('',(0.,0.));
#6579 = VECTOR('',#6580,1.);
#6580 = DIRECTION('',(1.,0.));
#6581 = ( GEOMETRIC_REPRESENTATION_CONTEXT(2) 
PARAMETRIC_REPRESENTATION_CONTEXT() REPRESENTATION_CONTEXT('2D SPACE',''
  ) );
#6582 = PCURVE('',#6583,#6588);
#6583 = PLANE('',#6584);
#6584 = AXIS2_PLACEMENT_3D('',#6585,#6586,#6587);
#6585 = CARTESIAN_POINT('',(224.3295947,-104.120229,0.));
#6586 = DIRECTION('',(0.,0.,1.));
#6587 = DIRECTION('',(1.,0.,-0.));
#6588 = DEFINITIONAL_REPRESENTATION('',(#6589),#6593);
#6589 = CIRCLE('',#6590,1.5);
#6590 = AXIS2_PLACEMENT_2D('',#6591,#6592);
#6591 = CARTESIAN_POINT('',(0.,0.));
#6592 = DIRECTION('',(1.,0.));
#6593 = ( GEOMETRIC_REPRESENTATION_CONTEXT(2) 
PARAMETRIC_REPRESENTATION_CONTEXT() REPRESENTATION_CONTEXT('2D SPACE',''
  ) );
#6594 = ORIENTED_EDGE('',*,*,#6545,.T.);
#6595 = ADVANCED_FACE('',(#6596),#3352,.T.);
#6596 = FACE_BOUND('',#6597,.T.);
#6597 = EDGE_LOOP('',(#6598,#6599,#6622,#6643));
#6598 = ORIENTED_EDGE('',*,*,#3893,.F.);
#6599 = ORIENTED_EDGE('',*,*,#6600,.F.);
#6600 = EDGE_CURVE('',#6601,#3866,#6603,.T.);
#6601 = VERTEX_POINT('',#6602);
#6602 = CARTESIAN_POINT('',(227.92283473555,-152.0468914719,2.5));
#6603 = SURFACE_CURVE('',#6604,(#6608,#6615),.PCURVE_S1.);
#6604 = LINE('',#6605,#6606);
#6605 = CARTESIAN_POINT('',(227.92283473555,-152.0468914719,2.5));
#6606 = VECTOR('',#6607,1.);
#6607 = DIRECTION('',(-0.297345595639,-0.954769918228,0.));
#6608 = PCURVE('',#3352,#6609);
#6609 = DEFINITIONAL_REPRESENTATION('',(#6610),#6614);
#6610 = LINE('',#6611,#6612);
#6611 = CARTESIAN_POINT('',(-0.,3.1));
#6612 = VECTOR('',#6613,1.);
#6613 = DIRECTION('',(1.,0.));
#6614 = ( GEOMETRIC_REPRESENTATION_CONTEXT(2) 
PARAMETRIC_REPRESENTATION_CONTEXT() REPRESENTATION_CONTEXT('2D SPACE',''
  ) );
#6615 = PCURVE('',#3881,#6616);
#6616 = DEFINITIONAL_REPRESENTATION('',(#6617),#6621);
#6617 = LINE('',#6618,#6619);
#6618 = CARTESIAN_POINT('',(-5.567618129319,-37.46254149865));
#6619 = VECTOR('',#6620,1.);
#6620 = DIRECTION('',(0.297345595639,-0.954769918228));
#6621 = ( GEOMETRIC_REPRESENTATION_CONTEXT(2) 
PARAMETRIC_REPRESENTATION_CONTEXT() REPRESENTATION_CONTEXT('2D SPACE',''
  ) );
#6622 = ORIENTED_EDGE('',*,*,#6623,.F.);
#6623 = EDGE_CURVE('',#3309,#6601,#6624,.T.);
#6624 = SURFACE_CURVE('',#6625,(#6629,#6636),.PCURVE_S1.);
#6625 = LINE('',#6626,#6627);
#6626 = CARTESIAN_POINT('',(227.92283473555,-152.0468914719,7.2));
#6627 = VECTOR('',#6628,1.);
#6628 = DIRECTION('',(0.,0.,-1.));
#6629 = PCURVE('',#3352,#6630);
#6630 = DEFINITIONAL_REPRESENTATION('',(#6631),#6635);
#6631 = LINE('',#6632,#6633);
#6632 = CARTESIAN_POINT('',(0.,-1.6));
#6633 = VECTOR('',#6634,1.);
#6634 = DIRECTION('',(-0.,1.));
#6635 = ( GEOMETRIC_REPRESENTATION_CONTEXT(2) 
PARAMETRIC_REPRESENTATION_CONTEXT() REPRESENTATION_CONTEXT('2D SPACE',''
  ) );
#6636 = PCURVE('',#3324,#6637);
#6637 = DEFINITIONAL_REPRESENTATION('',(#6638),#6642);
#6638 = LINE('',#6639,#6640);
#6639 = CARTESIAN_POINT('',(0.220610595397,-1.6));
#6640 = VECTOR('',#6641,1.);
#6641 = DIRECTION('',(-0.,1.));
#6642 = ( GEOMETRIC_REPRESENTATION_CONTEXT(2) 
PARAMETRIC_REPRESENTATION_CONTEXT() REPRESENTATION_CONTEXT('2D SPACE',''
  ) );
#6643 = ORIENTED_EDGE('',*,*,#3336,.T.);
#6644 = ADVANCED_FACE('',(#6645),#3324,.T.);
#6645 = FACE_BOUND('',#6646,.T.);
#6646 = EDGE_LOOP('',(#6647,#6648,#6671,#6692));
#6647 = ORIENTED_EDGE('',*,*,#6623,.T.);
#6648 = ORIENTED_EDGE('',*,*,#6649,.F.);
#6649 = EDGE_CURVE('',#6650,#6601,#6652,.T.);
#6650 = VERTEX_POINT('',#6651);
#6651 = CARTESIAN_POINT('',(227.96587372765,-151.8305198472,2.5));
#6652 = SURFACE_CURVE('',#6653,(#6657,#6664),.PCURVE_S1.);
#6653 = LINE('',#6654,#6655);
#6654 = CARTESIAN_POINT('',(227.96587372765,-151.8305198472,2.5));
#6655 = VECTOR('',#6656,1.);
#6656 = DIRECTION('',(-0.195090322016,-0.980785280403,0.));
#6657 = PCURVE('',#3324,#6658);
#6658 = DEFINITIONAL_REPRESENTATION('',(#6659),#6663);
#6659 = LINE('',#6660,#6661);
#6660 = CARTESIAN_POINT('',(-0.,3.1));
#6661 = VECTOR('',#6662,1.);
#6662 = DIRECTION('',(1.,0.));
#6663 = ( GEOMETRIC_REPRESENTATION_CONTEXT(2) 
PARAMETRIC_REPRESENTATION_CONTEXT() REPRESENTATION_CONTEXT('2D SPACE',''
  ) );
#6664 = PCURVE('',#3881,#6665);
#6665 = DEFINITIONAL_REPRESENTATION('',(#6666),#6670);
#6666 = LINE('',#6667,#6668);
#6667 = CARTESIAN_POINT('',(-5.610657121415,-37.24616987399));
#6668 = VECTOR('',#6669,1.);
#6669 = DIRECTION('',(0.195090322016,-0.980785280403));
#6670 = ( GEOMETRIC_REPRESENTATION_CONTEXT(2) 
PARAMETRIC_REPRESENTATION_CONTEXT() REPRESENTATION_CONTEXT('2D SPACE',''
  ) );
#6671 = ORIENTED_EDGE('',*,*,#6672,.F.);
#6672 = EDGE_CURVE('',#3281,#6650,#6673,.T.);
#6673 = SURFACE_CURVE('',#6674,(#6678,#6685),.PCURVE_S1.);
#6674 = LINE('',#6675,#6676);
#6675 = CARTESIAN_POINT('',(227.96587372765,-151.8305198472,7.2));
#6676 = VECTOR('',#6677,1.);
#6677 = DIRECTION('',(0.,0.,-1.));
#6678 = PCURVE('',#3324,#6679);
#6679 = DEFINITIONAL_REPRESENTATION('',(#6680),#6684);
#6680 = LINE('',#6681,#6682);
#6681 = CARTESIAN_POINT('',(0.,-1.6));
#6682 = VECTOR('',#6683,1.);
#6683 = DIRECTION('',(-0.,1.));
#6684 = ( GEOMETRIC_REPRESENTATION_CONTEXT(2) 
PARAMETRIC_REPRESENTATION_CONTEXT() REPRESENTATION_CONTEXT('2D SPACE',''
  ) );
#6685 = PCURVE('',#3296,#6686);
#6686 = DEFINITIONAL_REPRESENTATION('',(#6687),#6691);
#6687 = LINE('',#6688,#6689);
#6688 = CARTESIAN_POINT('',(0.390657511172,-1.6));
#6689 = VECTOR('',#6690,1.);
#6690 = DIRECTION('',(-0.,1.));
#6691 = ( GEOMETRIC_REPRESENTATION_CONTEXT(2) 
PARAMETRIC_REPRESENTATION_CONTEXT() REPRESENTATION_CONTEXT('2D SPACE',''
  ) );
#6692 = ORIENTED_EDGE('',*,*,#3308,.T.);
#6693 = ADVANCED_FACE('',(#6694),#3296,.T.);
#6694 = FACE_BOUND('',#6695,.T.);
#6695 = EDGE_LOOP('',(#6696,#6697,#6720,#6741));
#6696 = ORIENTED_EDGE('',*,*,#6672,.T.);
#6697 = ORIENTED_EDGE('',*,*,#6698,.F.);
#6698 = EDGE_CURVE('',#6699,#6650,#6701,.T.);
#6699 = VERTEX_POINT('',#6700);
#6700 = CARTESIAN_POINT('',(228.01416884868,-151.4428590776,2.5));
#6701 = SURFACE_CURVE('',#6702,(#6706,#6713),.PCURVE_S1.);
#6702 = LINE('',#6703,#6704);
#6703 = CARTESIAN_POINT('',(228.01416884868,-151.4428590776,2.5));
#6704 = VECTOR('',#6705,1.);
#6705 = DIRECTION('',(-0.12362522068,-0.992328980133,0.));
#6706 = PCURVE('',#3296,#6707);
#6707 = DEFINITIONAL_REPRESENTATION('',(#6708),#6712);
#6708 = LINE('',#6709,#6710);
#6709 = CARTESIAN_POINT('',(-0.,3.1));
#6710 = VECTOR('',#6711,1.);
#6711 = DIRECTION('',(1.,0.));
#6712 = ( GEOMETRIC_REPRESENTATION_CONTEXT(2) 
PARAMETRIC_REPRESENTATION_CONTEXT() REPRESENTATION_CONTEXT('2D SPACE',''
  ) );
#6713 = PCURVE('',#3881,#6714);
#6714 = DEFINITIONAL_REPRESENTATION('',(#6715),#6719);
#6715 = LINE('',#6716,#6717);
#6716 = CARTESIAN_POINT('',(-5.658952242444,-36.85850910435));
#6717 = VECTOR('',#6718,1.);
#6718 = DIRECTION('',(0.12362522068,-0.992328980133));
#6719 = ( GEOMETRIC_REPRESENTATION_CONTEXT(2) 
PARAMETRIC_REPRESENTATION_CONTEXT() REPRESENTATION_CONTEXT('2D SPACE',''
  ) );
#6720 = ORIENTED_EDGE('',*,*,#6721,.F.);
#6721 = EDGE_CURVE('',#3253,#6699,#6722,.T.);
#6722 = SURFACE_CURVE('',#6723,(#6727,#6734),.PCURVE_S1.);
#6723 = LINE('',#6724,#6725);
#6724 = CARTESIAN_POINT('',(228.01416884868,-151.4428590776,7.2));
#6725 = VECTOR('',#6726,1.);
#6726 = DIRECTION('',(0.,0.,-1.));
#6727 = PCURVE('',#3296,#6728);
#6728 = DEFINITIONAL_REPRESENTATION('',(#6729),#6733);
#6729 = LINE('',#6730,#6731);
#6730 = CARTESIAN_POINT('',(0.,-1.6));
#6731 = VECTOR('',#6732,1.);
#6732 = DIRECTION('',(-0.,1.));
#6733 = ( GEOMETRIC_REPRESENTATION_CONTEXT(2) 
PARAMETRIC_REPRESENTATION_CONTEXT() REPRESENTATION_CONTEXT('2D SPACE',''
  ) );
#6734 = PCURVE('',#3268,#6735);
#6735 = DEFINITIONAL_REPRESENTATION('',(#6736),#6740);
#6736 = LINE('',#6737,#6738);
#6737 = CARTESIAN_POINT('',(0.229872065863,-1.6));
#6738 = VECTOR('',#6739,1.);
#6739 = DIRECTION('',(-0.,1.));
#6740 = ( GEOMETRIC_REPRESENTATION_CONTEXT(2) 
PARAMETRIC_REPRESENTATION_CONTEXT() REPRESENTATION_CONTEXT('2D SPACE',''
  ) );
#6741 = ORIENTED_EDGE('',*,*,#3280,.T.);
#6742 = ADVANCED_FACE('',(#6743),#3268,.T.);
#6743 = FACE_BOUND('',#6744,.T.);
#6744 = EDGE_LOOP('',(#6745,#6746,#6769,#6790));
#6745 = ORIENTED_EDGE('',*,*,#6721,.T.);
#6746 = ORIENTED_EDGE('',*,*,#6747,.F.);
#6747 = EDGE_CURVE('',#6748,#6699,#6750,.T.);
#6748 = VERTEX_POINT('',#6749);
#6749 = CARTESIAN_POINT('',(228.02601007811,-151.2132921986,2.5));
#6750 = SURFACE_CURVE('',#6751,(#6755,#6762),.PCURVE_S1.);
#6751 = LINE('',#6752,#6753);
#6752 = CARTESIAN_POINT('',(228.02601007811,-151.2132921986,2.5));
#6753 = VECTOR('',#6754,1.);
#6754 = DIRECTION('',(-5.151225918544E-02,-0.998672362266,0.));
#6755 = PCURVE('',#3268,#6756);
#6756 = DEFINITIONAL_REPRESENTATION('',(#6757),#6761);
#6757 = LINE('',#6758,#6759);
#6758 = CARTESIAN_POINT('',(-0.,3.1));
#6759 = VECTOR('',#6760,1.);
#6760 = DIRECTION('',(1.,0.));
#6761 = ( GEOMETRIC_REPRESENTATION_CONTEXT(2) 
PARAMETRIC_REPRESENTATION_CONTEXT() REPRESENTATION_CONTEXT('2D SPACE',''
  ) );
#6762 = PCURVE('',#3881,#6763);
#6763 = DEFINITIONAL_REPRESENTATION('',(#6764),#6768);
#6764 = LINE('',#6765,#6766);
#6765 = CARTESIAN_POINT('',(-5.67079347188,-36.62894222531));
#6766 = VECTOR('',#6767,1.);
#6767 = DIRECTION('',(5.151225918544E-02,-0.998672362266));
#6768 = ( GEOMETRIC_REPRESENTATION_CONTEXT(2) 
PARAMETRIC_REPRESENTATION_CONTEXT() REPRESENTATION_CONTEXT('2D SPACE',''
  ) );
#6769 = ORIENTED_EDGE('',*,*,#6770,.F.);
#6770 = EDGE_CURVE('',#3225,#6748,#6771,.T.);
#6771 = SURFACE_CURVE('',#6772,(#6776,#6783),.PCURVE_S1.);
#6772 = LINE('',#6773,#6774);
#6773 = CARTESIAN_POINT('',(228.02601007811,-151.2132921986,7.2));
#6774 = VECTOR('',#6775,1.);
#6775 = DIRECTION('',(0.,0.,-1.));
#6776 = PCURVE('',#3268,#6777);
#6777 = DEFINITIONAL_REPRESENTATION('',(#6778),#6782);
#6778 = LINE('',#6779,#6780);
#6779 = CARTESIAN_POINT('',(0.,-1.6));
#6780 = VECTOR('',#6781,1.);
#6781 = DIRECTION('',(-0.,1.));
#6782 = ( GEOMETRIC_REPRESENTATION_CONTEXT(2) 
PARAMETRIC_REPRESENTATION_CONTEXT() REPRESENTATION_CONTEXT('2D SPACE',''
  ) );
#6783 = PCURVE('',#3240,#6784);
#6784 = DEFINITIONAL_REPRESENTATION('',(#6785),#6789);
#6785 = LINE('',#6786,#6787);
#6786 = CARTESIAN_POINT('',(10.92289362797,-1.6));
#6787 = VECTOR('',#6788,1.);
#6788 = DIRECTION('',(-0.,1.));
#6789 = ( GEOMETRIC_REPRESENTATION_CONTEXT(2) 
PARAMETRIC_REPRESENTATION_CONTEXT() REPRESENTATION_CONTEXT('2D SPACE',''
  ) );
#6790 = ORIENTED_EDGE('',*,*,#3252,.T.);
#6791 = ADVANCED_FACE('',(#6792),#3240,.T.);
#6792 = FACE_BOUND('',#6793,.T.);
#6793 = EDGE_LOOP('',(#6794,#6795,#6818,#6839));
#6794 = ORIENTED_EDGE('',*,*,#6770,.T.);
#6795 = ORIENTED_EDGE('',*,*,#6796,.F.);
#6796 = EDGE_CURVE('',#6797,#6748,#6799,.T.);
#6797 = VERTEX_POINT('',#6798);
#6798 = CARTESIAN_POINT('',(228.0295947,-140.2903991588,2.5));
#6799 = SURFACE_CURVE('',#6800,(#6804,#6811),.PCURVE_S1.);
#6800 = LINE('',#6801,#6802);
#6801 = CARTESIAN_POINT('',(228.0295947,-140.2903991588,2.5));
#6802 = VECTOR('',#6803,1.);
#6803 = DIRECTION('',(-3.281751158938E-04,-0.999999946151,0.));
#6804 = PCURVE('',#3240,#6805);
#6805 = DEFINITIONAL_REPRESENTATION('',(#6806),#6810);
#6806 = LINE('',#6807,#6808);
#6807 = CARTESIAN_POINT('',(-0.,3.1));
#6808 = VECTOR('',#6809,1.);
#6809 = DIRECTION('',(1.,0.));
#6810 = ( GEOMETRIC_REPRESENTATION_CONTEXT(2) 
PARAMETRIC_REPRESENTATION_CONTEXT() REPRESENTATION_CONTEXT('2D SPACE',''
  ) );
#6811 = PCURVE('',#3881,#6812);
#6812 = DEFINITIONAL_REPRESENTATION('',(#6813),#6817);
#6813 = LINE('',#6814,#6815);
#6814 = CARTESIAN_POINT('',(-5.674378093763,-25.70604918553));
#6815 = VECTOR('',#6816,1.);
#6816 = DIRECTION('',(3.281751158938E-04,-0.999999946151));
#6817 = ( GEOMETRIC_REPRESENTATION_CONTEXT(2) 
PARAMETRIC_REPRESENTATION_CONTEXT() REPRESENTATION_CONTEXT('2D SPACE',''
  ) );
#6818 = ORIENTED_EDGE('',*,*,#6819,.F.);
#6819 = EDGE_CURVE('',#3197,#6797,#6820,.T.);
#6820 = SURFACE_CURVE('',#6821,(#6825,#6832),.PCURVE_S1.);
#6821 = LINE('',#6822,#6823);
#6822 = CARTESIAN_POINT('',(228.0295947,-140.2903991588,7.2));
#6823 = VECTOR('',#6824,1.);
#6824 = DIRECTION('',(0.,0.,-1.));
#6825 = PCURVE('',#3240,#6826);
#6826 = DEFINITIONAL_REPRESENTATION('',(#6827),#6831);
#6827 = LINE('',#6828,#6829);
#6828 = CARTESIAN_POINT('',(0.,-1.6));
#6829 = VECTOR('',#6830,1.);
#6830 = DIRECTION('',(-0.,1.));
#6831 = ( GEOMETRIC_REPRESENTATION_CONTEXT(2) 
PARAMETRIC_REPRESENTATION_CONTEXT() REPRESENTATION_CONTEXT('2D SPACE',''
  ) );
#6832 = PCURVE('',#3212,#6833);
#6833 = DEFINITIONAL_REPRESENTATION('',(#6834),#6838);
#6834 = LINE('',#6835,#6836);
#6835 = CARTESIAN_POINT('',(0.376712114773,-1.6));
#6836 = VECTOR('',#6837,1.);
#6837 = DIRECTION('',(-0.,1.));
#6838 = ( GEOMETRIC_REPRESENTATION_CONTEXT(2) 
PARAMETRIC_REPRESENTATION_CONTEXT() REPRESENTATION_CONTEXT('2D SPACE',''
  ) );
#6839 = ORIENTED_EDGE('',*,*,#3224,.T.);
#6840 = ADVANCED_FACE('',(#6841),#3212,.T.);
#6841 = FACE_BOUND('',#6842,.T.);
#6842 = EDGE_LOOP('',(#6843,#6844,#6867,#6888));
#6843 = ORIENTED_EDGE('',*,*,#6819,.T.);
#6844 = ORIENTED_EDGE('',*,*,#6845,.F.);
#6845 = EDGE_CURVE('',#6846,#6797,#6848,.T.);
#6846 = VERTEX_POINT('',#6847);
#6847 = CARTESIAN_POINT('',(228.04311393442,-139.9139297076,2.5));
#6848 = SURFACE_CURVE('',#6849,(#6853,#6860),.PCURVE_S1.);
#6849 = LINE('',#6850,#6851);
#6850 = CARTESIAN_POINT('',(228.04311393442,-139.9139297076,2.5));
#6851 = VECTOR('',#6852,1.);
#6852 = DIRECTION('',(-3.588744267799E-02,-0.999355838257,0.));
#6853 = PCURVE('',#3212,#6854);
#6854 = DEFINITIONAL_REPRESENTATION('',(#6855),#6859);
#6855 = LINE('',#6856,#6857);
#6856 = CARTESIAN_POINT('',(-0.,3.1));
#6857 = VECTOR('',#6858,1.);
#6858 = DIRECTION('',(1.,0.));
#6859 = ( GEOMETRIC_REPRESENTATION_CONTEXT(2) 
PARAMETRIC_REPRESENTATION_CONTEXT() REPRESENTATION_CONTEXT('2D SPACE',''
  ) );
#6860 = PCURVE('',#3881,#6861);
#6861 = DEFINITIONAL_REPRESENTATION('',(#6862),#6866);
#6862 = LINE('',#6863,#6864);
#6863 = CARTESIAN_POINT('',(-5.687897328188,-25.32957973429));
#6864 = VECTOR('',#6865,1.);
#6865 = DIRECTION('',(3.588744267799E-02,-0.999355838257));
#6866 = ( GEOMETRIC_REPRESENTATION_CONTEXT(2) 
PARAMETRIC_REPRESENTATION_CONTEXT() REPRESENTATION_CONTEXT('2D SPACE',''
  ) );
#6867 = ORIENTED_EDGE('',*,*,#6868,.F.);
#6868 = EDGE_CURVE('',#3169,#6846,#6869,.T.);
#6869 = SURFACE_CURVE('',#6870,(#6874,#6881),.PCURVE_S1.);
#6870 = LINE('',#6871,#6872);
#6871 = CARTESIAN_POINT('',(228.04311393442,-139.9139297076,7.2));
#6872 = VECTOR('',#6873,1.);
#6873 = DIRECTION('',(0.,0.,-1.));
#6874 = PCURVE('',#3212,#6875);
#6875 = DEFINITIONAL_REPRESENTATION('',(#6876),#6880);
#6876 = LINE('',#6877,#6878);
#6877 = CARTESIAN_POINT('',(0.,-1.6));
#6878 = VECTOR('',#6879,1.);
#6879 = DIRECTION('',(-0.,1.));
#6880 = ( GEOMETRIC_REPRESENTATION_CONTEXT(2) 
PARAMETRIC_REPRESENTATION_CONTEXT() REPRESENTATION_CONTEXT('2D SPACE',''
  ) );
#6881 = PCURVE('',#3184,#6882);
#6882 = DEFINITIONAL_REPRESENTATION('',(#6883),#6887);
#6883 = LINE('',#6884,#6885);
#6884 = CARTESIAN_POINT('',(0.475171802537,-1.6));
#6885 = VECTOR('',#6886,1.);
#6886 = DIRECTION('',(-0.,1.));
#6887 = ( GEOMETRIC_REPRESENTATION_CONTEXT(2) 
PARAMETRIC_REPRESENTATION_CONTEXT() REPRESENTATION_CONTEXT('2D SPACE',''
  ) );
#6888 = ORIENTED_EDGE('',*,*,#3196,.T.);
#6889 = ADVANCED_FACE('',(#6890),#3184,.T.);
#6890 = FACE_BOUND('',#6891,.T.);
#6891 = EDGE_LOOP('',(#6892,#6893,#6916,#6937));
#6892 = ORIENTED_EDGE('',*,*,#6868,.T.);
#6893 = ORIENTED_EDGE('',*,*,#6894,.F.);
#6894 = EDGE_CURVE('',#6895,#6846,#6897,.T.);
#6895 = VERTEX_POINT('',#6896);
#6896 = CARTESIAN_POINT('',(228.0998329187,-139.4421551865,2.5));
#6897 = SURFACE_CURVE('',#6898,(#6902,#6909),.PCURVE_S1.);
#6898 = LINE('',#6899,#6900);
#6899 = CARTESIAN_POINT('',(228.0998329187,-139.4421551865,2.5));
#6900 = VECTOR('',#6901,1.);
#6901 = DIRECTION('',(-0.119365214811,-0.99285041446,0.));
#6902 = PCURVE('',#3184,#6903);
#6903 = DEFINITIONAL_REPRESENTATION('',(#6904),#6908);
#6904 = LINE('',#6905,#6906);
#6905 = CARTESIAN_POINT('',(-0.,3.1));
#6906 = VECTOR('',#6907,1.);
#6907 = DIRECTION('',(1.,0.));
#6908 = ( GEOMETRIC_REPRESENTATION_CONTEXT(2) 
PARAMETRIC_REPRESENTATION_CONTEXT() REPRESENTATION_CONTEXT('2D SPACE',''
  ) );
#6909 = PCURVE('',#3881,#6910);
#6910 = DEFINITIONAL_REPRESENTATION('',(#6911),#6915);
#6911 = LINE('',#6912,#6913);
#6912 = CARTESIAN_POINT('',(-5.744616312469,-24.8578052132));
#6913 = VECTOR('',#6914,1.);
#6914 = DIRECTION('',(0.119365214811,-0.99285041446));
#6915 = ( GEOMETRIC_REPRESENTATION_CONTEXT(2) 
PARAMETRIC_REPRESENTATION_CONTEXT() REPRESENTATION_CONTEXT('2D SPACE',''
  ) );
#6916 = ORIENTED_EDGE('',*,*,#6917,.F.);
#6917 = EDGE_CURVE('',#3141,#6895,#6918,.T.);
#6918 = SURFACE_CURVE('',#6919,(#6923,#6930),.PCURVE_S1.);
#6919 = LINE('',#6920,#6921);
#6920 = CARTESIAN_POINT('',(228.0998329187,-139.4421551865,7.2));
#6921 = VECTOR('',#6922,1.);
#6922 = DIRECTION('',(0.,0.,-1.));
#6923 = PCURVE('',#3184,#6924);
#6924 = DEFINITIONAL_REPRESENTATION('',(#6925),#6929);
#6925 = LINE('',#6926,#6927);
#6926 = CARTESIAN_POINT('',(0.,-1.6));
#6927 = VECTOR('',#6928,1.);
#6928 = DIRECTION('',(-0.,1.));
#6929 = ( GEOMETRIC_REPRESENTATION_CONTEXT(2) 
PARAMETRIC_REPRESENTATION_CONTEXT() REPRESENTATION_CONTEXT('2D SPACE',''
  ) );
#6930 = PCURVE('',#3156,#6931);
#6931 = DEFINITIONAL_REPRESENTATION('',(#6932),#6936);
#6932 = LINE('',#6933,#6934);
#6933 = CARTESIAN_POINT('',(0.475171802536,-1.6));
#6934 = VECTOR('',#6935,1.);
#6935 = DIRECTION('',(-0.,1.));
#6936 = ( GEOMETRIC_REPRESENTATION_CONTEXT(2) 
PARAMETRIC_REPRESENTATION_CONTEXT() REPRESENTATION_CONTEXT('2D SPACE',''
  ) );
#6937 = ORIENTED_EDGE('',*,*,#3168,.T.);
#6938 = ADVANCED_FACE('',(#6939),#3156,.T.);
#6939 = FACE_BOUND('',#6940,.T.);
#6940 = EDGE_LOOP('',(#6941,#6942,#6965,#6986));
#6941 = ORIENTED_EDGE('',*,*,#6917,.T.);
#6942 = ORIENTED_EDGE('',*,*,#6943,.F.);
#6943 = EDGE_CURVE('',#6944,#6895,#6946,.T.);
#6944 = VERTEX_POINT('',#6945);
#6945 = CARTESIAN_POINT('',(228.20138177853,-138.977961185,2.5));
#6946 = SURFACE_CURVE('',#6947,(#6951,#6958),.PCURVE_S1.);
#6947 = LINE('',#6948,#6949);
#6948 = CARTESIAN_POINT('',(228.20138177853,-138.977961185,2.5));
#6949 = VECTOR('',#6950,1.);
#6950 = DIRECTION('',(-0.213709776721,-0.976897195888,0.));
#6951 = PCURVE('',#3156,#6952);
#6952 = DEFINITIONAL_REPRESENTATION('',(#6953),#6957);
#6953 = LINE('',#6954,#6955);
#6954 = CARTESIAN_POINT('',(-0.,3.1));
#6955 = VECTOR('',#6956,1.);
#6956 = DIRECTION('',(1.,0.));
#6957 = ( GEOMETRIC_REPRESENTATION_CONTEXT(2) 
PARAMETRIC_REPRESENTATION_CONTEXT() REPRESENTATION_CONTEXT('2D SPACE',''
  ) );
#6958 = PCURVE('',#3881,#6959);
#6959 = DEFINITIONAL_REPRESENTATION('',(#6960),#6964);
#6960 = LINE('',#6961,#6962);
#6961 = CARTESIAN_POINT('',(-5.846165172294,-24.39361121174));
#6962 = VECTOR('',#6963,1.);
#6963 = DIRECTION('',(0.213709776721,-0.976897195888));
#6964 = ( GEOMETRIC_REPRESENTATION_CONTEXT(2) 
PARAMETRIC_REPRESENTATION_CONTEXT() REPRESENTATION_CONTEXT('2D SPACE',''
  ) );
#6965 = ORIENTED_EDGE('',*,*,#6966,.F.);
#6966 = EDGE_CURVE('',#3113,#6944,#6967,.T.);
#6967 = SURFACE_CURVE('',#6968,(#6972,#6979),.PCURVE_S1.);
#6968 = LINE('',#6969,#6970);
#6969 = CARTESIAN_POINT('',(228.20138177853,-138.977961185,7.2));
#6970 = VECTOR('',#6971,1.);
#6971 = DIRECTION('',(0.,0.,-1.));
#6972 = PCURVE('',#3156,#6973);
#6973 = DEFINITIONAL_REPRESENTATION('',(#6974),#6978);
#6974 = LINE('',#6975,#6976);
#6975 = CARTESIAN_POINT('',(0.,-1.6));
#6976 = VECTOR('',#6977,1.);
#6977 = DIRECTION('',(-0.,1.));
#6978 = ( GEOMETRIC_REPRESENTATION_CONTEXT(2) 
PARAMETRIC_REPRESENTATION_CONTEXT() REPRESENTATION_CONTEXT('2D SPACE',''
  ) );
#6979 = PCURVE('',#3128,#6980);
#6980 = DEFINITIONAL_REPRESENTATION('',(#6981),#6985);
#6981 = LINE('',#6982,#6983);
#6982 = CARTESIAN_POINT('',(0.344387586201,-1.6));
#6983 = VECTOR('',#6984,1.);
#6984 = DIRECTION('',(-0.,1.));
#6985 = ( GEOMETRIC_REPRESENTATION_CONTEXT(2) 
PARAMETRIC_REPRESENTATION_CONTEXT() REPRESENTATION_CONTEXT('2D SPACE',''
  ) );
#6986 = ORIENTED_EDGE('',*,*,#3140,.T.);
#6987 = ADVANCED_FACE('',(#6988),#3128,.T.);
#6988 = FACE_BOUND('',#6989,.T.);
#6989 = EDGE_LOOP('',(#6990,#6991,#7014,#7035));
#6990 = ORIENTED_EDGE('',*,*,#6966,.T.);
#6991 = ORIENTED_EDGE('',*,*,#6992,.F.);
#6992 = EDGE_CURVE('',#6993,#6944,#6995,.T.);
#6993 = VERTEX_POINT('',#6994);
#6994 = CARTESIAN_POINT('',(228.30286776254,-138.6488663589,2.5));
#6995 = SURFACE_CURVE('',#6996,(#7000,#7007),.PCURVE_S1.);
#6996 = LINE('',#6997,#6998);
#6997 = CARTESIAN_POINT('',(228.30286776254,-138.6488663589,2.5));
#6998 = VECTOR('',#6999,1.);
#6999 = DIRECTION('',(-0.294685372181,-0.955594334131,0.));
#7000 = PCURVE('',#3128,#7001);
#7001 = DEFINITIONAL_REPRESENTATION('',(#7002),#7006);
#7002 = LINE('',#7003,#7004);
#7003 = CARTESIAN_POINT('',(-0.,3.1));
#7004 = VECTOR('',#7005,1.);
#7005 = DIRECTION('',(1.,0.));
#7006 = ( GEOMETRIC_REPRESENTATION_CONTEXT(2) 
PARAMETRIC_REPRESENTATION_CONTEXT() REPRESENTATION_CONTEXT('2D SPACE',''
  ) );
#7007 = PCURVE('',#3881,#7008);
#7008 = DEFINITIONAL_REPRESENTATION('',(#7009),#7013);
#7009 = LINE('',#7010,#7011);
#7010 = CARTESIAN_POINT('',(-5.947651156308,-24.06451638562));
#7011 = VECTOR('',#7012,1.);
#7012 = DIRECTION('',(0.294685372181,-0.955594334131));
#7013 = ( GEOMETRIC_REPRESENTATION_CONTEXT(2) 
PARAMETRIC_REPRESENTATION_CONTEXT() REPRESENTATION_CONTEXT('2D SPACE',''
  ) );
#7014 = ORIENTED_EDGE('',*,*,#7015,.F.);
#7015 = EDGE_CURVE('',#3085,#6993,#7016,.T.);
#7016 = SURFACE_CURVE('',#7017,(#7021,#7028),.PCURVE_S1.);
#7017 = LINE('',#7018,#7019);
#7018 = CARTESIAN_POINT('',(228.30286776254,-138.6488663589,7.2));
#7019 = VECTOR('',#7020,1.);
#7020 = DIRECTION('',(0.,0.,-1.));
#7021 = PCURVE('',#3128,#7022);
#7022 = DEFINITIONAL_REPRESENTATION('',(#7023),#7027);
#7023 = LINE('',#7024,#7025);
#7024 = CARTESIAN_POINT('',(0.,-1.6));
#7025 = VECTOR('',#7026,1.);
#7026 = DIRECTION('',(-0.,1.));
#7027 = ( GEOMETRIC_REPRESENTATION_CONTEXT(2) 
PARAMETRIC_REPRESENTATION_CONTEXT() REPRESENTATION_CONTEXT('2D SPACE',''
  ) );
#7028 = PCURVE('',#3100,#7029);
#7029 = DEFINITIONAL_REPRESENTATION('',(#7030),#7034);
#7030 = LINE('',#7031,#7032);
#7031 = CARTESIAN_POINT('',(0.18886260813,-1.6));
#7032 = VECTOR('',#7033,1.);
#7033 = DIRECTION('',(-0.,1.));
#7034 = ( GEOMETRIC_REPRESENTATION_CONTEXT(2) 
PARAMETRIC_REPRESENTATION_CONTEXT() REPRESENTATION_CONTEXT('2D SPACE',''
  ) );
#7035 = ORIENTED_EDGE('',*,*,#3112,.T.);
#7036 = ADVANCED_FACE('',(#7037),#3100,.T.);
#7037 = FACE_BOUND('',#7038,.T.);
#7038 = EDGE_LOOP('',(#7039,#7040,#7063,#7084));
#7039 = ORIENTED_EDGE('',*,*,#7015,.T.);
#7040 = ORIENTED_EDGE('',*,*,#7041,.F.);
#7041 = EDGE_CURVE('',#7042,#6993,#7044,.T.);
#7042 = VERTEX_POINT('',#7043);
#7043 = CARTESIAN_POINT('',(228.36921382867,-138.4720407831,2.5));
#7044 = SURFACE_CURVE('',#7045,(#7049,#7056),.PCURVE_S1.);
#7045 = LINE('',#7046,#7047);
#7046 = CARTESIAN_POINT('',(228.36921382867,-138.4720407831,2.5));
#7047 = VECTOR('',#7048,1.);
#7048 = DIRECTION('',(-0.351292756086,-0.93626566717,0.));
#7049 = PCURVE('',#3100,#7050);
#7050 = DEFINITIONAL_REPRESENTATION('',(#7051),#7055);
#7051 = LINE('',#7052,#7053);
#7052 = CARTESIAN_POINT('',(-0.,3.1));
#7053 = VECTOR('',#7054,1.);
#7054 = DIRECTION('',(1.,0.));
#7055 = ( GEOMETRIC_REPRESENTATION_CONTEXT(2) 
PARAMETRIC_REPRESENTATION_CONTEXT() REPRESENTATION_CONTEXT('2D SPACE',''
  ) );
#7056 = PCURVE('',#3881,#7057);
#7057 = DEFINITIONAL_REPRESENTATION('',(#7058),#7062);
#7058 = LINE('',#7059,#7060);
#7059 = CARTESIAN_POINT('',(-6.013997222439,-23.88769080982));
#7060 = VECTOR('',#7061,1.);
#7061 = DIRECTION('',(0.351292756086,-0.93626566717));
#7062 = ( GEOMETRIC_REPRESENTATION_CONTEXT(2) 
PARAMETRIC_REPRESENTATION_CONTEXT() REPRESENTATION_CONTEXT('2D SPACE',''
  ) );
#7063 = ORIENTED_EDGE('',*,*,#7064,.F.);
#7064 = EDGE_CURVE('',#3057,#7042,#7065,.T.);
#7065 = SURFACE_CURVE('',#7066,(#7070,#7077),.PCURVE_S1.);
#7066 = LINE('',#7067,#7068);
#7067 = CARTESIAN_POINT('',(228.36921382867,-138.4720407831,7.2));
#7068 = VECTOR('',#7069,1.);
#7069 = DIRECTION('',(0.,0.,-1.));
#7070 = PCURVE('',#3100,#7071);
#7071 = DEFINITIONAL_REPRESENTATION('',(#7072),#7076);
#7072 = LINE('',#7073,#7074);
#7073 = CARTESIAN_POINT('',(0.,-1.6));
#7074 = VECTOR('',#7075,1.);
#7075 = DIRECTION('',(-0.,1.));
#7076 = ( GEOMETRIC_REPRESENTATION_CONTEXT(2) 
PARAMETRIC_REPRESENTATION_CONTEXT() REPRESENTATION_CONTEXT('2D SPACE',''
  ) );
#7077 = PCURVE('',#3072,#7078);
#7078 = DEFINITIONAL_REPRESENTATION('',(#7079),#7083);
#7079 = LINE('',#7080,#7081);
#7080 = CARTESIAN_POINT('',(0.804897854445,-1.6));
#7081 = VECTOR('',#7082,1.);
#7082 = DIRECTION('',(-0.,1.));
#7083 = ( GEOMETRIC_REPRESENTATION_CONTEXT(2) 
PARAMETRIC_REPRESENTATION_CONTEXT() REPRESENTATION_CONTEXT('2D SPACE',''
  ) );
#7084 = ORIENTED_EDGE('',*,*,#3084,.T.);
#7085 = ADVANCED_FACE('',(#7086),#3072,.T.);
#7086 = FACE_BOUND('',#7087,.T.);
#7087 = EDGE_LOOP('',(#7088,#7089,#7112,#7133));
#7088 = ORIENTED_EDGE('',*,*,#7064,.T.);
#7089 = ORIENTED_EDGE('',*,*,#7090,.F.);
#7090 = EDGE_CURVE('',#7091,#7042,#7093,.T.);
#7091 = VERTEX_POINT('',#7092);
#7092 = CARTESIAN_POINT('',(228.7011271379,-137.7387644973,2.5));
#7093 = SURFACE_CURVE('',#7094,(#7098,#7105),.PCURVE_S1.);
#7094 = LINE('',#7095,#7096);
#7095 = CARTESIAN_POINT('',(228.7011271379,-137.7387644973,2.5));
#7096 = VECTOR('',#7097,1.);
#7097 = DIRECTION('',(-0.412366994633,-0.911017816367,0.));
#7098 = PCURVE('',#3072,#7099);
#7099 = DEFINITIONAL_REPRESENTATION('',(#7100),#7104);
#7100 = LINE('',#7101,#7102);
#7101 = CARTESIAN_POINT('',(-0.,3.1));
#7102 = VECTOR('',#7103,1.);
#7103 = DIRECTION('',(1.,0.));
#7104 = ( GEOMETRIC_REPRESENTATION_CONTEXT(2) 
PARAMETRIC_REPRESENTATION_CONTEXT() REPRESENTATION_CONTEXT('2D SPACE',''
  ) );
#7105 = PCURVE('',#3881,#7106);
#7106 = DEFINITIONAL_REPRESENTATION('',(#7107),#7111);
#7107 = LINE('',#7108,#7109);
#7108 = CARTESIAN_POINT('',(-6.345910531663,-23.15441452406));
#7109 = VECTOR('',#7110,1.);
#7110 = DIRECTION('',(0.412366994633,-0.911017816367));
#7111 = ( GEOMETRIC_REPRESENTATION_CONTEXT(2) 
PARAMETRIC_REPRESENTATION_CONTEXT() REPRESENTATION_CONTEXT('2D SPACE',''
  ) );
#7112 = ORIENTED_EDGE('',*,*,#7113,.F.);
#7113 = EDGE_CURVE('',#3029,#7091,#7114,.T.);
#7114 = SURFACE_CURVE('',#7115,(#7119,#7126),.PCURVE_S1.);
#7115 = LINE('',#7116,#7117);
#7116 = CARTESIAN_POINT('',(228.7011271379,-137.7387644973,7.2));
#7117 = VECTOR('',#7118,1.);
#7118 = DIRECTION('',(0.,0.,-1.));
#7119 = PCURVE('',#3072,#7120);
#7120 = DEFINITIONAL_REPRESENTATION('',(#7121),#7125);
#7121 = LINE('',#7122,#7123);
#7122 = CARTESIAN_POINT('',(0.,-1.6));
#7123 = VECTOR('',#7124,1.);
#7124 = DIRECTION('',(-0.,1.));
#7125 = ( GEOMETRIC_REPRESENTATION_CONTEXT(2) 
PARAMETRIC_REPRESENTATION_CONTEXT() REPRESENTATION_CONTEXT('2D SPACE',''
  ) );
#7126 = PCURVE('',#3044,#7127);
#7127 = DEFINITIONAL_REPRESENTATION('',(#7128),#7132);
#7128 = LINE('',#7129,#7130);
#7129 = CARTESIAN_POINT('',(0.418269911423,-1.6));
#7130 = VECTOR('',#7131,1.);
#7131 = DIRECTION('',(-0.,1.));
#7132 = ( GEOMETRIC_REPRESENTATION_CONTEXT(2) 
PARAMETRIC_REPRESENTATION_CONTEXT() REPRESENTATION_CONTEXT('2D SPACE',''
  ) );
#7133 = ORIENTED_EDGE('',*,*,#3056,.T.);
#7134 = ADVANCED_FACE('',(#7135),#3044,.T.);
#7135 = FACE_BOUND('',#7136,.T.);
#7136 = EDGE_LOOP('',(#7137,#7138,#7161,#7182));
#7137 = ORIENTED_EDGE('',*,*,#7113,.T.);
#7138 = ORIENTED_EDGE('',*,*,#7139,.F.);
#7139 = EDGE_CURVE('',#7140,#7091,#7142,.T.);
#7140 = VERTEX_POINT('',#7141);
#7141 = CARTESIAN_POINT('',(228.84357441135,-137.345498057,2.5));
#7142 = SURFACE_CURVE('',#7143,(#7147,#7154),.PCURVE_S1.);
#7143 = LINE('',#7144,#7145);
#7144 = CARTESIAN_POINT('',(228.84357441135,-137.345498057,2.5));
#7145 = VECTOR('',#7146,1.);
#7146 = DIRECTION('',(-0.34056304211,-0.94022168362,0.));
#7147 = PCURVE('',#3044,#7148);
#7148 = DEFINITIONAL_REPRESENTATION('',(#7149),#7153);
#7149 = LINE('',#7150,#7151);
#7150 = CARTESIAN_POINT('',(-0.,3.1));
#7151 = VECTOR('',#7152,1.);
#7152 = DIRECTION('',(1.,0.));
#7153 = ( GEOMETRIC_REPRESENTATION_CONTEXT(2) 
PARAMETRIC_REPRESENTATION_CONTEXT() REPRESENTATION_CONTEXT('2D SPACE',''
  ) );
#7154 = PCURVE('',#3881,#7155);
#7155 = DEFINITIONAL_REPRESENTATION('',(#7156),#7160);
#7156 = LINE('',#7157,#7158);
#7157 = CARTESIAN_POINT('',(-6.48835780512,-22.76114808374));
#7158 = VECTOR('',#7159,1.);
#7159 = DIRECTION('',(0.34056304211,-0.94022168362));
#7160 = ( GEOMETRIC_REPRESENTATION_CONTEXT(2) 
PARAMETRIC_REPRESENTATION_CONTEXT() REPRESENTATION_CONTEXT('2D SPACE',''
  ) );
#7161 = ORIENTED_EDGE('',*,*,#7162,.F.);
#7162 = EDGE_CURVE('',#3001,#7140,#7163,.T.);
#7163 = SURFACE_CURVE('',#7164,(#7168,#7175),.PCURVE_S1.);
#7164 = LINE('',#7165,#7166);
#7165 = CARTESIAN_POINT('',(228.84357441135,-137.345498057,7.2));
#7166 = VECTOR('',#7167,1.);
#7167 = DIRECTION('',(0.,0.,-1.));
#7168 = PCURVE('',#3044,#7169);
#7169 = DEFINITIONAL_REPRESENTATION('',(#7170),#7174);
#7170 = LINE('',#7171,#7172);
#7171 = CARTESIAN_POINT('',(0.,-1.6));
#7172 = VECTOR('',#7173,1.);
#7173 = DIRECTION('',(-0.,1.));
#7174 = ( GEOMETRIC_REPRESENTATION_CONTEXT(2) 
PARAMETRIC_REPRESENTATION_CONTEXT() REPRESENTATION_CONTEXT('2D SPACE',''
  ) );
#7175 = PCURVE('',#3016,#7176);
#7176 = DEFINITIONAL_REPRESENTATION('',(#7177),#7181);
#7177 = LINE('',#7178,#7179);
#7178 = CARTESIAN_POINT('',(0.220610595396,-1.6));
#7179 = VECTOR('',#7180,1.);
#7180 = DIRECTION('',(-0.,1.));
#7181 = ( GEOMETRIC_REPRESENTATION_CONTEXT(2) 
PARAMETRIC_REPRESENTATION_CONTEXT() REPRESENTATION_CONTEXT('2D SPACE',''
  ) );
#7182 = ORIENTED_EDGE('',*,*,#3028,.T.);
#7183 = ADVANCED_FACE('',(#7184),#3016,.T.);
#7184 = FACE_BOUND('',#7185,.T.);
#7185 = EDGE_LOOP('',(#7186,#7187,#7210,#7231));
#7186 = ORIENTED_EDGE('',*,*,#7162,.T.);
#7187 = ORIENTED_EDGE('',*,*,#7188,.F.);
#7188 = EDGE_CURVE('',#7189,#7140,#7191,.T.);
#7189 = VERTEX_POINT('',#7190);
#7190 = CARTESIAN_POINT('',(228.90241407158,-137.1328788453,2.5));
#7191 = SURFACE_CURVE('',#7192,(#7196,#7203),.PCURVE_S1.);
#7192 = LINE('',#7193,#7194);
#7193 = CARTESIAN_POINT('',(228.90241407158,-137.1328788453,2.5));
#7194 = VECTOR('',#7195,1.);
#7195 = DIRECTION('',(-0.266712757475,-0.963776065795,0.));
#7196 = PCURVE('',#3016,#7197);
#7197 = DEFINITIONAL_REPRESENTATION('',(#7198),#7202);
#7198 = LINE('',#7199,#7200);
#7199 = CARTESIAN_POINT('',(-0.,3.1));
#7200 = VECTOR('',#7201,1.);
#7201 = DIRECTION('',(1.,0.));
#7202 = ( GEOMETRIC_REPRESENTATION_CONTEXT(2) 
PARAMETRIC_REPRESENTATION_CONTEXT() REPRESENTATION_CONTEXT('2D SPACE',''
  ) );
#7203 = PCURVE('',#3881,#7204);
#7204 = DEFINITIONAL_REPRESENTATION('',(#7205),#7209);
#7205 = LINE('',#7206,#7207);
#7206 = CARTESIAN_POINT('',(-6.547197465347,-22.54852887204));
#7207 = VECTOR('',#7208,1.);
#7208 = DIRECTION('',(0.266712757475,-0.963776065795));
#7209 = ( GEOMETRIC_REPRESENTATION_CONTEXT(2) 
PARAMETRIC_REPRESENTATION_CONTEXT() REPRESENTATION_CONTEXT('2D SPACE',''
  ) );
#7210 = ORIENTED_EDGE('',*,*,#7211,.F.);
#7211 = EDGE_CURVE('',#2973,#7189,#7212,.T.);
#7212 = SURFACE_CURVE('',#7213,(#7217,#7224),.PCURVE_S1.);
#7213 = LINE('',#7214,#7215);
#7214 = CARTESIAN_POINT('',(228.90241407158,-137.1328788453,7.2));
#7215 = VECTOR('',#7216,1.);
#7216 = DIRECTION('',(0.,0.,-1.));
#7217 = PCURVE('',#3016,#7218);
#7218 = DEFINITIONAL_REPRESENTATION('',(#7219),#7223);
#7219 = LINE('',#7220,#7221);
#7220 = CARTESIAN_POINT('',(0.,-1.6));
#7221 = VECTOR('',#7222,1.);
#7222 = DIRECTION('',(-0.,1.));
#7223 = ( GEOMETRIC_REPRESENTATION_CONTEXT(2) 
PARAMETRIC_REPRESENTATION_CONTEXT() REPRESENTATION_CONTEXT('2D SPACE',''
  ) );
#7224 = PCURVE('',#2988,#7225);
#7225 = DEFINITIONAL_REPRESENTATION('',(#7226),#7230);
#7226 = LINE('',#7227,#7228);
#7227 = CARTESIAN_POINT('',(0.430285165046,-1.6));
#7228 = VECTOR('',#7229,1.);
#7229 = DIRECTION('',(-0.,1.));
#7230 = ( GEOMETRIC_REPRESENTATION_CONTEXT(2) 
PARAMETRIC_REPRESENTATION_CONTEXT() REPRESENTATION_CONTEXT('2D SPACE',''
  ) );
#7231 = ORIENTED_EDGE('',*,*,#3000,.T.);
#7232 = ADVANCED_FACE('',(#7233),#2988,.T.);
#7233 = FACE_BOUND('',#7234,.T.);
#7234 = EDGE_LOOP('',(#7235,#7236,#7259,#7280));
#7235 = ORIENTED_EDGE('',*,*,#7211,.T.);
#7236 = ORIENTED_EDGE('',*,*,#7237,.F.);
#7237 = EDGE_CURVE('',#7238,#7189,#7240,.T.);
#7238 = VERTEX_POINT('',#7239);
#7239 = CARTESIAN_POINT('',(228.98376751294,-136.7103543598,2.5));
#7240 = SURFACE_CURVE('',#7241,(#7245,#7252),.PCURVE_S1.);
#7241 = LINE('',#7242,#7243);
#7242 = CARTESIAN_POINT('',(228.98376751294,-136.7103543598,2.5));
#7243 = VECTOR('',#7244,1.);
#7244 = DIRECTION('',(-0.18906866415,-0.98196386911,0.));
#7245 = PCURVE('',#2988,#7246);
#7246 = DEFINITIONAL_REPRESENTATION('',(#7247),#7251);
#7247 = LINE('',#7248,#7249);
#7248 = CARTESIAN_POINT('',(-0.,3.1));
#7249 = VECTOR('',#7250,1.);
#7250 = DIRECTION('',(1.,0.));
#7251 = ( GEOMETRIC_REPRESENTATION_CONTEXT(2) 
PARAMETRIC_REPRESENTATION_CONTEXT() REPRESENTATION_CONTEXT('2D SPACE',''
  ) );
#7252 = PCURVE('',#3881,#7253);
#7253 = DEFINITIONAL_REPRESENTATION('',(#7254),#7258);
#7254 = LINE('',#7255,#7256);
#7255 = CARTESIAN_POINT('',(-6.628550906705,-22.12600438655));
#7256 = VECTOR('',#7257,1.);
#7257 = DIRECTION('',(0.18906866415,-0.98196386911));
#7258 = ( GEOMETRIC_REPRESENTATION_CONTEXT(2) 
PARAMETRIC_REPRESENTATION_CONTEXT() REPRESENTATION_CONTEXT('2D SPACE',''
  ) );
#7259 = ORIENTED_EDGE('',*,*,#7260,.F.);
#7260 = EDGE_CURVE('',#2945,#7238,#7261,.T.);
#7261 = SURFACE_CURVE('',#7262,(#7266,#7273),.PCURVE_S1.);
#7262 = LINE('',#7263,#7264);
#7263 = CARTESIAN_POINT('',(228.98376751294,-136.7103543598,7.2));
#7264 = VECTOR('',#7265,1.);
#7265 = DIRECTION('',(0.,0.,-1.));
#7266 = PCURVE('',#2988,#7267);
#7267 = DEFINITIONAL_REPRESENTATION('',(#7268),#7272);
#7268 = LINE('',#7269,#7270);
#7269 = CARTESIAN_POINT('',(0.,-1.6));
#7270 = VECTOR('',#7271,1.);
#7271 = DIRECTION('',(-0.,1.));
#7272 = ( GEOMETRIC_REPRESENTATION_CONTEXT(2) 
PARAMETRIC_REPRESENTATION_CONTEXT() REPRESENTATION_CONTEXT('2D SPACE',''
  ) );
#7273 = PCURVE('',#2960,#7274);
#7274 = DEFINITIONAL_REPRESENTATION('',(#7275),#7279);
#7275 = LINE('',#7276,#7277);
#7276 = CARTESIAN_POINT('',(0.299176678029,-1.6));
#7277 = VECTOR('',#7278,1.);
#7278 = DIRECTION('',(-0.,1.));
#7279 = ( GEOMETRIC_REPRESENTATION_CONTEXT(2) 
PARAMETRIC_REPRESENTATION_CONTEXT() REPRESENTATION_CONTEXT('2D SPACE',''
  ) );
#7280 = ORIENTED_EDGE('',*,*,#2972,.T.);
#7281 = ADVANCED_FACE('',(#7282),#2960,.T.);
#7282 = FACE_BOUND('',#7283,.T.);
#7283 = EDGE_LOOP('',(#7284,#7285,#7308,#7329));
#7284 = ORIENTED_EDGE('',*,*,#7260,.T.);
#7285 = ORIENTED_EDGE('',*,*,#7286,.F.);
#7286 = EDGE_CURVE('',#7287,#7238,#7289,.T.);
#7287 = VERTEX_POINT('',#7288);
#7288 = CARTESIAN_POINT('',(229.01444239952,-136.4127544001,2.5));
#7289 = SURFACE_CURVE('',#7290,(#7294,#7301),.PCURVE_S1.);
#7290 = LINE('',#7291,#7292);
#7291 = CARTESIAN_POINT('',(229.01444239952,-136.4127544001,2.5));
#7292 = VECTOR('',#7293,1.);
#7293 = DIRECTION('',(-0.10253100871,-0.994729808668,0.));
#7294 = PCURVE('',#2960,#7295);
#7295 = DEFINITIONAL_REPRESENTATION('',(#7296),#7300);
#7296 = LINE('',#7297,#7298);
#7297 = CARTESIAN_POINT('',(-0.,3.1));
#7298 = VECTOR('',#7299,1.);
#7299 = DIRECTION('',(1.,0.));
#7300 = ( GEOMETRIC_REPRESENTATION_CONTEXT(2) 
PARAMETRIC_REPRESENTATION_CONTEXT() REPRESENTATION_CONTEXT('2D SPACE',''
  ) );
#7301 = PCURVE('',#3881,#7302);
#7302 = DEFINITIONAL_REPRESENTATION('',(#7303),#7307);
#7303 = LINE('',#7304,#7305);
#7304 = CARTESIAN_POINT('',(-6.659225793286,-21.82840442685));
#7305 = VECTOR('',#7306,1.);
#7306 = DIRECTION('',(0.10253100871,-0.994729808668));
#7307 = ( GEOMETRIC_REPRESENTATION_CONTEXT(2) 
PARAMETRIC_REPRESENTATION_CONTEXT() REPRESENTATION_CONTEXT('2D SPACE',''
  ) );
#7308 = ORIENTED_EDGE('',*,*,#7309,.F.);
#7309 = EDGE_CURVE('',#2917,#7287,#7310,.T.);
#7310 = SURFACE_CURVE('',#7311,(#7315,#7322),.PCURVE_S1.);
#7311 = LINE('',#7312,#7313);
#7312 = CARTESIAN_POINT('',(229.01444239952,-136.4127544001,7.2));
#7313 = VECTOR('',#7314,1.);
#7314 = DIRECTION('',(0.,0.,-1.));
#7315 = PCURVE('',#2960,#7316);
#7316 = DEFINITIONAL_REPRESENTATION('',(#7317),#7321);
#7317 = LINE('',#7318,#7319);
#7318 = CARTESIAN_POINT('',(0.,-1.6));
#7319 = VECTOR('',#7320,1.);
#7320 = DIRECTION('',(-0.,1.));
#7321 = ( GEOMETRIC_REPRESENTATION_CONTEXT(2) 
PARAMETRIC_REPRESENTATION_CONTEXT() REPRESENTATION_CONTEXT('2D SPACE',''
  ) );
#7322 = PCURVE('',#2932,#7323);
#7323 = DEFINITIONAL_REPRESENTATION('',(#7324),#7328);
#7324 = LINE('',#7325,#7326);
#7325 = CARTESIAN_POINT('',(1.100001954443,-1.6));
#7326 = VECTOR('',#7327,1.);
#7327 = DIRECTION('',(0.,1.));
#7328 = ( GEOMETRIC_REPRESENTATION_CONTEXT(2) 
PARAMETRIC_REPRESENTATION_CONTEXT() REPRESENTATION_CONTEXT('2D SPACE',''
  ) );
#7329 = ORIENTED_EDGE('',*,*,#2944,.T.);
#7330 = ADVANCED_FACE('',(#7331),#2932,.T.);
#7331 = FACE_BOUND('',#7332,.T.);
#7332 = EDGE_LOOP('',(#7333,#7334,#7357,#7378));
#7333 = ORIENTED_EDGE('',*,*,#7309,.T.);
#7334 = ORIENTED_EDGE('',*,*,#7335,.F.);
#7335 = EDGE_CURVE('',#7336,#7287,#7338,.T.);
#7336 = VERTEX_POINT('',#7337);
#7337 = CARTESIAN_POINT('',(230.11444435396,-136.4127544001,2.5));
#7338 = SURFACE_CURVE('',#7339,(#7343,#7350),.PCURVE_S1.);
#7339 = LINE('',#7340,#7341);
#7340 = CARTESIAN_POINT('',(230.11444435396,-136.4127544001,2.5));
#7341 = VECTOR('',#7342,1.);
#7342 = DIRECTION('',(-1.,0.,0.));
#7343 = PCURVE('',#2932,#7344);
#7344 = DEFINITIONAL_REPRESENTATION('',(#7345),#7349);
#7345 = LINE('',#7346,#7347);
#7346 = CARTESIAN_POINT('',(0.,3.1));
#7347 = VECTOR('',#7348,1.);
#7348 = DIRECTION('',(1.,0.));
#7349 = ( GEOMETRIC_REPRESENTATION_CONTEXT(2) 
PARAMETRIC_REPRESENTATION_CONTEXT() REPRESENTATION_CONTEXT('2D SPACE',''
  ) );
#7350 = PCURVE('',#3881,#7351);
#7351 = DEFINITIONAL_REPRESENTATION('',(#7352),#7356);
#7352 = LINE('',#7353,#7354);
#7353 = CARTESIAN_POINT('',(-7.75922774773,-21.82840442685));
#7354 = VECTOR('',#7355,1.);
#7355 = DIRECTION('',(1.,0.));
#7356 = ( GEOMETRIC_REPRESENTATION_CONTEXT(2) 
PARAMETRIC_REPRESENTATION_CONTEXT() REPRESENTATION_CONTEXT('2D SPACE',''
  ) );
#7357 = ORIENTED_EDGE('',*,*,#7358,.F.);
#7358 = EDGE_CURVE('',#2889,#7336,#7359,.T.);
#7359 = SURFACE_CURVE('',#7360,(#7364,#7371),.PCURVE_S1.);
#7360 = LINE('',#7361,#7362);
#7361 = CARTESIAN_POINT('',(230.11444435396,-136.4127544001,7.2));
#7362 = VECTOR('',#7363,1.);
#7363 = DIRECTION('',(0.,0.,-1.));
#7364 = PCURVE('',#2932,#7365);
#7365 = DEFINITIONAL_REPRESENTATION('',(#7366),#7370);
#7366 = LINE('',#7367,#7368);
#7367 = CARTESIAN_POINT('',(0.,-1.6));
#7368 = VECTOR('',#7369,1.);
#7369 = DIRECTION('',(0.,1.));
#7370 = ( GEOMETRIC_REPRESENTATION_CONTEXT(2) 
PARAMETRIC_REPRESENTATION_CONTEXT() REPRESENTATION_CONTEXT('2D SPACE',''
  ) );
#7371 = PCURVE('',#2904,#7372);
#7372 = DEFINITIONAL_REPRESENTATION('',(#7373),#7377);
#7373 = LINE('',#7374,#7375);
#7374 = CARTESIAN_POINT('',(41.29252530016,-1.6));
#7375 = VECTOR('',#7376,1.);
#7376 = DIRECTION('',(0.,1.));
#7377 = ( GEOMETRIC_REPRESENTATION_CONTEXT(2) 
PARAMETRIC_REPRESENTATION_CONTEXT() REPRESENTATION_CONTEXT('2D SPACE',''
  ) );
#7378 = ORIENTED_EDGE('',*,*,#2916,.T.);
#7379 = ADVANCED_FACE('',(#7380),#2904,.T.);
#7380 = FACE_BOUND('',#7381,.T.);
#7381 = EDGE_LOOP('',(#7382,#7383,#7406,#7427));
#7382 = ORIENTED_EDGE('',*,*,#7358,.T.);
#7383 = ORIENTED_EDGE('',*,*,#7384,.F.);
#7384 = EDGE_CURVE('',#7385,#7336,#7387,.T.);
#7385 = VERTEX_POINT('',#7386);
#7386 = CARTESIAN_POINT('',(230.11444435396,-95.1202291,2.5));
#7387 = SURFACE_CURVE('',#7388,(#7392,#7399),.PCURVE_S1.);
#7388 = LINE('',#7389,#7390);
#7389 = CARTESIAN_POINT('',(230.11444435396,-95.1202291,2.5));
#7390 = VECTOR('',#7391,1.);
#7391 = DIRECTION('',(0.,-1.,0.));
#7392 = PCURVE('',#2904,#7393);
#7393 = DEFINITIONAL_REPRESENTATION('',(#7394),#7398);
#7394 = LINE('',#7395,#7396);
#7395 = CARTESIAN_POINT('',(0.,3.1));
#7396 = VECTOR('',#7397,1.);
#7397 = DIRECTION('',(1.,0.));
#7398 = ( GEOMETRIC_REPRESENTATION_CONTEXT(2) 
PARAMETRIC_REPRESENTATION_CONTEXT() REPRESENTATION_CONTEXT('2D SPACE',''
  ) );
#7399 = PCURVE('',#3881,#7400);
#7400 = DEFINITIONAL_REPRESENTATION('',(#7401),#7405);
#7401 = LINE('',#7402,#7403);
#7402 = CARTESIAN_POINT('',(-7.75922774773,19.464120873303));
#7403 = VECTOR('',#7404,1.);
#7404 = DIRECTION('',(0.,-1.));
#7405 = ( GEOMETRIC_REPRESENTATION_CONTEXT(2) 
PARAMETRIC_REPRESENTATION_CONTEXT() REPRESENTATION_CONTEXT('2D SPACE',''
  ) );
#7406 = ORIENTED_EDGE('',*,*,#7407,.F.);
#7407 = EDGE_CURVE('',#2861,#7385,#7408,.T.);
#7408 = SURFACE_CURVE('',#7409,(#7413,#7420),.PCURVE_S1.);
#7409 = LINE('',#7410,#7411);
#7410 = CARTESIAN_POINT('',(230.11444435396,-95.1202291,7.2));
#7411 = VECTOR('',#7412,1.);
#7412 = DIRECTION('',(0.,0.,-1.));
#7413 = PCURVE('',#2904,#7414);
#7414 = DEFINITIONAL_REPRESENTATION('',(#7415),#7419);
#7415 = LINE('',#7416,#7417);
#7416 = CARTESIAN_POINT('',(0.,-1.6));
#7417 = VECTOR('',#7418,1.);
#7418 = DIRECTION('',(0.,1.));
#7419 = ( GEOMETRIC_REPRESENTATION_CONTEXT(2) 
PARAMETRIC_REPRESENTATION_CONTEXT() REPRESENTATION_CONTEXT('2D SPACE',''
  ) );
#7420 = PCURVE('',#2876,#7421);
#7421 = DEFINITIONAL_REPRESENTATION('',(#7422),#7426);
#7422 = LINE('',#7423,#7424);
#7423 = CARTESIAN_POINT('',(33.284849653967,-1.6));
#7424 = VECTOR('',#7425,1.);
#7425 = DIRECTION('',(0.,1.));
#7426 = ( GEOMETRIC_REPRESENTATION_CONTEXT(2) 
PARAMETRIC_REPRESENTATION_CONTEXT() REPRESENTATION_CONTEXT('2D SPACE',''
  ) );
#7427 = ORIENTED_EDGE('',*,*,#2888,.T.);
#7428 = ADVANCED_FACE('',(#7429),#2876,.T.);
#7429 = FACE_BOUND('',#7430,.T.);
#7430 = EDGE_LOOP('',(#7431,#7432,#7433,#7456,#7477,#7498,#7519,#7540));
#7431 = ORIENTED_EDGE('',*,*,#2860,.T.);
#7432 = ORIENTED_EDGE('',*,*,#7407,.T.);
#7433 = ORIENTED_EDGE('',*,*,#7434,.F.);
#7434 = EDGE_CURVE('',#7435,#7385,#7437,.T.);
#7435 = VERTEX_POINT('',#7436);
#7436 = CARTESIAN_POINT('',(224.629595,-95.1202291,2.5));
#7437 = SURFACE_CURVE('',#7438,(#7442,#7449),.PCURVE_S1.);
#7438 = LINE('',#7439,#7440);
#7439 = CARTESIAN_POINT('',(196.8295947,-95.1202291,2.5));
#7440 = VECTOR('',#7441,1.);
#7441 = DIRECTION('',(1.,0.,0.));
#7442 = PCURVE('',#2876,#7443);
#7443 = DEFINITIONAL_REPRESENTATION('',(#7444),#7448);
#7444 = LINE('',#7445,#7446);
#7445 = CARTESIAN_POINT('',(0.,3.1));
#7446 = VECTOR('',#7447,1.);
#7447 = DIRECTION('',(1.,0.));
#7448 = ( GEOMETRIC_REPRESENTATION_CONTEXT(2) 
PARAMETRIC_REPRESENTATION_CONTEXT() REPRESENTATION_CONTEXT('2D SPACE',''
  ) );
#7449 = PCURVE('',#3881,#7450);
#7450 = DEFINITIONAL_REPRESENTATION('',(#7451),#7455);
#7451 = LINE('',#7452,#7453);
#7452 = CARTESIAN_POINT('',(25.525621906237,19.464120873303));
#7453 = VECTOR('',#7454,1.);
#7454 = DIRECTION('',(-1.,0.));
#7455 = ( GEOMETRIC_REPRESENTATION_CONTEXT(2) 
PARAMETRIC_REPRESENTATION_CONTEXT() REPRESENTATION_CONTEXT('2D SPACE',''
  ) );
#7456 = ORIENTED_EDGE('',*,*,#7457,.F.);
#7457 = EDGE_CURVE('',#7458,#7435,#7460,.T.);
#7458 = VERTEX_POINT('',#7459);
#7459 = CARTESIAN_POINT('',(224.629595,-95.1202291,2.9));
#7460 = SURFACE_CURVE('',#7461,(#7465,#7471),.PCURVE_S1.);
#7461 = LINE('',#7462,#7463);
#7462 = CARTESIAN_POINT('',(224.629595,-95.1202291,2.25));
#7463 = VECTOR('',#7464,1.);
#7464 = DIRECTION('',(-0.,0.,-1.));
#7465 = PCURVE('',#2876,#7466);
#7466 = DEFINITIONAL_REPRESENTATION('',(#7467),#7470);
#7467 = B_SPLINE_CURVE_WITH_KNOTS('',1,(#7468,#7469),.UNSPECIFIED.,.F.,
  .F.,(2,2),(-0.65,-0.25),.PIECEWISE_BEZIER_KNOTS.);
#7468 = CARTESIAN_POINT('',(27.8000003,2.7));
#7469 = CARTESIAN_POINT('',(27.8000003,3.1));
#7470 = ( GEOMETRIC_REPRESENTATION_CONTEXT(2) 
PARAMETRIC_REPRESENTATION_CONTEXT() REPRESENTATION_CONTEXT('2D SPACE',''
  ) );
#7471 = PCURVE('',#5428,#7472);
#7472 = DEFINITIONAL_REPRESENTATION('',(#7473),#7476);
#7473 = B_SPLINE_CURVE_WITH_KNOTS('',1,(#7474,#7475),.UNSPECIFIED.,.F.,
  .F.,(2,2),(-0.65,-0.25),.PIECEWISE_BEZIER_KNOTS.);
#7474 = CARTESIAN_POINT('',(4.,-4.502370914125));
#7475 = CARTESIAN_POINT('',(3.6,-4.502370914125));
#7476 = ( GEOMETRIC_REPRESENTATION_CONTEXT(2) 
PARAMETRIC_REPRESENTATION_CONTEXT() REPRESENTATION_CONTEXT('2D SPACE',''
  ) );
#7477 = ORIENTED_EDGE('',*,*,#7478,.F.);
#7478 = EDGE_CURVE('',#7479,#7458,#7481,.T.);
#7479 = VERTEX_POINT('',#7480);
#7480 = CARTESIAN_POINT('',(216.629595,-95.1202291,2.9));
#7481 = SURFACE_CURVE('',#7482,(#7486,#7492),.PCURVE_S1.);
#7482 = LINE('',#7483,#7484);
#7483 = CARTESIAN_POINT('',(206.72959485,-95.1202291,2.9));
#7484 = VECTOR('',#7485,1.);
#7485 = DIRECTION('',(1.,0.,0.));
#7486 = PCURVE('',#2876,#7487);
#7487 = DEFINITIONAL_REPRESENTATION('',(#7488),#7491);
#7488 = B_SPLINE_CURVE_WITH_KNOTS('',1,(#7489,#7490),.UNSPECIFIED.,.F.,
  .F.,(2,2),(9.90000015,17.90000015),.PIECEWISE_BEZIER_KNOTS.);
#7489 = CARTESIAN_POINT('',(19.8000003,2.7));
#7490 = CARTESIAN_POINT('',(27.8000003,2.7));
#7491 = ( GEOMETRIC_REPRESENTATION_CONTEXT(2) 
PARAMETRIC_REPRESENTATION_CONTEXT() REPRESENTATION_CONTEXT('2D SPACE',''
  ) );
#7492 = PCURVE('',#5404,#7493);
#7493 = DEFINITIONAL_REPRESENTATION('',(#7494),#7497);
#7494 = B_SPLINE_CURVE_WITH_KNOTS('',1,(#7495,#7496),.UNSPECIFIED.,.F.,
  .F.,(2,2),(9.90000015,17.90000015),.PIECEWISE_BEZIER_KNOTS.);
#7495 = CARTESIAN_POINT('',(0.,4.502370914125));
#7496 = CARTESIAN_POINT('',(8.,4.502370914125));
#7497 = ( GEOMETRIC_REPRESENTATION_CONTEXT(2) 
PARAMETRIC_REPRESENTATION_CONTEXT() REPRESENTATION_CONTEXT('2D SPACE',''
  ) );
#7498 = ORIENTED_EDGE('',*,*,#7499,.T.);
#7499 = EDGE_CURVE('',#7479,#7500,#7502,.T.);
#7500 = VERTEX_POINT('',#7501);
#7501 = CARTESIAN_POINT('',(216.629595,-95.1202291,2.5));
#7502 = SURFACE_CURVE('',#7503,(#7507,#7513),.PCURVE_S1.);
#7503 = LINE('',#7504,#7505);
#7504 = CARTESIAN_POINT('',(216.629595,-95.1202291,2.25));
#7505 = VECTOR('',#7506,1.);
#7506 = DIRECTION('',(-0.,0.,-1.));
#7507 = PCURVE('',#2876,#7508);
#7508 = DEFINITIONAL_REPRESENTATION('',(#7509),#7512);
#7509 = B_SPLINE_CURVE_WITH_KNOTS('',1,(#7510,#7511),.UNSPECIFIED.,.F.,
  .F.,(2,2),(-0.65,-0.25),.PIECEWISE_BEZIER_KNOTS.);
#7510 = CARTESIAN_POINT('',(19.8000003,2.7));
#7511 = CARTESIAN_POINT('',(19.8000003,3.1));
#7512 = ( GEOMETRIC_REPRESENTATION_CONTEXT(2) 
PARAMETRIC_REPRESENTATION_CONTEXT() REPRESENTATION_CONTEXT('2D SPACE',''
  ) );
#7513 = PCURVE('',#5378,#7514);
#7514 = DEFINITIONAL_REPRESENTATION('',(#7515),#7518);
#7515 = B_SPLINE_CURVE_WITH_KNOTS('',1,(#7516,#7517),.UNSPECIFIED.,.F.,
  .F.,(2,2),(-0.65,-0.25),.PIECEWISE_BEZIER_KNOTS.);
#7516 = CARTESIAN_POINT('',(4.,-4.502370914125));
#7517 = CARTESIAN_POINT('',(3.6,-4.502370914125));
#7518 = ( GEOMETRIC_REPRESENTATION_CONTEXT(2) 
PARAMETRIC_REPRESENTATION_CONTEXT() REPRESENTATION_CONTEXT('2D SPACE',''
  ) );
#7519 = ORIENTED_EDGE('',*,*,#7520,.F.);
#7520 = EDGE_CURVE('',#5760,#7500,#7521,.T.);
#7521 = SURFACE_CURVE('',#7522,(#7526,#7533),.PCURVE_S1.);
#7522 = LINE('',#7523,#7524);
#7523 = CARTESIAN_POINT('',(196.8295947,-95.1202291,2.5));
#7524 = VECTOR('',#7525,1.);
#7525 = DIRECTION('',(1.,0.,0.));
#7526 = PCURVE('',#2876,#7527);
#7527 = DEFINITIONAL_REPRESENTATION('',(#7528),#7532);
#7528 = LINE('',#7529,#7530);
#7529 = CARTESIAN_POINT('',(0.,3.1));
#7530 = VECTOR('',#7531,1.);
#7531 = DIRECTION('',(1.,0.));
#7532 = ( GEOMETRIC_REPRESENTATION_CONTEXT(2) 
PARAMETRIC_REPRESENTATION_CONTEXT() REPRESENTATION_CONTEXT('2D SPACE',''
  ) );
#7533 = PCURVE('',#5351,#7534);
#7534 = DEFINITIONAL_REPRESENTATION('',(#7535),#7539);
#7535 = LINE('',#7536,#7537);
#7536 = CARTESIAN_POINT('',(25.525621906237,19.464120873303));
#7537 = VECTOR('',#7538,1.);
#7538 = DIRECTION('',(-1.,0.));
#7539 = ( GEOMETRIC_REPRESENTATION_CONTEXT(2) 
PARAMETRIC_REPRESENTATION_CONTEXT() REPRESENTATION_CONTEXT('2D SPACE',''
  ) );
#7540 = ORIENTED_EDGE('',*,*,#5759,.F.);
#7541 = ADVANCED_FACE('',(#7542),#3637,.F.);
#7542 = FACE_BOUND('',#7543,.F.);
#7543 = EDGE_LOOP('',(#7544,#7545,#7568,#7590));
#7544 = ORIENTED_EDGE('',*,*,#3616,.F.);
#7545 = ORIENTED_EDGE('',*,*,#7546,.F.);
#7546 = EDGE_CURVE('',#7547,#3617,#7549,.T.);
#7547 = VERTEX_POINT('',#7548);
#7548 = CARTESIAN_POINT('',(223.150699,-140.5476,0.));
#7549 = SEAM_CURVE('',#7550,(#7554,#7561),.PCURVE_S1.);
#7550 = LINE('',#7551,#7552);
#7551 = CARTESIAN_POINT('',(223.150699,-140.5476,-2.6));
#7552 = VECTOR('',#7553,1.);
#7553 = DIRECTION('',(0.,0.,1.));
#7554 = PCURVE('',#3637,#7555);
#7555 = DEFINITIONAL_REPRESENTATION('',(#7556),#7560);
#7556 = LINE('',#7557,#7558);
#7557 = CARTESIAN_POINT('',(6.28318530718,-0.));
#7558 = VECTOR('',#7559,1.);
#7559 = DIRECTION('',(0.,1.));
#7560 = ( GEOMETRIC_REPRESENTATION_CONTEXT(2) 
PARAMETRIC_REPRESENTATION_CONTEXT() REPRESENTATION_CONTEXT('2D SPACE',''
  ) );
#7561 = PCURVE('',#3637,#7562);
#7562 = DEFINITIONAL_REPRESENTATION('',(#7563),#7567);
#7563 = LINE('',#7564,#7565);
#7564 = CARTESIAN_POINT('',(0.,-0.));
#7565 = VECTOR('',#7566,1.);
#7566 = DIRECTION('',(0.,1.));
#7567 = ( GEOMETRIC_REPRESENTATION_CONTEXT(2) 
PARAMETRIC_REPRESENTATION_CONTEXT() REPRESENTATION_CONTEXT('2D SPACE',''
  ) );
#7568 = ORIENTED_EDGE('',*,*,#7569,.T.);
#7569 = EDGE_CURVE('',#7547,#7547,#7570,.T.);
#7570 = SURFACE_CURVE('',#7571,(#7576,#7583),.PCURVE_S1.);
#7571 = CIRCLE('',#7572,1.2);
#7572 = AXIS2_PLACEMENT_3D('',#7573,#7574,#7575);
#7573 = CARTESIAN_POINT('',(221.950699,-140.5476,0.));
#7574 = DIRECTION('',(0.,0.,1.));
#7575 = DIRECTION('',(1.,0.,-0.));
#7576 = PCURVE('',#3637,#7577);
#7577 = DEFINITIONAL_REPRESENTATION('',(#7578),#7582);
#7578 = LINE('',#7579,#7580);
#7579 = CARTESIAN_POINT('',(0.,2.6));
#7580 = VECTOR('',#7581,1.);
#7581 = DIRECTION('',(1.,0.));
#7582 = ( GEOMETRIC_REPRESENTATION_CONTEXT(2) 
PARAMETRIC_REPRESENTATION_CONTEXT() REPRESENTATION_CONTEXT('2D SPACE',''
  ) );
#7583 = PCURVE('',#6474,#7584);
#7584 = DEFINITIONAL_REPRESENTATION('',(#7585),#7589);
#7585 = CIRCLE('',#7586,1.2);
#7586 = AXIS2_PLACEMENT_2D('',#7587,#7588);
#7587 = CARTESIAN_POINT('',(0.,0.));
#7588 = DIRECTION('',(1.,0.));
#7589 = ( GEOMETRIC_REPRESENTATION_CONTEXT(2) 
PARAMETRIC_REPRESENTATION_CONTEXT() REPRESENTATION_CONTEXT('2D SPACE',''
  ) );
#7590 = ORIENTED_EDGE('',*,*,#7546,.T.);
#7591 = ADVANCED_FACE('',(#7592),#3953,.F.);
#7592 = FACE_BOUND('',#7593,.F.);
#7593 = EDGE_LOOP('',(#7594,#7595,#7596,#7597));
#7594 = ORIENTED_EDGE('',*,*,#3986,.F.);
#7595 = ORIENTED_EDGE('',*,*,#3938,.F.);
#7596 = ORIENTED_EDGE('',*,*,#4084,.T.);
#7597 = ORIENTED_EDGE('',*,*,#4060,.F.);
#7598 = ADVANCED_FACE('',(#7599),#3881,.T.);
#7599 = FACE_BOUND('',#7600,.T.);
#7600 = EDGE_LOOP('',(#7601,#7620,#7621,#7622,#7623,#7624,#7625,#7626,
    #7627,#7628,#7629,#7630,#7631,#7632,#7633,#7634,#7635,#7636,#7637,
    #7638,#7639,#7640,#7641,#7642,#7643,#7644,#7645,#7646,#7647,#7648,
    #7649,#7650,#7651,#7652,#7653,#7654,#7655,#7656,#7657,#7658,#7659,
    #7660,#7661,#7662,#7663));
#7601 = ORIENTED_EDGE('',*,*,#7602,.F.);
#7602 = EDGE_CURVE('',#7435,#5288,#7603,.T.);
#7603 = SURFACE_CURVE('',#7604,(#7608,#7614),.PCURVE_S1.);
#7604 = LINE('',#7605,#7606);
#7605 = CARTESIAN_POINT('',(224.629595,-107.1034749937,2.5));
#7606 = VECTOR('',#7607,1.);
#7607 = DIRECTION('',(0.,-1.,0.));
#7608 = PCURVE('',#3881,#7609);
#7609 = DEFINITIONAL_REPRESENTATION('',(#7610),#7613);
#7610 = B_SPLINE_CURVE_WITH_KNOTS('',1,(#7611,#7612),.UNSPECIFIED.,.F.,
  .F.,(2,2),(-11.98324589371,-7.480874979589),.PIECEWISE_BEZIER_KNOTS.);
#7611 = CARTESIAN_POINT('',(-2.274378393763,19.464120873303));
#7612 = CARTESIAN_POINT('',(-2.274378393763,14.961749959178));
#7613 = ( GEOMETRIC_REPRESENTATION_CONTEXT(2) 
PARAMETRIC_REPRESENTATION_CONTEXT() REPRESENTATION_CONTEXT('2D SPACE',''
  ) );
#7614 = PCURVE('',#5428,#7615);
#7615 = DEFINITIONAL_REPRESENTATION('',(#7616),#7619);
#7616 = B_SPLINE_CURVE_WITH_KNOTS('',1,(#7617,#7618),.UNSPECIFIED.,.F.,
  .F.,(2,2),(-11.98324589371,-7.480874979589),.PIECEWISE_BEZIER_KNOTS.);
#7617 = CARTESIAN_POINT('',(3.6,-4.502370914125));
#7618 = CARTESIAN_POINT('',(3.6,0.));
#7619 = ( GEOMETRIC_REPRESENTATION_CONTEXT(2) 
PARAMETRIC_REPRESENTATION_CONTEXT() REPRESENTATION_CONTEXT('2D SPACE',''
  ) );
#7620 = ORIENTED_EDGE('',*,*,#7434,.T.);
#7621 = ORIENTED_EDGE('',*,*,#7384,.T.);
#7622 = ORIENTED_EDGE('',*,*,#7335,.T.);
#7623 = ORIENTED_EDGE('',*,*,#7286,.T.);
#7624 = ORIENTED_EDGE('',*,*,#7237,.T.);
#7625 = ORIENTED_EDGE('',*,*,#7188,.T.);
#7626 = ORIENTED_EDGE('',*,*,#7139,.T.);
#7627 = ORIENTED_EDGE('',*,*,#7090,.T.);
#7628 = ORIENTED_EDGE('',*,*,#7041,.T.);
#7629 = ORIENTED_EDGE('',*,*,#6992,.T.);
#7630 = ORIENTED_EDGE('',*,*,#6943,.T.);
#7631 = ORIENTED_EDGE('',*,*,#6894,.T.);
#7632 = ORIENTED_EDGE('',*,*,#6845,.T.);
#7633 = ORIENTED_EDGE('',*,*,#6796,.T.);
#7634 = ORIENTED_EDGE('',*,*,#6747,.T.);
#7635 = ORIENTED_EDGE('',*,*,#6698,.T.);
#7636 = ORIENTED_EDGE('',*,*,#6649,.T.);
#7637 = ORIENTED_EDGE('',*,*,#6600,.T.);
#7638 = ORIENTED_EDGE('',*,*,#3865,.T.);
#7639 = ORIENTED_EDGE('',*,*,#4111,.T.);
#7640 = ORIENTED_EDGE('',*,*,#4160,.T.);
#7641 = ORIENTED_EDGE('',*,*,#4209,.T.);
#7642 = ORIENTED_EDGE('',*,*,#4258,.T.);
#7643 = ORIENTED_EDGE('',*,*,#4307,.T.);
#7644 = ORIENTED_EDGE('',*,*,#4356,.T.);
#7645 = ORIENTED_EDGE('',*,*,#4405,.T.);
#7646 = ORIENTED_EDGE('',*,*,#4454,.T.);
#7647 = ORIENTED_EDGE('',*,*,#4503,.T.);
#7648 = ORIENTED_EDGE('',*,*,#4552,.T.);
#7649 = ORIENTED_EDGE('',*,*,#4601,.T.);
#7650 = ORIENTED_EDGE('',*,*,#4650,.T.);
#7651 = ORIENTED_EDGE('',*,*,#4699,.T.);
#7652 = ORIENTED_EDGE('',*,*,#4748,.T.);
#7653 = ORIENTED_EDGE('',*,*,#4797,.T.);
#7654 = ORIENTED_EDGE('',*,*,#4846,.T.);
#7655 = ORIENTED_EDGE('',*,*,#4895,.T.);
#7656 = ORIENTED_EDGE('',*,*,#4944,.T.);
#7657 = ORIENTED_EDGE('',*,*,#4993,.T.);
#7658 = ORIENTED_EDGE('',*,*,#5042,.T.);
#7659 = ORIENTED_EDGE('',*,*,#5091,.T.);
#7660 = ORIENTED_EDGE('',*,*,#5140,.T.);
#7661 = ORIENTED_EDGE('',*,*,#5189,.T.);
#7662 = ORIENTED_EDGE('',*,*,#5238,.T.);
#7663 = ORIENTED_EDGE('',*,*,#5287,.T.);
#7664 = ADVANCED_FACE('',(#7665),#5428,.F.);
#7665 = FACE_BOUND('',#7666,.F.);
#7666 = EDGE_LOOP('',(#7667,#7688,#7689,#7690));
#7667 = ORIENTED_EDGE('',*,*,#7668,.F.);
#7668 = EDGE_CURVE('',#5390,#7458,#7669,.T.);
#7669 = SURFACE_CURVE('',#7670,(#7674,#7681),.PCURVE_S1.);
#7670 = LINE('',#7671,#7672);
#7671 = CARTESIAN_POINT('',(224.629595,-99.62260001412,2.9));
#7672 = VECTOR('',#7673,1.);
#7673 = DIRECTION('',(-0.,1.,0.));
#7674 = PCURVE('',#5428,#7675);
#7675 = DEFINITIONAL_REPRESENTATION('',(#7676),#7680);
#7676 = LINE('',#7677,#7678);
#7677 = CARTESIAN_POINT('',(4.,0.));
#7678 = VECTOR('',#7679,1.);
#7679 = DIRECTION('',(0.,-1.));
#7680 = ( GEOMETRIC_REPRESENTATION_CONTEXT(2) 
PARAMETRIC_REPRESENTATION_CONTEXT() REPRESENTATION_CONTEXT('2D SPACE',''
  ) );
#7681 = PCURVE('',#5404,#7682);
#7682 = DEFINITIONAL_REPRESENTATION('',(#7683),#7687);
#7683 = LINE('',#7684,#7685);
#7684 = CARTESIAN_POINT('',(8.,0.));
#7685 = VECTOR('',#7686,1.);
#7686 = DIRECTION('',(0.,1.));
#7687 = ( GEOMETRIC_REPRESENTATION_CONTEXT(2) 
PARAMETRIC_REPRESENTATION_CONTEXT() REPRESENTATION_CONTEXT('2D SPACE',''
  ) );
#7688 = ORIENTED_EDGE('',*,*,#5415,.F.);
#7689 = ORIENTED_EDGE('',*,*,#7602,.F.);
#7690 = ORIENTED_EDGE('',*,*,#7457,.F.);
#7691 = ADVANCED_FACE('',(#7692),#5404,.F.);
#7692 = FACE_BOUND('',#7693,.F.);
#7693 = EDGE_LOOP('',(#7694,#7715,#7716,#7717));
#7694 = ORIENTED_EDGE('',*,*,#7695,.F.);
#7695 = EDGE_CURVE('',#5364,#7479,#7696,.T.);
#7696 = SURFACE_CURVE('',#7697,(#7701,#7708),.PCURVE_S1.);
#7697 = LINE('',#7698,#7699);
#7698 = CARTESIAN_POINT('',(216.629595,-99.62260001412,2.9));
#7699 = VECTOR('',#7700,1.);
#7700 = DIRECTION('',(-0.,1.,0.));
#7701 = PCURVE('',#5404,#7702);
#7702 = DEFINITIONAL_REPRESENTATION('',(#7703),#7707);
#7703 = LINE('',#7704,#7705);
#7704 = CARTESIAN_POINT('',(0.,0.));
#7705 = VECTOR('',#7706,1.);
#7706 = DIRECTION('',(0.,1.));
#7707 = ( GEOMETRIC_REPRESENTATION_CONTEXT(2) 
PARAMETRIC_REPRESENTATION_CONTEXT() REPRESENTATION_CONTEXT('2D SPACE',''
  ) );
#7708 = PCURVE('',#5378,#7709);
#7709 = DEFINITIONAL_REPRESENTATION('',(#7710),#7714);
#7710 = LINE('',#7711,#7712);
#7711 = CARTESIAN_POINT('',(4.,0.));
#7712 = VECTOR('',#7713,1.);
#7713 = DIRECTION('',(0.,-1.));
#7714 = ( GEOMETRIC_REPRESENTATION_CONTEXT(2) 
PARAMETRIC_REPRESENTATION_CONTEXT() REPRESENTATION_CONTEXT('2D SPACE',''
  ) );
#7715 = ORIENTED_EDGE('',*,*,#5389,.F.);
#7716 = ORIENTED_EDGE('',*,*,#7668,.T.);
#7717 = ORIENTED_EDGE('',*,*,#7478,.F.);
#7718 = ADVANCED_FACE('',(#7719),#5378,.T.);
#7719 = FACE_BOUND('',#7720,.T.);
#7720 = EDGE_LOOP('',(#7721,#7722,#7723,#7742));
#7721 = ORIENTED_EDGE('',*,*,#7695,.F.);
#7722 = ORIENTED_EDGE('',*,*,#5363,.F.);
#7723 = ORIENTED_EDGE('',*,*,#7724,.F.);
#7724 = EDGE_CURVE('',#7500,#5336,#7725,.T.);
#7725 = SURFACE_CURVE('',#7726,(#7730,#7736),.PCURVE_S1.);
#7726 = LINE('',#7727,#7728);
#7727 = CARTESIAN_POINT('',(216.629595,-107.1034749937,2.5));
#7728 = VECTOR('',#7729,1.);
#7729 = DIRECTION('',(0.,-1.,0.));
#7730 = PCURVE('',#5378,#7731);
#7731 = DEFINITIONAL_REPRESENTATION('',(#7732),#7735);
#7732 = B_SPLINE_CURVE_WITH_KNOTS('',1,(#7733,#7734),.UNSPECIFIED.,.F.,
  .F.,(2,2),(-11.98324589371,-7.480874979589),.PIECEWISE_BEZIER_KNOTS.);
#7733 = CARTESIAN_POINT('',(3.6,-4.502370914125));
#7734 = CARTESIAN_POINT('',(3.6,0.));
#7735 = ( GEOMETRIC_REPRESENTATION_CONTEXT(2) 
PARAMETRIC_REPRESENTATION_CONTEXT() REPRESENTATION_CONTEXT('2D SPACE',''
  ) );
#7736 = PCURVE('',#5351,#7737);
#7737 = DEFINITIONAL_REPRESENTATION('',(#7738),#7741);
#7738 = B_SPLINE_CURVE_WITH_KNOTS('',1,(#7739,#7740),.UNSPECIFIED.,.F.,
  .F.,(2,2),(-11.98324589371,-7.480874979589),.PIECEWISE_BEZIER_KNOTS.);
#7739 = CARTESIAN_POINT('',(5.725621606237,19.464120873303));
#7740 = CARTESIAN_POINT('',(5.725621606237,14.961749959178));
#7741 = ( GEOMETRIC_REPRESENTATION_CONTEXT(2) 
PARAMETRIC_REPRESENTATION_CONTEXT() REPRESENTATION_CONTEXT('2D SPACE',''
  ) );
#7742 = ORIENTED_EDGE('',*,*,#7499,.F.);
#7743 = ADVANCED_FACE('',(#7744),#5351,.T.);
#7744 = FACE_BOUND('',#7745,.T.);
#7745 = EDGE_LOOP('',(#7746,#7747,#7748,#7749,#7750,#7751,#7752,#7753,
    #7754,#7755));
#7746 = ORIENTED_EDGE('',*,*,#5782,.T.);
#7747 = ORIENTED_EDGE('',*,*,#7520,.T.);
#7748 = ORIENTED_EDGE('',*,*,#7724,.T.);
#7749 = ORIENTED_EDGE('',*,*,#5335,.T.);
#7750 = ORIENTED_EDGE('',*,*,#5442,.T.);
#7751 = ORIENTED_EDGE('',*,*,#5491,.T.);
#7752 = ORIENTED_EDGE('',*,*,#5540,.T.);
#7753 = ORIENTED_EDGE('',*,*,#5589,.T.);
#7754 = ORIENTED_EDGE('',*,*,#5638,.T.);
#7755 = ORIENTED_EDGE('',*,*,#5687,.T.);
#7756 = ADVANCED_FACE('',(#7757,#7760),#6474,.F.);
#7757 = FACE_BOUND('',#7758,.F.);
#7758 = EDGE_LOOP('',(#7759));
#7759 = ORIENTED_EDGE('',*,*,#6459,.T.);
#7760 = FACE_BOUND('',#7761,.F.);
#7761 = EDGE_LOOP('',(#7762));
#7762 = ORIENTED_EDGE('',*,*,#7569,.F.);
#7763 = ADVANCED_FACE('',(#7764),#6583,.F.);
#7764 = FACE_BOUND('',#7765,.T.);
#7765 = EDGE_LOOP('',(#7766));
#7766 = ORIENTED_EDGE('',*,*,#6568,.F.);
#7767 = ( GEOMETRIC_REPRESENTATION_CONTEXT(3) 
GLOBAL_UNCERTAINTY_ASSIGNED_CONTEXT((#7771)) 
GLOBAL_UNIT_ASSIGNED_CONTEXT((#7768,#7769,#7770)) REPRESENTATION_CONTEXT
('Context #1','3D Context with UNIT and UNCERTAINTY') );
#7768 = ( LENGTH_UNIT() NAMED_UNIT(*) SI_UNIT(.MILLI.,.METRE.) );
#7769 = ( NAMED_UNIT(*) PLANE_ANGLE_UNIT() SI_UNIT($,.RADIAN.) );
#7770 = ( NAMED_UNIT(*) SI_UNIT($,.STERADIAN.) SOLID_ANGLE_UNIT() );
#7771 = UNCERTAINTY_MEASURE_WITH_UNIT(LENGTH_MEASURE(2.E-07),#7768,
  'distance_accuracy_value','confusion accuracy');
#7772 = CONTEXT_DEPENDENT_SHAPE_REPRESENTATION(#7773,#7775);
#7773 = ( REPRESENTATION_RELATIONSHIP('','',#32,#10) 
REPRESENTATION_RELATIONSHIP_WITH_TRANSFORMATION(#7774) 
SHAPE_REPRESENTATION_RELATIONSHIP() );
#7774 = ITEM_DEFINED_TRANSFORMATION('','',#11,#15);
#7775 = PRODUCT_DEFINITION_SHAPE('Placement','Placement of an item',
  #7776);
#7776 = NEXT_ASSEMBLY_USAGE_OCCURRENCE('1','=>[0:1:1:2]','',#5,#27,$);
#7777 = PRODUCT_RELATED_PRODUCT_CATEGORY('part',$,(#29));
ENDSEC;
END-ISO-10303-21;
